url,label,url_length,path_length,subdomain_count,is_https,domain_length,has_hyphen,digit_count
https://managesafety.zem.gjb.mybluehost.me/,1,43,1,3,1,34,0,0
https://pure-wallet-label.blogspot.com/2025/07/support-operations-within-system.html,1,84,46,1,1,30,1,6
https://blueconcept.ae/wp-includes/tiop/radiumsumit-latest.php,1,62,40,0,1,14,0,0
https://66d1184a457a7352d91f3481--chipper-starship-d94fe6.netlify.app/,1,70,1,1,1,61,1,22
https://www-thediamondempirellc-com.filesusr.com/html/6e9af7_0718f4c1f665c570eddeb03b695c3872.html,1,98,50,1,1,40,1,24
https://claim.usualrewards.sbs/?naps,1,36,1,1,1,22,0,0
https://jviawf.academicking.shop/,1,33,1,1,1,24,0,0
http://policy-violation-5619310608.smokepit.co.uk/,1,50,1,2,0,42,1,10
https://hrgesfwwadf.web.app/,1,28,1,1,1,19,0,0
https://docs.google.com/presentation/d/1Ty56b01LOFMF7iP3XPLCvS1WtCpC9KZ1-jYbzTDbfm0/pub?start=false&amp;loop=false&amp;delayms=3000&amp;slide=id.p,1,146,64,1,1,15,0,15
https://instagrammelogin.blogspot.com/?m=1,1,42,1,1,1,29,0,1
https://www.chess.com/library/collections/can-i-withdraw-money-instantly-from-robinhood-38yQpFGTG,1,97,76,1,1,13,0,2
https://en---apps--phantome-com--auth.webflow.io/,1,49,1,1,1,40,1,0
http://idverifychase-secure.com,1,31,0,0,0,24,1,0
https://canva.highlevelcrafters.com/,1,36,1,1,1,27,0,0
https://72766wq22412.webflow.io/,1,32,1,1,1,23,0,10
https://f6d768ab-0d51-46f2-8f7d-9367c315be2f-00-46c9h5ne04fg.riker.replit.dev/,1,78,1,2,1,69,1,28
https://dmeh.aecmqfzq.shop/,1,27,1,1,1,18,0,0
https://jhjjhjhgj.weebly.com,1,28,0,1,1,20,0,0
https://f0xejf-tq.myshopify.com/,1,32,1,1,1,23,1,1
http://pornofilmova.top/,1,24,1,0,0,16,0,0
https://cloudflare-ipfs.com/ipfs/bafybeidrtlywhi2uz3wuzrrme3ar3xe5barjqgzfa2hz3gvgviy7obedvu/alldomains%20%281%29.html,1,118,91,0,1,19,1,15
https://coiinbeexxtension.webflow.io/,1,37,1,1,1,28,0,0
https://l.ead.me/bfITZG,1,23,7,1,1,8,0,0
https://tslrq.com/cv/s/a,1,24,7,0,1,9,0,0
https://forum-trezor.github.io/,1,31,1,1,1,22,1,0
https://att-mail-service-101809.weeblysite.com/,1,47,1,1,1,38,1,6
https://gwvm.hkwirwholesale.shop/,1,33,1,1,1,24,0,0
https://booking.confirmation-id8295.com/g4WRPVSVW0F2,1,52,13,1,1,31,1,7
https://help-chr-metamask.gitbook.io/us,1,39,3,1,1,28,1,0
https://helpledgerliveload.webflow.io/,1,38,1,1,1,29,0,0
https://jojobt-mobil-adresi.com/,1,32,1,0,1,23,1,0
http://www.gptcomercio.co,1,25,0,1,0,18,0,0
https://xvujbn.aheadmusic.shop/,1,31,1,1,1,22,0,0
https://ledger--logen-helps.webflow.io/,1,39,1,1,1,30,1,0
https://printerval.com/perrier-drink-long-sleeves-p993643813,1,60,38,0,1,14,0,9
https://linkpha-mv2.vercel.app/login/signonSetup.php,1,52,22,1,1,22,1,1
http://katanamecha.my.id/2/,1,27,3,1,0,17,0,1
https://docs.google.com/drawings/d/1_2YTX0v_0aRuL19OC5E4O12hpFiO4TIgYy4Fh_vqTv8/edit,1,84,61,1,1,15,0,13
http://b319cfe9.personaltraineraaron.com/?eef54&id=goethalsyves.be,1,66,1,1,0,33,0,6
https://user-confirmation.fanpages-improve365823.com/4764056672,1,63,11,1,1,44,1,16
https://docs.google.com/presentation/d/e/2PACX-1vT76hm1sytvYNbs9bTENhY0hxb7RfE0dVnxJ6Kk0mLTwL9_wtpro4uCuXIpBV50YJhxo0gIzjYPp81Y/pub?start=false&amp;loop=false&amp;delayms=3000,1,175,108,1,1,15,0,22
https://logins0fficelnboxx.titanpavennent.com/believe=,1,54,9,1,1,37,0,1
https://q-r.to/bfHZMf,1,21,7,0,1,6,1,0
https://booking.confirmation-id7842.com/61AKGDYI8,1,49,10,1,1,31,1,7
https://qucklbdt.com/gkpwOXus7NnxDO14Mf,1,39,19,0,1,12,0,3
https://havenscreditunion.com/home/payments,1,43,14,0,1,21,0,0
https://trexurloginein.gitbook.io/us,1,36,3,1,1,25,0,0
https://gateway.lighthouse.storage/ipfs/bafkreidpqldkzj5qsxy6cdhgcbqwrfibgrtnoiatuhjw6yneajsf4punoq,1,99,65,1,1,26,0,4
https://learn-chrome-metmuisk.gitbook.io/us,1,43,3,1,1,32,1,0
https://zen-hellman.67-23-166-125.plesk.page/popdiouef--ypiufkoojmmiue/casimiro--_--yvamovsky/sean-paolo/dimitri--__--erikoo/poimeur--__--plimaire/zammer--__--dimitri/,1,167,123,2,1,36,1,10
https://lintasbabel.com/OR/Sites/index.html,1,43,20,0,1,15,0,0
https://d32fgx.webwave.dev/,1,27,1,1,1,18,0,2
http://moseleyfishbaronline.com/,1,32,1,0,0,24,0,0
https://docs.google.com/presentation/d/e/2PACX-1vR26vJ9dQEAU7kRO4RE0V51pMEFYG6M7Km-ubZMyk-xNnAumD8VX6oq_HB1_Gs7h_6mUOIOK8y8JQUS/pub?start=false&loop=false&delayms=3000&slide=id.p,1,178,108,1,1,15,0,23
https://docs.google.com/presentation/d/1Qnn5HP65-gVzfINx4tDdXgRlTetgZnuM60qb4xRDZew,1,83,60,1,1,15,0,8
https://docs.google.com/presentation/d/e/2PACX-1vT07QaRLiu2DfVw7cH_7EfNQftX4eIrqhuIuJQNMgBFfOwpHrItcWWeyAk5feuLp5OIL2GiIim3yBAQ/pub?start=false&amp;loop=false&amp;delayms=3000,1,175,108,1,1,15,0,16
http://pub-0c062afe82544962aee957f640f2ca2d.r2.dev/index.html,1,61,11,1,0,43,1,21
https://mondial-suivi-reprogrammation.com/?naps,1,47,1,0,1,33,1,0
https://star-girl-100787.weeblysite.com/,1,40,1,1,1,31,1,6
http://vivekint.in/Webmail/60/Webmail/webmail.php,1,49,31,0,0,11,0,2
https://accvrtf-mnages019.tivinalili.com.br/?vrazil=&visitorId=68897797aa91306164243b43,1,87,1,2,1,35,1,24
https://treeziorlogin.webflow.io/,1,33,1,1,1,24,0,0
https://www.heebat.cn/,1,22,1,1,1,13,0,0
https://gipostas.com/zq9lh0usz/index.html,1,41,21,0,1,12,0,2
https://ledg-livdownladi.gitbook.io/us,1,38,3,1,1,27,1,0
https://david-active5860.pages.dev/help/contact/157272270063867,1,63,29,1,1,26,1,19
https://help-metkstension.gitbook.io/usa,1,40,4,1,1,28,1,0
https://auto-notify-page.cfd/contract/292953433229,1,50,22,0,1,20,1,12
https://aruba-auth-g976650.codeanyapp.com/aruba-it/login.php,1,60,19,1,1,33,1,6
https://shophomebd.com/plala/sso.login/login2.php,1,49,27,0,1,14,0,1
https://sso-uphold-com----cdn-auth.webflow.io/,1,46,1,1,1,37,1,0
https://iolkamerawogil.info/?naps,1,33,1,0,1,19,0,0
https://mundocarters.com.br/,1,28,1,1,1,19,0,0
http://it-corner.co.uk/id,1,25,3,1,0,15,1,0
https://metimasklogins.gitbook.io/us,1,36,3,1,1,25,0,0
https://voiceconfirmation.cloudfilesbureau.com/ESLOK/,1,53,7,1,1,38,0,0
https://home-104529.weeblysite.com/,1,35,1,1,1,26,1,6
https://bafkreiatokz2syu2wyuuyzsogzoua4xlg326mv2vmqkxnyk75gaqms4beq.ipfs.dweb.link/,1,83,1,2,1,74,0,10
https://btcmarketslogihub.webflow.io/,1,37,1,1,1,28,0,0
https://iptvel.com/0tc3dv2dijstzw/?cost=0.063&currency=usd&external_id=P3pkfmR4enBwfmR4fX16f3x4ZHl4IzB_eTM_PXAwKj5wei0ncDEqcCF_I30o&creative_id=3619749&ad_campaign_id=22087333&source=wooden-slight-tension-rotating-pool&campaign_name=ROI&publisher_id=illegal-slight-tension,1,272,16,0,1,10,0,34
https://volny-109555.weeblysite.com/,1,36,1,1,1,27,1,6
https://free-verified-badge.github.io/23/help.html,1,50,13,1,1,29,1,2
https://docs.google.com/presentation/d/e/2PACX-1vTl9klg2FPV_EeUoruan0vbn_LSpxDk5lalY7frmbyZcNV-IaPVuGTj8XMJQdVFTSvkILZb2G4l0DUD/pub?start=false&loop=false&delayms=3000&slide=id.p%3E,1,181,108,1,1,15,0,16
http://skr.rs/zfsa,1,18,5,0,0,6,0,0
https://coinbsqextensuna.gitbook.io/us,1,38,3,1,1,27,0,0
https://docs.google.com/presentation/d/1xSTFaFPGwvSoYr_vGzjwQWk6S--twdK4A178h1jNWYM/pub?start=false&amp;loop=false&amp;delayms=3000,1,131,64,1,1,15,0,11
https://plasticsurgerybooks.com/?product=2023-live-surgery-open-rhinoplasty-course-with-enrico-robotti-md-rib-grafting-in-secondary-rhinoplasty-from-a-to-z-2-volume-video-series,1,177,1,0,1,23,0,5
https://cpccivil.com.au/guntup/,1,31,8,1,1,15,0,0
http://business.reviewsecurity-instagaccount.com/,1,49,1,1,0,41,1,0
https://verify-page-manage.cfd/contract/Snowears_WinterSport,1,60,30,0,1,22,1,0
https://exodeswallet-io.webflow.io,1,34,0,1,1,26,1,0
https://docs.google.com/drawings/d/1js8DZNkdjBmMg1ctr8sLWHNDiEDi6ZECye4SaZ_N1u8/edit,1,84,61,1,1,15,0,8
https://meta.supportlivefanpage.us/community-standard/index.php,1,63,29,1,1,26,0,0
https://entypo-epistrofis-chrimaton.firebaseapp.com/,1,52,1,1,1,43,1,0
https://danidc171819.wixsite.com/my-site-1,1,42,10,1,1,24,0,7
https://auh820.com,1,18,0,0,1,10,0,3
https://henglib.github.io/boostapcss/,1,37,12,1,1,17,0,0
https://mention-case.com/,1,25,1,0,1,16,1,0
https://sbrh.pussypast.shop/,1,28,1,1,1,19,0,0
https://gheedfhj.weebly.com/,1,28,1,1,1,19,0,0
https://login-yaho.weebly.com/,1,30,1,1,1,21,1,0
https://negbfc.nycscience.shop/,1,31,1,1,1,22,0,0
https://gycfh.dsvuxworld.shop/,1,30,1,1,1,21,0,0
https://facebook.shengjinshu.com/signup,1,39,7,1,1,24,0,0
https://docs.google.com/drawings/d/1DsCRI_BEyGKS6a7-4fg7ztGIbJzDZQNQ3Oixm9BD0eA,1,79,56,1,1,15,0,8
https://5fgfgfffg4g4gh4.blogspot.com/,1,37,1,1,1,28,0,4
https://wallet.connect-shield.sbs/restore/explore/sync.html,1,59,26,1,1,25,1,0
http://site9610157.92.webydo.com/,1,33,1,2,0,25,0,9
https://kukinlogee.gitbook.io/us,1,32,3,1,1,21,0,0
https://metamaskext-org--chrome.gitbook.io/us,1,45,3,1,1,34,1,0
https://meta.com-case5173251.com/help/contact/39894554945604%2CN/A%2Chttps%3A/openphish.com/feed.txt%2C29-Sep-24%2CHigh%2CMedium,1,128,96,1,1,24,1,31
https://app-metmasklogo.gitbook.io/us,1,37,3,1,1,26,1,0
https://activate.voucher-reserve.com/18423437,1,45,9,1,1,28,1,8
http://ledgerlivesecure.com,1,27,0,0,0,20,0,0
https://center-active-business.boats/contract/100064190137264,1,61,25,0,1,28,1,15
https://home-106065.weeblysite.com/,1,35,1,1,1,26,1,6
https://id-182736.com/?naps,1,27,1,0,1,13,1,6
https://jesse1jazzflix.dpdns.org/login?c_ds_na=text%2Fhtml%2Capplication%2Fxhtml%2Bxml%2Capplication%2Fxml%3Bq%3D0.9%2Cimage%2Favif%2Cimage%2Fwebp%2Cimage%2Fapng%2C%2A%2F%2A%3Bq%3D0.8%2Capplication%2Fsigned-exchange%3Bv%3Db3%3Bq%3D0.7&c_ds_no=Z6QnwjPvj9HxuUhFqBs7b5UlejF8VVzydLqjF2aTFK,1,285,6,1,1,24,0,40
https://start--en-trezrre.gitbook.io/us,1,39,3,1,1,28,1,0
https://scurbroadbandworldbt.studio.site/,1,41,1,1,1,32,0,0
https://rebrand.ly/skate8,1,25,7,0,1,10,0,1
https://pub-93b37b986a054a60aec60e9c043e26b9.r2.dev/secure_response.html,1,72,21,1,1,43,1,22
https://sbbcheckit.com/fr,1,25,3,0,1,14,0,0
http://us-usps-gioxosa.com/us,1,29,3,0,0,19,1,0
https://account.overview-information-business.com/assets/images/accesson.php,1,76,27,1,1,41,1,0
https://metafaceb00kchecking018.vercel.app/,1,43,1,1,1,34,0,5
https://metamisklognin.gitbook.io/us,1,36,3,1,1,25,0,0
https://share-eu1.hsforms.com/1esOC2tmzR0y_vWqarb8VJg2eycj5,1,59,30,1,1,21,1,7
https://violate37750429291.contactus-reviewinstag.com/uadmin/plugins/core/jabber/composer_components/xmpp/vendor/phpunit/phpunit/tests/Regression/GitHub/1570/Issue1570Test.php,1,175,122,1,1,45,1,19
http://t.co/2A1gMQEhPc,1,22,11,0,0,4,0,2
https://yahoo-mail-109528.weeblysite.com/,1,41,1,1,1,32,1,6
https://groupafrica3whatapp.lawyersvideoservice.com/saking-akeh-taman/makeber-margi-sareng-tua-27857.html,1,105,54,1,1,43,0,6
https://secretary-local-git-main-uid6850134.vercel.app/hhkruu.html,1,66,12,1,1,46,1,7
https://fes.jobsms.shop/,1,24,1,1,1,15,0,0
https://ipfs.io/ipfs/bafkreidpxlwwpcnhmleauzngaarjcifz2dboegdkfagl56jztbjv2lgzja#ZGwuaHJfdmFjY2luZXNAd3V4aWJpb2xvZ2ljcy5jb20=,1,125,65,0,1,7,0,12
https://kukioonxlogin.webflow.io/,1,33,1,1,1,24,0,0
https://notificationstelkomm.weebly.com/,1,40,1,1,1,31,0,0
https://broadband-s-school.teachable.com/p/home,1,47,7,1,1,32,1,0
http://www.rkckucjs.ncel.my.id/,1,31,1,3,0,23,0,0
https://pub-6a8fc3b8d9a44e4fbf24079b5871fba4.r2.dev/cam.html,1,60,9,1,1,43,1,19
https://script.google.com/macros/s/AKfycbznF9i9mngvRdD9nAIsC3wEeD2H0kV0sSTD51w6a0JbWP9lwLT6F0iAJlHEJWCe0-EdhA/exec,1,114,89,1,1,17,0,15
https://zyr.comusewife.best/,1,28,1,1,1,19,0,0
https://c2a.services/Webmail/65/Webmail/webmail.php,1,51,31,0,1,12,0,3
https://aesthiq.org/product/gt-hospital-jj-group-of-hospitals-grant-government-medical-college-4th-live-operative-rhinoplasty-workshop/,1,135,116,0,1,11,0,1
https://pub-6fe9cf8bcfad4fd4a6c7eb27b366b6d8.r2.dev/av.html?email=cmVwb3J0cGhpc2hpbmdAYXB3Zy5vcmc=,1,98,8,1,1,43,1,20
https://telstrawebmaiil1l1l1.weebly.com/,1,40,1,1,1,31,0,3
https://808784678234678234786237483.blogspot.be/tmp/Joomla_3.6.2-Stable-Update_Package/plugins/system/p3p/p3p.php,1,113,66,1,1,39,0,32
https://cooinbaasexchang.gitbook.io/us,1,38,3,1,1,27,0,0
https://help-metaasehelp.webflow.io/,1,36,1,1,1,27,1,0
https://helps-metamisklogn.gitbook.io/us,1,40,3,1,1,29,1,0
https://booking.com-id1313.icu/pUMefaMR,1,39,9,1,1,22,1,4
https://pub-24c7cce023e14bf28bd592bdf6dceaba.r2.dev/link.html,1,61,10,1,1,43,1,15
https://dhdgdgd.weebly.com/,1,27,1,1,1,18,0,0
https://docs.google.com/drawings/d/1TUqsV5T1GyiO65pENii-2qN_Oy26Wf70TFSH_z3Lhh0/edit,1,84,61,1,1,15,0,12
https://docs.google.com/drawings/d/101tMPbgI4-1m5-MYay6sO3KrMEMSvmZmU7wLswsUWeI/edit,1,84,61,1,1,15,0,9
https://tinyurl.com/wls-truk,1,28,9,0,1,11,0,0
http://bostonharbor.shop,1,24,0,0,0,17,0,0
http://www.goenzyme.com/wp-includes/pomo/ebmailL.sfr.frundefined/SFRMailmail.htm,1,80,57,1,0,16,0,0
https://forum.tunisie-foot.com/viewtopic.php?t=41762,1,52,14,1,1,22,1,5
https://api-rate-limit-livid-iota.vercel.app/,1,45,1,1,1,36,1,0
https://www.rikivonfalken.com/ionos/,1,36,7,1,1,21,0,0
https://unisuniallet.webflow.io/,1,32,1,1,1,23,0,0
https://docs.google.com/drawings/d/1zMclkXHvbBxVtq8D-jyZkoxJ5TYQ6ECPPo7zLmxaQ8Q/edit,1,84,61,1,1,15,0,6
https://aln.centreusrty.shop/,1,29,1,1,1,20,0,0
https://nizamaniook.github.io/request-review-violation/,1,55,26,1,1,21,0,0
https://phhdxdvf.top/,1,21,1,0,1,12,0,0
http://bhush8766.github.io/insta_clone_2.6,1,42,16,1,0,19,0,6
https://booking.confirmation-id191828.com/68986963,1,50,9,1,1,33,1,14
https://atturrt.weebly.com/,1,27,1,1,1,18,0,0
https://www.sesarju.eu/sites/default/files/webform/sids_2025_poster/_sid_/converted_text%20(25).pdf,1,99,77,1,1,14,0,8
https://ivory805817.studio.site/,1,32,1,1,1,23,0,6
https://pub-e69e283d37a741d688ed12b9f768f986.r2.dev/rnicros0ftmfaauthapps243sr345.html,1,86,35,1,1,43,1,30
http://cutt.ly/oegNaBIF,1,23,9,0,0,7,0,0
https://zq3q5twry4545x5y4t4wgq3fww2g43yh324653g4etrwvikb.teemill.com/,1,69,1,1,1,60,0,20
https://eu.jotform.com/app/250891183980364,1,42,20,1,1,14,0,15
https://trhzharwarwalet.gitbook.io/us,1,37,3,1,1,26,0,0
https://insant-appeal-violation-here.vercel.app/,1,48,1,1,1,39,1,0
https://docs.google.com/presentation/d/e/2PACX-1vQqeTrIS4fAt65SHmcWGp9pvq8eraC6Z_Up_xU4BXZbdX1cIGYK34zuQMLECaapJ5xdNa9eDlrqppj3/pub?start=true&amp;loop=true&amp;delayms=1000,1,173,108,1,1,15,0,19
https://conbissecomlogg.gitbook.io/us,1,37,3,1,1,26,0,0
https://payrouteg.vercel.app/managerment/XyZnMvBcDfGhJkLqWeRt/HpLoMiNcVbGtFrEdSzXc.html,1,87,59,1,1,20,0,0
http://jellyfishinlove.com/,1,27,1,0,0,19,0,0
https://t.co/HMBIJWJdKZ,1,23,11,0,1,4,0,0
http://mat-c.poranter.top/index.html,1,36,11,1,0,18,1,0
https://t.co/PETSALijMK,1,23,11,0,1,4,0,0
https://ledgrrlive-lognn.webflow.io/,1,36,1,1,1,27,1,0
https://aauths-sso-ku-kucoinn.gitbook.io/us,1,43,3,1,1,32,1,0
https://rebrand.ly/ede8d4,1,25,7,0,1,10,0,2
https://suprt-ledgeer-aauth.webflow.io/,1,39,1,1,1,30,1,0
https://incul.jp/mt/edit/login.php,1,34,18,0,1,8,0,0
https://pub-b74e63bbe1954a9c891527143fecd274.r2.dev/dse_sign.html,1,65,14,1,1,43,1,22
https://pub-ad0b2fcdb4ff428e8464c83ce1b1f76b.r2.dev/index.html,1,62,11,1,1,43,1,17
https://0000000okjnbgfkjhbvcxswqaszxsw23edfcxzsdfghjhbvcxsdfghjnbv.pages.dev/,1,77,1,1,1,68,0,9
https://conibasse-cumlogaenw.gitbook.io/us,1,42,3,1,1,31,1,0
http://off.mail-redir.com/redirecionamento/tv32nv.php?magazineluiza,1,67,28,1,0,18,1,2
https://qrco.de/bejISj,1,22,7,0,1,7,0,0
https://business.contactverysuite.com/case/1O2680742408591Si,1,60,23,1,1,29,0,14
http://sahilkhan111.github.io/SMIT-FB-Colon,1,43,14,1,0,22,0,3
https://tolomeoroark92658-proiect56893-demoji20356.pages.dev/help/contact/621841975630222,1,89,29,1,1,52,1,30
https://www.sesarju.eu/sites/default/files/webform/sids_2025_poster/_sid_/converted_text%20(26).pdf,1,99,77,1,1,14,0,8
https://check-smulti-993054.pages.dev/help/contact/666577896629296,1,66,29,1,1,29,1,21
https://bakingbakes.cikitchen.co.uk/to.php,1,42,7,2,1,27,0,0
https://booking.confirmation-id7842.com/YZCNJJXQF,1,49,10,1,1,31,1,4
http://appeal-open-case.reviewopencases5t.biz/updateinfo/,1,57,12,1,0,38,1,1
https://q-r.to/bfdqZo,1,21,7,0,1,6,1,0
https://paypal.login-provider.de/,1,33,1,1,1,24,1,0
https://nsgrfrsg.web.app/,1,25,1,1,1,16,0,0
https://metamaak-wallett.gitbook.io/us,1,38,3,1,1,27,1,0
https://ajht.gasletter.shop/,1,28,1,1,1,19,0,0
https://org-help-bitmartlogin.gitbook.io/us,1,43,3,1,1,32,1,0
https://fotdeg.remoteband.shop/,1,31,1,1,1,22,0,0
http://supppotmetafb.ubpages.com/pe-fb-a/index.html,1,51,19,1,0,25,0,0
https://mainnet-integrate.pages.dev/en-chainrestore.pages.dev/,1,62,27,1,1,27,1,0
https://tracksmun.web.app/,1,26,1,1,1,17,0,0
https://usps.parcelprotect.top/,1,31,1,1,1,22,0,0
https://activate.voucher-reserve.com/56916893,1,45,9,1,1,28,1,8
https://docs.google.com/presentation/d/e/2PACX-1vRVLUKhRgS4vHfY2jPx2A7cc3SP8434RCuVgzF-P_6r2ibGltm3txVCDlZsH_RFxR6DM6SZOfsfy6q8/pub?start=false&loop=false&delayms=3000&slide=id.p,1,178,108,1,1,15,0,22
https://mail.verifikasi.fb-business.com/,1,40,1,2,1,31,1,0
https://bing-trezorlogin.gitbook.io/us,1,38,3,1,1,27,1,0
https://bell-100237.square.site/,1,32,1,1,1,23,1,6
https://currently6329.weebly.com/,1,33,1,1,1,24,0,4
https://postlxyb.buzz/i/,1,24,3,0,1,13,0,0
https://uwgx.autosoffer.shop/,1,29,1,1,1,20,0,0
https://coinbaseasion.gitbook.io/us,1,35,3,1,1,24,0,0
https://app-sso-phantom-com-auth.webflow.io/,1,44,1,1,1,35,1,0
http://dpdlocalshowb.top,1,24,0,0,0,17,0,0
https://trezr-valetz.gitbook.io/us,1,34,3,1,1,23,1,0
https://masatmask-wallet.gitbook.io/us,1,38,3,1,1,27,1,0
https://www.barclaystock.top/,1,29,1,1,1,20,0,0
https://whatsapp-qwr.com/tunnel.jsp,1,35,11,0,1,16,1,0
https://workspace-weblog-securedal55667.webflow.io/,1,51,1,1,1,42,1,5
https://cod042-bn-cr.webcindario.com/,1,37,1,1,1,28,1,3
https://postachl.top/ch/,1,24,4,0,1,12,0,0
https://phanetomwallett.gitbook.io/us,1,37,3,1,1,26,0,0
https://t.co/8YsXg1gYxr,1,23,11,0,1,4,0,2
https://shaw-108691.weeblysite.com/,1,35,1,1,1,26,1,6
https://jesse1jazzflix.dpdns.org/login?c_ds_na=text%2Fhtml%2Capplication%2Fxhtml%2Bxml%2Capplication%2Fxml%3Bq%3D0.9%2Cimage%2Favif%2Cimage%2Fwebp%2Cimage%2Fapng%2C%2A%2F%2A%3Bq%3D0.8%2Capplication%2Fsigned-exchange%3Bv%3Db3%3Bq%3D0.7&c_ds_no=ybja5ZUdHOWPwD7golMT8LHYvd4kOqu0TQlR24pqYL,1,285,6,1,1,24,0,41
https://q-r.to/bfLJeH,1,21,7,0,1,6,1,0
https://leaf-soft-rabbit.glitch.me/,1,35,1,1,1,26,1,0
https://ipfs.io/ipns/k51qzi5uqu5dm0xmac25ors2sozryvbj1pgyuxbkbee7uhjjav64waerr9svyn,1,83,68,0,1,7,0,13
https://auth--g-cryppto-sso--cdn.webflow.io/,1,44,1,1,1,35,1,0
https://eilun.cn/ethotelevisionetlogin,1,38,22,0,1,8,0,0
https://pro-sso-ttrzor-web.webflow.io/,1,38,1,1,1,29,1,0
https://rebrand.ly/abdzzii,1,26,8,0,1,10,0,0
https://hughssherika896572396.pages.dev/help/contact/615842180890446,1,68,29,1,1,31,0,24
https://docs.google.com/drawings/d/1jWHrRKl88ach7nOeDlvh7-LYhCq6crGMS7WHCfVKDdc,1,79,56,1,1,15,0,7
https://booking-com-aeudubai-desert-safari.webflow.io/,1,54,1,1,1,45,1,0
https://cdwqxqmeabda.web.app/,1,29,1,1,1,20,0,0
https://foodgrammycontestinterspoet.blogspot.com/?m=1,1,53,1,1,1,40,0,1
https://pub-628d73bfc2a0488a9693d05b8c2a9f6a.r2.dev/beta9.html,1,62,11,1,1,43,1,22
https://pixels-jeandlc.vercel.app/,1,34,1,1,1,25,1,0
https://booking.confirmation-id8295.com/ItLrfuhkKdEc,1,52,13,1,1,31,1,4
https://auth-app-bitmaart.gitbook.io/us,1,39,3,1,1,28,1,0
https://melodious-medovik-e20736.netlify.app/,1,45,1,1,1,36,1,5
https://qrco.de/bfP31Z,1,22,7,0,1,7,0,2
https://megrrill-cadpital-longin.gitbook.io/us,1,46,3,1,1,35,1,0
https://kucoin-exchxenge.gitbook.io/sign-in,1,43,8,1,1,27,1,0
https://supports1.firstoptled.com/,1,34,1,1,1,25,0,1
https://urlz.fr/pHAb,1,20,5,0,1,7,0,0
https://pub-e65f220e74c54f96af087eea38784edb.r2.dev/vzr.html,1,60,9,1,1,43,1,20
https://favorablesport.com/,1,27,1,0,1,18,0,0
https://l.wl.co/l?u=https://qr-codes.io/aKh75Y,1,46,2,1,1,7,0,2
https://gbshtxflfd.duckdns.org,1,30,0,1,1,22,0,0
http://zapclean.digital/click?key=aa8ce3fa149d8817ec8d&SUB_ID_SHORT=4d4165e75371deebb62d24d16e600d48&COST_CPC=&PLACEMENT_ID=15742676&ZONE_ID=1392589&BANNER_ID=3307322&CAMPAIGN_ID=1209352&REMOTE_COUNTRY=United%20States&USER_OS_VER=18.3.1&USERAGENT=Mozilla%2F5.0%20%28iPhone%3B%20CPU%20iPhone%20OS%2018_3_1%20like%20Mac%20OS%20X%29%20AppleWebKit%2F605.1.15%20%28KHTML%2C%20like%20Gecko%29%20GSA%2F359.2.735510536%20Mobile%2F15E148%20Safari%2F604.1&PRELAND_ID=&BROWSER_NAME=GoogleMobile%20for%20iOS&USER_OS=iOS&PUBLISHER_ID=233008&DEVICE_BRAND=Apple&USER_CARRIER=AT&T%20Wireless,1,575,6,0,0,16,0,159
https://sites.google.com/view/alle-automatischen-gmx-updates/home,1,65,41,1,1,16,0,0
https://afwe72332.weebly.com/,1,29,1,1,1,20,0,5
https://metomask-wltusa.gitbook.io/us,1,37,3,1,1,26,1,0
http://wonderlandspotsfoundation.thsite.top/,1,44,1,1,0,36,0,0
https://setsuokato95328.activehosted.com/f/1,1,44,4,1,1,32,0,6
https://olf.virogem.best/,1,25,1,1,1,16,0,0
https://gravatar.com/pioneeringinstantlyd541ee0f13,1,50,30,0,1,12,0,6
https://docs.google.com/presentation/d/e/2PACX-1vTmsztnm24YgaijEvpAC3axQSuPCvUfokv8TyVbEQIGDT-mM-yH4TmtLKYnSae5eq-3HZQJiFvGfhr1/pub?start=false&amp;loop=false&amp;delayms=3000&amp;slide=id.p,1,190,108,1,1,15,0,14
https://ceouinbaseextension.webflow.io/,1,39,1,1,1,30,0,0
https://tart-waste-request-01.surge.sh/,1,39,1,1,1,30,1,2
https://bot.otujrsale.buzz/,1,27,1,1,1,18,0,0
https://adammau.weebly.com/,1,27,1,1,1,18,0,0
https://robenhodlognn.webflow.io/,1,33,1,1,1,24,0,0
https://www.cp.fciralco.ir/,1,27,1,2,1,18,0,0
https://sukienquydoi.garanav.vn/kBkVx4OUipBb5Xq6etzDYlCkPnd6K02XINjN7MpXNmEfpAuLpkt2Jmz8utC6k48fZr4ShHSugcp3QHPCamm2I2F04fpt0lRpJSnLdJZnuWuZgWq0EFgjjazSRZU7zyMVYe0rOYLRwmcg8m1C0XJ2JIUzeDKd7WJWvox8ObTpafnhWvhc3w4Yf7JEe2JaMMlSyqyGlmdkJTlfIWEkg0qha2zNfTIZOuaodGD.html,1,264,233,1,1,23,0,34
https://docs.google.com/presentation/d/e/2PACX-1vQdwDCKLhNUvRcL0w75c2f5U8mvv1lt9cB9c2_zpmY9HBZRqwGUjqihfeSmseZbiZx-KqBCXGPz0ati/pub?start=false&amp;loop=false&amp;delayms=3000,1,175,108,1,1,15,0,18
https://new.express.adobe.com/webpage/xfzRt1J8PYZ2b,1,51,22,2,1,21,0,3
https://amtrakoig.gov/sites/default/files/webform/foia_form/_sid_/How%20to%20speak%20directly%20on%20Robinhood%20247%20phone%20support.pdf,1,138,117,0,1,13,0,19
https://iusfg.uupmabuy.buzz/,1,28,1,1,1,19,0,0
https://apna-level.github.io/request-blue-verified-page/index.html,1,66,38,1,1,20,1,0
https://mtgoxlive.org/,1,22,1,0,1,13,0,0
https://platformcheckpro.sbs/checkpoint/info_live,1,49,21,0,1,20,0,0
https://ebay-ch.com/,1,20,1,0,1,11,1,0
https://bafybeiayyqm2gkwdxggf6w4cury2sxhesbvuigufxme3igvqm7ybvrdyxq.ipfs.dweb.link/,1,83,1,2,1,74,0,6
https://attmailvoicelistening-playmessageredirect2inbox84.ubpages.com/e87f2682-701f-11ef-9051/,1,94,25,1,1,61,1,18
https://itutcepta-secure.gitbook.io/us,1,38,3,1,1,27,1,0
https://business.helppolicypages.site/meta-community-standard-48689927452117989020,1,82,45,1,1,29,0,20
https://currentlysecuired.vzy.io/,1,33,1,1,1,24,0,0
https://meta.helpcaseappeal.eu/community-standard/110630044639149,1,65,35,1,1,22,0,15
https://booking.confirmation-id8295.com/EOt0TGcYOFpa,1,52,13,1,1,31,1,5
https://www.uspssmartpackagelockers.com/package-recipients%2525252525252525252525252525252525252525252525252525252525252525252525252525252525252525252525252525252525252CN/A%2525252525252525252525252525252525252525252525252525252525252525252525252525252525252525252525252525252525252Chttps%2525252525252525252525252525252525252525252525252525252525252525252525252525252525252525252525252525252525253A/openphish.com/feed.txt%2525252525252525252525252525252525252525252525252525252525252525252525252525252525252525252525252525252525252C20-Jan-25%2525252525252525252525252525252525252525252525252525252525252525252525252525252525252525252525252525252525252CHigh%2525252525252525252525252525252525252525252525252525252525252525252525252525252525252525252525252525252525252CMedium,1,774,735,1,1,31,0,658
https://atts-dapper-site-c45c7a.webflow.io/,1,43,1,1,1,34,1,3
https://mstsamasksjhlog.gitbook.io/us,1,37,3,1,1,26,0,0
https://chipper-bienenstitch-a00fdd.netlify.app/?naps,1,53,1,1,1,39,1,2
https://www.flowcode.com/page/voicenote2,1,40,16,1,1,16,0,1
https://termserviceupdate.wixsite.com/bellsouth,1,47,10,1,1,29,0,0
https://pub-37a2330dcad44f058c9e50a8e9a6532b.r2.dev/aiskanta.html,1,65,14,1,1,43,1,21
https://allison-pellant-om.pages.dev/function.php,1,49,13,1,1,28,1,0
https://business-center-help.cfd/contract/100078952086760,1,57,25,0,1,24,1,15
https://home-108770.weeblysite.com/,1,35,1,1,1,26,1,6
https://me-taplatform.vercel.app/help/contact/226989743431097,1,61,29,1,1,24,1,15
https://roifroikazehoi-9431.vercel.app/mixcc.html/,1,50,12,1,1,30,1,4
https://snip.ly/pdpd80,1,22,7,0,1,7,0,2
https://amaptysbio.com/?websrc=UcRwRNXTo5MuTz3d6R2vYvq30oGMq1dXG18vHanO6AtG6YYvjK8MiVTnCSIVmWidRezJmDY0e4wQ7T0aZL1AW9clLpXEHNkU5V3v7DNSd4aeteR24hoDhSXNWdh1jNLokRrPUejrTHqiYwKz8jqzzuXWIRWbi5c2qA0QVCPPduHfzcvQuqy3hRRoUzFBC7pFx2YGD39vHPRFDLWQqr1e12Z0xaNT1m0S19Vo2wEOO3Di6ppCfXFdKSROREoQ3VHLEZlCATzbThDyKsXEN9l8kkzD7bb3uw2DMTAgbqMw6jwQTs&dispatch=496&id=275364,1,356,1,0,1,14,0,61
https://forms.office.com/pages/responsepage.aspx?id=DQSIkWdsW0yxEjajBLZtrQAAAAAAAAAAAAO__WN1clNUMFBNSFU5NENVT1JYOEdOQ1BQNlRSOUEwTy4u&amp;fbclid=IwAR2GBx9Gz9E8TXro1MYRL8mrT2xBgBydKdwvhweaaoPBpbbOF49BHix9ChM,1,205,24,1,1,16,0,16
https://supports1.bm544.com/,1,28,1,1,1,19,0,4
https://loginmetamsks-aauth.gitbook.io/us,1,41,3,1,1,30,1,0
https://meta-help-center-v6pn.vercel.app/metahelpcenter.html,1,60,20,1,1,32,1,1
http://webmailgrec.is-uberleet.com/,1,35,1,1,0,27,1,0
https://meta-business-contact-us.fbb2024-25.click/css/.htaccess,1,63,14,1,1,41,1,6
https://business-manage-support.cfd/contract/Generation,1,55,20,0,1,27,1,0
http://online-suportpagesagency-fb.com/business-pass-error,1,58,20,0,0,31,1,0
https://ppllserviice.wpenginepowered.com/paybal/,1,48,8,1,1,32,0,0
https://christian-brown389367257.pages.dev/help/contact/1412010787822512606%3A4700%3A310c%3A%3A...,1,98,56,1,1,34,1,39
https://usapholdlogin-1.gitbook.io/eu,1,37,3,1,1,26,1,1
https://metakswitle.gitbook.io/us,1,33,3,1,1,22,0,0
https://robnhod-login.gitbook.io/account,1,40,8,1,1,24,1,0
https://oybjxc.sportsloan.shop/,1,31,1,1,1,22,0,0
https://www.riversideca.gov/publicworks/sites/riversideca.gov.publicworks/files/webform/sb1383/Robinhoodhave24-7support.pdf,1,123,96,1,1,19,0,7
http://ff-exchange.org,1,22,0,0,0,15,1,0
https://ssaa3lopao.fra1.digitaloceanspaces.com/mc.html,1,54,8,2,1,38,0,2
https://kylpg.libertyharknessblog.com/,1,38,1,1,1,29,0,0
https://webmlrecords.com/ssl,1,28,4,0,1,16,0,0
https://auth-bitbuyyuai.gitbook.io/us,1,37,3,1,1,26,1,0
https://business.verifycontactfanpage.com/olb/app/logon-web,1,59,18,1,1,33,0,0
https://help-live-lwegerr.webflow.io/,1,37,1,1,1,28,1,0
http://residencepinetaverde.it/,1,31,1,0,0,23,0,0
https://sso--bitmart-site-auth.webflow.io/,1,42,1,1,1,33,1,0
https://lledsgerlvlogin.gitbook.io/us,1,37,3,1,1,26,0,0
https://office365marquetteedu.weebly.com/,1,41,1,1,1,32,0,3
https://gt350clone.com,1,22,0,0,1,14,0,3
http://logicalis.org/,1,21,1,0,0,13,0,0
https://usps.com-tracktzs.top/update,1,36,7,1,1,21,1,0
https://bafkreiawpjef6i2xahj4pf5gxnuhsvzewg3sglwwj6zxu242i6asa2oosa.ipfs.dweb.link/,1,83,1,2,1,74,0,11
https://docs.google.com/presentation/d/e/2PACX-1vRYmLuPJ_0QtwUFBbL_GdV2jn1s101djoVkHPmKjHeuDuYGkjY3xOQ5msjiFfxOFb6n4dODGlXZknhO/pub?start=false&loop=false&delayms=3000,1,167,108,1,1,15,0,16
https://hislopveronica697813.pages.dev/help/contact/406412601202803,1,67,29,1,1,30,0,21
https://home-103581.weeblysite.com,1,34,0,1,1,26,1,6
https://pub-8bf9615c7fdf45a19ed6e93335a29359.r2.dev/index.html,1,62,11,1,1,43,1,22
https://metax-tensui-on.gitbook.io/us,1,37,3,1,1,26,1,0
https://intersaversfin.com/payments,1,35,9,0,1,18,0,0
https://soodaryan.github.io/spotify-web-player-clone/,1,53,26,1,1,19,0,0
https://docs.google.com/forms/d/e/1FAIpQLSfR3gOzm0aDuDIeTgvYaNxNxUVFMDtLiA78lYCapbZHeq1Geg/viewform,1,99,76,1,1,15,0,6
https://allegrolokalnie.pl-12343124.shop/,1,41,1,1,1,32,1,8
https://design.archive.us-east-1.oortech.com/testt1.html,1,56,12,3,1,36,1,2
https://5ffgffgg4g4gh4.blogspot.co.il/,1,38,1,2,1,29,0,4
https://www.arcteryxpg.bet/,1,27,1,1,1,18,0,0
https://yugreiquijouje-7855.vercel.app/mixcc.html/,1,50,12,1,1,30,1,4
https://pub-36ad049151b04226a162484932b2fd71.r2.dev/31mar-y.html,1,64,13,1,1,43,1,28
https://m.verryspcenter249.com/help/contact/450437755249865,1,59,29,1,1,22,0,18
https://trezeurapps.gitbook.io/us,1,33,3,1,1,22,0,0
https://docs-brigetrzor.gitbook.io/us,1,37,3,1,1,26,1,0
https://help-metaasmsk--logiin.gitbook.io,1,41,0,1,1,33,1,0
https://home-103711.weeblysite.com/,1,35,1,1,1,26,1,6
http://dickssportinggoodsdirect.com/,1,36,1,0,0,28,0,0
https://homepage-metamsk.gitbook.io/us,1,38,3,1,1,27,1,0
https://obnovlenie.webflow.io/,1,30,1,1,1,21,0,0
https://shoutout.wix.com/so/c5P1hRIg6/,1,38,14,1,1,16,0,3
https://pub-21c884f4185d4edab04434d00584ab27.r2.dev/index.html,1,62,11,1,1,43,1,23
https://exodoslogin.webflow.io/,1,31,1,1,1,22,0,0
https://psosftsa.buzz/i,1,23,2,0,1,13,0,0
https://deuba-aktivierungshilfe.com/,1,36,1,0,1,27,1,0
https://mondial-lockers.com/,1,28,1,0,1,19,1,0
https://arelmultiservicios.com/tl/redirect.php,1,46,16,0,1,22,0,0
https://www.letswinnow.shop/facebook/,1,37,10,1,1,19,0,0
http://rdr-centru.blogspot.nl/,1,30,1,1,0,22,1,0
http://usps.packageposttrack.top/,1,33,1,1,0,25,0,0
https://phantomzwalletb.webflow.io/,1,35,1,1,1,26,0,0
https://start-ldgeer-aauth-ledgeg.webflow.io/,1,45,1,1,1,36,1,0
https://bandbroaadmail.framer.website/,1,38,1,1,1,29,0,0
https://page-support-notice.cfd/contract/61550225559851,1,55,24,0,1,23,1,14
http://meta.com-case78346.com/help/contact/130734535001701,1,58,29,1,0,22,1,20
https://get-official-verified-badge-ten.vercel.app/validation.html,1,66,16,1,1,42,1,0
http://caesarscasino.club/,1,26,1,0,0,18,0,0
https://auth-auth--kucion.webflow.io/,1,37,1,1,1,28,1,0
https://docs.zoom.us/doc/AiwxYL0dQaCqhZ6Mk7O5uw,1,47,27,1,1,12,0,4
https://docs.google.com/drawings/d/1ozCcHpeK_YYws4M-3v65_glGhfoHXoi8-SJjkY_RFfw/edit,1,84,61,1,1,15,0,6
http://codashoop-free.plerkuda.my.id/,1,37,1,2,0,29,1,0
http://kiwibankco.info/,1,23,1,0,0,15,0,0
http://170.205.31.135/,1,22,1,2,0,14,0,11
https://www.rackutean-bank.top/taxes.asp,1,40,10,1,1,22,1,0
https://whastapp-5g.com/,1,24,1,0,1,15,1,1
http://aslbpxjjt.duckdns.org,1,28,0,1,0,21,0,0
http://www.riot-stake.com,1,25,0,1,0,18,1,0
https://mhjv.nyccards.shop,1,26,0,1,1,18,0,0
https://lirpe.vercel.app/,1,25,1,1,1,16,0,0
https://krediterhalten.com/977b124c869f,1,39,13,0,1,18,0,9
https://auth--robinhood-sso.webflow.io/,1,39,1,1,1,30,1,0
https://gumnilogen.gitbook.io/us,1,32,3,1,1,21,0,0
https://zibuo-a.opedon.top/,1,27,1,1,1,18,1,0
https://gemininlo-ginc.gitbook.io/us,1,36,3,1,1,25,1,0
https://www.ld-swisspass.com/qZWN0cy90YWxh/c993ggc/login.php,1,60,32,1,1,20,1,6
https://www.envisioncumembers.com,1,33,0,1,1,25,0,0
https://docs.google.com/drawings/d/17rtiOMJ4SuRf2tJ0VDoGPE59FrUBicnaK8gT1Qp5w7k/edit,1,84,61,1,1,15,0,11
https://monurances.com,1,22,0,0,1,14,0,0
https://printerval.com/tiktok-logo-print-trucker-hats-p63281108,1,63,41,0,1,14,0,8
https://maiytamasklogin.gitbook.io/us,1,37,3,1,1,26,0,0
https://mmatumaskwallet.gitbook.io/us,1,37,3,1,1,26,0,0
https://check-case-2058.firebaseapp.com/,1,40,1,1,1,31,1,4
https://web5mail-account107620.weeblysite.com/,1,46,1,1,1,37,1,7
https://help-metaasmeessk.gitbook.io/us,1,39,3,1,1,28,1,0
https://privacytrackersocialup.vercel.app/wx2SY%26Zf5tgaKQszasE%26mwzeFe3LSb1%3D887LF%26CVmHk,1,93,52,1,1,33,0,14
https://metamasketxtenseion.webflow.io/,1,39,1,1,1,30,0,0
https://pphuntimwall.gitbook.io/us,1,34,3,1,1,23,0,0
http://watshap-join.pubgproductions.com/login.php,1,49,10,1,0,32,1,0
http://condescending-hamilton-b3e79b.netlify.app/,1,49,1,1,0,41,1,3
https://kind-mayer-de4be4.netlify.app/,1,38,1,1,1,29,1,2
https://vigilant-austin-37062a.netlify.app/,1,43,1,1,1,34,1,5
http://wagrupp.group18online.com/login.php,1,42,10,1,0,25,0,2
https://whatsaap2020.icapoetry.com/login.php,1,44,10,1,1,26,0,4
http://confident-bhaskara-e27fa5.netlify.app/,1,45,1,1,0,37,1,3
http://smbc-cacd.phkrn.com/,1,27,1,1,0,19,1,0
https://upbeat-neumann-bb8f5d.netlify.app/,1,42,1,1,1,33,1,2
http://heuristic-agnesi-430696.netlify.app/,1,43,1,1,0,35,1,6
https://heuristic-tesla-8ce3c6.netlify.app/,1,43,1,1,1,34,1,3
https://heuristic-saha-9af761.netlify.app/,1,42,1,1,1,33,1,4
https://heuristic-dubinsky-33d53d.netlify.app/,1,46,1,1,1,37,1,4
http://wonderful-swirles-3f17f3.netlify.app/,1,44,1,1,0,36,1,4
http://priceless-gates-1d5f8c.netlify.app/,1,42,1,1,0,34,1,3
http://cnatamil.com/zone/Confirm/myaccount/index.php?enc=aa3bc0906b4bc538d10c52c2a0c39574&amp;p=0&amp;dispatch=173353d1a371ec10b19774a80f53fff012a60db2,1,151,33,0,0,12,0,48
https://amazonjapa.top/mobile/,1,30,8,0,1,14,0,0
https://amazouno.com/op/,1,24,4,0,1,12,0,0
https://amazonjapa.top/pc/,1,26,4,0,1,14,0,0
https://arnazon.oo.jp.euoenoenancvco.wqbfrox.cn/mobile/,1,55,8,4,1,39,0,0
https://www.aamazony.buzz/mobile/,1,33,8,1,1,17,0,0
https://www.aamazony.xyz/mobile/,1,32,8,1,1,16,0,0
https://arnazon.oo.jp.euoenoenancvco.wqbfrox.cn/pc/,1,51,4,4,1,39,0,0
https://www.aamazony.xyz/pc/,1,28,4,1,1,16,0,0
https://www.aamazony.buzz/pc/,1,29,4,1,1,17,0,0
https://kind-ride-9c5159.netlify.app/,1,37,1,1,1,28,1,5
http://elated-minsky-01aec1.netlify.app/,1,40,1,1,0,32,1,3
http://gracious-kepler-a18186.netlify.app/,1,42,1,1,0,34,1,5
http://flamboyant-pasteur-6ce6c1.netlify.app/,1,45,1,1,0,37,1,3
http://gracious-banach-af954a.netlify.app/,1,42,1,1,0,34,1,3
https://sharp-lamarr-c0b808.netlify.app/,1,40,1,1,1,31,1,4
http://k6cp6ojjgkjscig5l2d54tc7z4-adwhj77lcyoafdy-www-instagram-com.translate.goog/,1,83,1,1,0,75,1,10
http://awesome-poincare-b8cc8e.netlify.app/,1,43,1,1,0,35,1,2
https://boring-gates-7bd1d6.netlify.app/,1,40,1,1,1,31,1,3
http://elated-wescoff-1cb617.netlify.app/,1,41,1,1,0,33,1,4
https://festive-goldberg-496635.netlify.app/,1,44,1,1,1,35,1,6
http://festive-hugle-db1d77.netlify.app/,1,40,1,1,0,32,1,3
http://dreamy-davinci-c6c2a1.netlify.app/,1,41,1,1,0,33,1,3
http://elegant-tesla-ab83a5.netlify.app/,1,40,1,1,0,32,1,3
http://festive-brahmagupta-9b5918.netlify.app/,1,46,1,1,0,38,1,5
https://angry-lichterman-debbdf.netlify.app/,1,44,1,1,1,35,1,0
https://romantic-kowalevski-d5f216.netlify.app/,1,47,1,1,1,38,1,4
http://elastic-torvalds-694b6a.netlify.app/,1,43,1,1,0,35,1,4
https://eloquent-agnesi-82f392.netlify.app/,1,43,1,1,1,34,1,5
http://adequateoddmegahertz--five-nine.repl.co/,1,47,1,1,0,39,1,0
http://coretechlanka.com/btelek.online,1,38,14,0,0,17,0,0
http://cranky-wozniak-040d76.netlify.app/,1,41,1,1,0,33,1,5
https://neww.group18online.com/login.php,1,40,10,1,1,22,0,2
http://grupbkp.wikaba.com/,1,26,1,1,0,18,0,0
https://smbc-card.serveftp.com/smbc/,1,36,6,1,1,22,1,0
http://www.lnk.sk/has0/,1,23,6,1,0,10,0,1
http://u9492257j6.ha004.t.justns.ru/7fd440c279baa987417646fdb104b0ea/,1,69,34,3,0,28,0,31
https://planckgrati.com/.well-known/VerificationRbfcu/log.htm,1,61,38,0,1,15,0,0
https://planckgrati.com/.well-known/VerificationRbfcu/next.htm,1,62,39,0,1,15,0,0
https://www.join.icapoetry.com/login.php,1,40,10,2,1,22,0,0
https://www.group.icapoetry.com/login.php,1,41,10,2,1,23,0,0
https://www.join-watshap.garenagroup.com/login.php,1,50,10,2,1,32,1,0
https://www.grupbok3p.for-viip.com/login.php,1,44,10,2,1,26,1,1
http://condescending-banach-b41391.netlify.app/,1,47,1,1,0,39,1,5
http://fadak.info/userbanque/notificationidvoscomptesenligne/espacevoscomptesenligne/73201,1,90,73,0,0,10,0,5
http://fadak.info/userbanque/notificationidvoscomptesenligne/espacevoscomptesenligne/73201/index4.html,1,102,85,0,0,10,0,6
http://fadak.info/userbanque/notificationidvoscomptesenligne/espacevoscomptesenligne/d950c,1,90,73,0,0,10,0,3
http://fadak.info/userbanque/notificationidvoscomptesenligne/espacevoscomptesenligne/d950c/index4.html,1,102,85,0,0,10,0,4
http://fadak.info/userbanque/notificationidvoscomptesenligne/espacevoscomptesenligne/798ac,1,90,73,0,0,10,0,3
http://fadak.info/userbanque/notificationidvoscomptesenligne/espacevoscomptesenligne/798ac/index4.html,1,102,85,0,0,10,0,4
http://fadak.info/userbanque/notificationidvoscomptesenligne/espacevoscomptesenligne/962ba,1,90,73,0,0,10,0,3
http://fadak.info/userbanque/notificationidvoscomptesenligne/espacevoscomptesenligne/962ba/send0.php,1,100,83,0,0,10,0,4
https://www.vodafone-billing-info.com/,1,38,1,1,1,29,1,0
http://www.reggiefork.buzz/reggie/FBG/,1,38,12,1,0,19,0,0
http://lloydsbank.online-personal-secure-payee.com/Login.php,1,60,10,1,0,43,1,0
http://f6fr7.codesandbox.io/,1,28,1,1,0,20,0,2
http://48tlp.codesandbox.io/,1,28,1,1,0,20,0,2
https://mail.bangsa-wa.onloginnet.com/login.php,1,47,10,2,1,29,1,0
https://gfdgeg.xyz/,1,19,1,0,1,10,0,0
https://raifesein.com/de/privatkunden,1,37,16,0,1,13,0,0
https://pymesinfoco.com/SCB/,1,28,5,0,1,15,0,0
https://newgroup.pubgproductions.com/login.php,1,46,10,1,1,28,0,0
http://mobile-login-card.com/,1,29,1,0,0,21,1,0
https://www.globalnewsmarket.com/wp-content/themes/server/login/admin/Service/login,1,83,51,1,1,24,0,0
http://loving-bartik-7f435c.netlify.app/,1,40,1,1,0,32,1,4
https://brain-trigger.com/netcologne.de/netcologne.de/,1,54,29,0,1,17,1,0
https://www.thecoronavirusobstructor.com/ofc3,1,45,5,1,1,32,0,1
https://lemnexotic.ro/wp-content/themes/twentytwenty/mail/334c081f0350cbb802b9be743961a040/,1,91,70,0,1,13,0,23
https://www.mobile-bankingcheckuk.com/Login.php,1,47,10,1,1,29,1,0
http://vieuxshack.com/download/adobe/770bcee30b2eacceab69ef7c836e20d9/login.php?cmd=login_submit&id=533c0602696b1ff97e780026a86379ac533c0602696b1ff97e780026a86379ac&session=533c0602696b1ff97e780026a86379ac533c0602696b1ff97e780026a86379ac,1,237,58,0,0,14,0,111
http://mnp-postscriptum.com/images/gmail.php,1,44,17,0,0,20,1,0
https://docsharex-authorize.firebaseapp.com/xx...,1,49,6,1,1,35,1,0
https://cancel-onlinepayee.com/Login.php,1,40,10,0,1,22,1,0
https://askalaney.com/wp-includes/fonts/file/home/OUT.html,1,58,37,0,1,13,0,0
https://bluestone-creations.com/wp-img/email/daum/,1,50,19,0,1,23,1,0
https://al-nidaa.com.my/seruan/plugins/authentication/home,1,58,35,1,1,15,1,0
http://118.107.14.147/ap/signin?key=a@b.c,1,41,10,2,0,14,0,11
https://j1h.top/,1,16,1,0,1,7,0,1
https://new-ipayee-error-iremove.com/lloyds/Login.php,1,53,17,0,1,28,1,0
https://protect-myaccount.com/lloyds/Login.php,1,46,17,0,1,21,1,0
http://lloydsbank.online-personal-secure-payee.com/,1,51,1,1,0,43,1,0
https://www.lloydgb-secure.com/Login.php,1,40,10,1,1,22,1,0
http://pochtarefund-xeq10q.aakmt.xyz/,1,37,1,1,0,29,1,2
http://www.acesso-seguro-bra-desco.ru/verificacao/html/,1,55,18,1,0,30,1,0
https://propertybroker-cy.com/home/www.bancoestado.cl/pagina/imagenes/comun2008/banca-en-linea-personas.html,1,108,79,0,1,21,1,4
http://www.lloydgb-secure.com/,1,30,1,1,0,22,1,0
https://reactivacionperubcp.cob-osre.com/,1,41,1,1,1,32,1,0
http://buluttakip.com/matt/Drive,1,32,11,0,0,14,0,0
http://www.reregistration-device.com/Login.php,1,46,10,1,0,29,1,0
http://tutos.pentaedro.com/kimai/finance/office-2D1%20new%20update/,1,67,41,1,0,19,0,6
https://snomoln.se/wp-content/plugins/Steps/Verify/sc/customer_center/user-617637/,1,82,64,0,1,10,0,6
https://update-method-devilmbr4in53564.codeanyapp.com/,1,54,1,1,1,45,1,6
https://kit.amazonr-oo.ip.eafaefa.xyz/ap/signin.php?openid.assoc_handle=jpflex&openid.claimed_id=http://specs.openid.net/auth/2.0/identifier_select&openid.identity=http://specs.openid.net/auth/2.0/identifier_select&openid.mode=checkid_setup&openid.ns=http://specs.openid.net/auth/2.0&openid.pape.max_auth_age=0&openid.return_to=https://www.amazon.co.jp/?ref_%3Dnav_custrec_signin,1,379,14,3,1,29,1,8
http://www.chiangdegomes.com.br/layouts/libraries/cms/html/bootstrap/home/console/dwl.php,1,89,58,2,0,24,0,0
https://www.desconto-redfriday.com/MeusProdutos/Prefetch.php?fbclid=IwAR0mzJISF36EujEHyx7cG4u5MKSi_DY2bcKhWjpGzbG7aAFej3RrLAAaEjM&skullid=34336507,1,146,26,1,1,26,1,17
https://www.kitchenscosmos.com/admin-settings/att3/,1,51,21,1,1,22,0,1
http://www.projetohipernova.com.br/account/Owa/,1,47,13,2,0,27,0,0
https://www.remove-mobile-securely-auth.com/Login.php,1,53,10,1,1,35,1,0
https://boativ.com/ZXO/outlook.office.com,1,41,23,0,1,10,0,0
http://securealert.services/personal/logon,1,42,15,0,0,20,0,0
https://simplyclothes.in/Microsoft/excel-rd42/,1,46,22,0,1,16,0,2
http://mail.security-removemobile.co.uk/,1,40,1,2,0,32,1,0
http://customproperty.com.au/wp-admin/images/boa/bcard.htm,1,58,30,1,0,21,0,0
http://customproperty.com.au/wp-admin/images/boa,1,48,20,1,0,21,0,0
http://customproperty.com.au/wp-admin/images/boa/security.php,1,61,33,1,0,21,0,0
https://variantsystemsinc.com/wp-admin/js/widgets/apha/Home/Billing.php,1,71,42,0,1,21,0,0
https://variantsystemsinc.com/wp-admin/js/widgets/apha/Home/Dashboard.php,1,73,44,0,1,21,0,0
http://fbook.com-38946802.vochtplekken.be/gate.html?location=459c913379ec6483fe4e6b5a85d494e9,1,93,10,2,0,34,1,30
http://engcamp.org/help/img/pof.htm,1,35,17,0,0,11,0,0
http://hyrdsapo-grfdeazsu.monster/,1,34,1,0,0,26,1,0
https://heavenlymatches.com/.logs/update-your-account-information/security-measure/log-in,1,89,62,0,1,19,0,0
https://rongallon.com/Bethpagefcu.com-myaccounts-support-logins/login2.html,1,75,54,0,1,13,0,1
https://rongallon.com/Bethpagefcu.com-myaccounts-support-logins/email1.html,1,75,54,0,1,13,0,1
https://rongallon.com/Bethpagefcu.com-myaccounts-support-logins/email2.html,1,75,54,0,1,13,0,1
https://rongallon.com/Bethpagefcu.com-myaccounts-support-logins/ssn1.html,1,73,52,0,1,13,0,1
https://rongallon.com/Bethpagefcu.com-myaccounts-support-logins/ssn2.html,1,73,52,0,1,13,0,1
https://directory-templates.com/logs/update-your-account-information/security-measure/log-in/,1,93,62,0,1,23,1,0
https://amazon.banksign-up.com/l85sg206i008y3s7,1,47,17,1,1,22,1,10
https://mail.lamdepngaynay.com/skur,1,35,5,1,1,22,0,0
https://projetohipernova.com.br/wp-admin/businessfile/Excel_Spreadsheet/Excel_Danil/Excel_New/excelz/bizmail.php?email=&.rand=13vqcr8bp0gud&lc=1033&id=64855&mkt=en-us&cbcxt=mai&snsc=1,1,183,81,1,1,23,0,14
http://lloyd-authorisepayee.com/admin,1,37,6,0,0,24,1,0
https://attmailserver365.weebly.com/,1,36,1,1,1,27,0,3
http://quickfatlossprogram.com/owa/login.php?l=_JeHFUq_VJOXK0QWHtoGYDw1774256418&fid.13InboxLight.aspxn.1774256418&fid.125289964252813InboxLight99642_Product-email&email=rgalvin@panynj.gov,1,188,14,0,0,23,0,43
http://oliviasalzano.com/CD/onedrive-RD46/index.html,1,52,28,0,0,17,0,2
https://www.whatsapp-grupvip29.ezua.com/,1,40,1,2,1,31,1,2
https://hidepost-tipwsozu.provenzaparrucchieri.it/nextVRF.html?location=d9e8b8b4ac3ef02c24ed8f5dc50b029d,1,104,13,1,1,41,1,16
http://gov-uk.refund-info.com/,1,30,1,1,0,22,1,0
http://payee-mobilesupport-auth.com/halifax/admin,1,49,14,0,0,28,1,0
http://nwolb.com-payee-review-9834.info/,1,40,1,1,0,32,1,4
http://payee-mobilesupport-auth.com/halifax,1,43,8,0,0,28,1,0
http://nwolb.com-payee-review-7392.info/,1,40,1,1,0,32,1,4
http://serenadeofsouls.com/wp-contentOLD/themes/com_/PDF/index.php?login=info@infiltro.es,1,89,40,0,0,19,0,0
http://centricarepharmacy.com/eu/fr/sign-in.php?code=CA&id=7018749&country=Canada,1,81,18,0,0,22,0,7
http://sexeducation.atspace.com/,1,32,1,1,0,24,0,0
https://www.sicurezzaprivati.it/,1,32,1,1,1,23,0,0
https://accediintesasanpaolo.camdvr.org/privati%20pt%20user%20pass%20cu%20loading/privati,1,89,50,1,1,31,0,10
https://accediintesasanpaolo.camdvr.org/intesasanpaola.com/ffb4cc60fe9b4792c9e77833e7d178b0,1,91,52,1,1,31,0,19
https://accediintesasanpaolo.camdvr.org/intesasanpaola.com/ffb4cc60fe9b4792c9e77833e7d178b0/conferma.html?securessl=true,1,120,66,1,1,31,0,19
https://accediintesasanpaolo.camdvr.org/intesasanpaola.com/ffb4cc60fe9b4792c9e77833e7d178b0/okeylogin.html?securessl=true,1,121,67,1,1,31,0,19
https://accediintesasanpaolo.camdvr.org/intesasanpaola.com/ffb4cc60fe9b4792c9e77833e7d178b0/okeylogin1.html?securessl=true,1,122,68,1,1,31,0,20
https://accediintesasanpaolo.camdvr.org/intesasanpaola.com/ffb4cc60fe9b4792c9e77833e7d178b0/okeylogin2.html?securessl=true,1,122,68,1,1,31,0,20
https://accediintesasanpaolo.camdvr.org/provati%20de%20la%20intesa%20cu%20otp%20duap%20login/privati,1,100,61,1,1,31,0,14
https://accediintesasanpaolo.camdvr.org/provati%20de%20la%20intesa%20cu%20otp%20duap%20login/privati/okeylogin.html?securessl=true,1,130,76,1,1,31,0,14
https://accediintesasanpaolo.camdvr.org/provati%20de%20la%20intesa%20cu%20otp%20duap%20login/privati/okeylogin1.html?securessl=true,1,131,77,1,1,31,0,15
https://accediintesasanpaolo.camdvr.org/provati%20de%20la%20intesa%20cu%20otp%20duap%20login/privati/okeylogin2.html?securessl=true,1,131,77,1,1,31,0,15
http://securitylater.pplcloud.bratatekhomes.com/,1,48,1,2,0,40,0,0
https://aggiorna-dati-conto.com/,1,32,1,0,1,23,1,0
http://reregistration-device.com/,1,33,1,0,0,25,1,0
http://rashifal.com/img/bid/login.php,1,37,18,0,0,12,0,0
http://rashifal.com/img/bid/information.php?access.x65929926429&&data.x=en_3d8fde92662ac7b058b4542ce,1,100,24,0,0,12,0,26
http://as22s.ansdnsad.repl.co/,1,30,1,2,0,22,0,2
https://mmprsatx.com/wp-admin/js/widgets/apha/Home/Dashboard.php,1,64,44,0,1,12,0,0
https://mmprsatx.com/wp-admin/js/widgets/apha/Home/Billing.php,1,62,42,0,1,12,0,0
https://mghillegasservices.com/wp-admin/js/widgets/apha/Home/Dashboard.php,1,74,44,0,1,22,0,0
https://mghillegasservices.com/wp-admin/js/widgets/apha/Home/Billing.php,1,72,42,0,1,22,0,0
http://anthonystores.com/Client_admin/,1,38,14,0,0,17,0,0
http://canliyayiin.eu/,1,22,1,0,0,14,0,0
http://euroscitech.com/we-transferfiles/components/?email=sales@kitchen-arena.com.my,1,84,29,0,0,15,0,0
http://mange.google.com.brunocpa.com/soman.php,1,46,10,3,0,29,0,0
http://u9331054ud.ha004.t.justns.ru/fbs/,1,40,5,3,0,28,0,10
http://phreshphoto.com/Parppea/ourtime123/ourtime.php,1,53,31,0,0,15,0,3
https://vinci-energie.info/common/oauth2/authorize?rid=08ab23687b2c46c3846647a62578c5bc,1,87,24,0,1,18,1,24
https://clouddoc-authorize.firebaseapp.com/...xxx,1,49,7,1,1,34,1,0
http://restrepohenao.com.co/portal/enterpassword.php,1,52,25,1,0,20,0,0
http://mail.restrepohenao.com.co/portal/enterpassword.php,1,57,25,2,0,25,0,0
http://restre.restrepohenao.com.co/portal/enterpassword.php,1,59,25,2,0,27,0,0
http://nightvision.tech/assets/bootstrap/key/catalogues/includes/data/,1,70,47,0,0,16,0,0
http://update-palpay.detrein.com/,1,33,1,1,0,25,1,0
http://qbservicejpmorgansupport.com/chase/chase/profileupdate.php,1,65,30,0,0,28,0,0
https://haromaain.com/espaceclient/www2.ovh.com/moncompte/renouvellement/manager/4870031649701203465875104976045875/48700316497012034658751049760/zy5nmu=/,1,154,133,0,1,13,0,65
https://haromaain.com/espaceclient/www2.ovh.com/moncompte/renouvellement/manager/4870031649701203465875104976045875/48700316497012034658751049760/zy5nmu=/index1.php,1,164,143,0,1,13,0,66
https://haromaain.com/espaceclient/www2.ovh.com/moncompte/renouvellement/manager/4870031649701203465875104976045875/48700316497012034658751049760/zy5nmu=/index2.php,1,164,143,0,1,13,0,66
https://haromaain.com/espaceclient/www2.ovh.com/moncompte/renouvellement/manager/4870031649701203465875104976045875/48700316497012034658751049760/jc5odq=/,1,154,133,0,1,13,0,65
https://haromaain.com/espaceclient/www2.ovh.com/moncompte/renouvellement/manager/4870031649701203465875104976045875/48700316497012034658751049760/jc5odq=/index1.php,1,164,143,0,1,13,0,66
https://haromaain.com/espaceclient/www2.ovh.com/moncompte/renouvellement/manager/4870031649701203465875104976045875/48700316497012034658751049760/jc5odq=/index2.php,1,164,143,0,1,13,0,66
https://haromaain.com/espaceclient/www2.ovh.com/moncompte/renouvellement/manager/4870031649701203465875104976045875/48700316497012034658751049760/jc5odq=,1,153,132,0,1,13,0,65
https://miguelrolo.com/wp-content/themes/excel-rd42/,1,52,30,0,1,14,0,2
https://lloydsbank.personal-secure-payee-auth.com/Login.php,1,59,10,1,1,41,1,0
https://mail.security-device.co.uk/,1,35,1,2,1,26,1,0
http://db-office365.000webhostapp.com/,1,38,1,1,0,30,1,6
https://secure08n-verify.x24hr.com/auth/account/inline.php,1,58,24,1,1,26,1,4
https://secure08n-verify.x24hr.com/auth/account/inline.php?ikLHxaUZ66153187125=ikLHxaUZ66153187125-8e6ab7,1,105,24,1,1,26,1,29
http://lloydsbank.personal-secure-payee-auth.com/,1,49,1,1,0,41,1,0
http://secure09b-chase1.serveftp.com/secure/inline.php,1,54,18,1,0,29,1,3
https://abho.co/wp-admin/js/widgets/apha/Home/Dashboard.php,1,59,44,0,1,7,0,0
https://abho.co/wp-admin/js/widgets/apha/Home/Billing.php,1,57,42,0,1,7,0,0
http://erwulimwnowsehgn-dot-owaonk399399393.uk.r.appspot.com/,1,61,1,3,0,53,1,9
http://dghpnltxejhpltff-dot-owaonk399399393.uk.r.appspot.com/,1,61,1,3,0,53,1,9
http://rapsdmhvnchsjbkw-dot-owaonk399399393.uk.r.appspot.com/,1,61,1,3,0,53,1,9
http://efwpyvifakdyzecm-dot-owaonk399399393.uk.r.appspot.com/,1,61,1,3,0,53,1,9
http://ntgilepojlumpsdg-dot-owaonk399399393.uk.r.appspot.com/,1,61,1,3,0,53,1,9
http://sjqidonjdkdpeivc-dot-owaonk399399393.uk.r.appspot.com/,1,61,1,3,0,53,1,9
https://humorandenergeticstag.com/complete/mazon/amazon/,1,56,23,0,1,25,0,0
http://snmdscz.ssrmeac-cc-jp.top/,1,33,1,1,0,25,1,0
https://lloydspayee.com/,1,24,1,0,1,15,0,0
https://rakuten-co-jp.gfdgeg.xyz/,1,33,1,1,1,24,1,0
https://applied-behavioral.com/wp-content/plugins/lastudio-core/functions/SmartMail/ZimbraWebClientSignIn.htm,1,109,79,0,1,22,1,0
https://mail.payees-login-verify.com/,1,37,1,1,1,28,1,0
https://mail.lloydsgroupalerts.com/,1,35,1,1,1,26,0,0
https://retreatparking.com/e40dsf3/public/?dg=QWxleC5EZW50b25Aam11c2EuY29t,1,74,16,0,1,18,0,13
https://www.secureuk-reregistered.com/,1,38,1,1,1,29,1,0
https://aequoguwkhivhfj2b4ixzo7kkq-adwhj77lcyoafdy-www-instagram-com.translate.goog/,1,84,1,1,1,75,1,5
https://xenodochial-almeida-65dba8.netlify.app/,1,47,1,1,1,38,1,3
http://wizardly-panini-72c0dc.netlify.app/,1,42,1,1,0,34,1,3
https://fb-pages-realestateid-listing198754.com/,1,48,1,0,1,39,1,6
https://mghillegasservices.com/wp-admin/js/widgets/apha/Home,1,60,30,0,1,22,0,0
https://mghillegasservices.com/wp-admin/js/widgets/apha/Home/,1,61,31,0,1,22,0,0
http://xenodochial-jones-e4028c.netlify.app/,1,44,1,1,0,36,1,4
https://k6cp6ojjgkjscig5l2d54tc7z4--www-instagram-com.translate.goog/,1,69,1,1,1,60,1,8
https://wizardly-bhaskara-c7b2eb.netlify.app/,1,45,1,1,1,36,1,2
https://xenodochial-aryabhata-d322ee.netlify.app/,1,49,1,1,1,40,1,3
http://musing-murdock-27aecd.netlify.app/,1,41,1,1,0,33,1,2
http://www.m.facebook.com-ad-id12568.listing7223001623602936.com/,1,65,1,4,0,57,1,21
http://www.proptop.de/wp-admin/css/colors/midnight/,1,51,30,1,0,14,0,0
https://www.amazon-service-centers-jp.buzz/,1,43,1,1,1,34,1,0
http://pensive-bell-cf176b.netlify.app/,1,39,1,1,0,31,1,3
https://pensive-lichterman-0970a9.netlify.app/,1,46,1,1,1,37,1,5
http://wizardly-torvalds-38017f.netlify.app/,1,44,1,1,0,36,1,5
http://silly-bhabha-564f5a.netlify.app/,1,39,1,1,0,31,1,4
https://practical-kowalevski-4bb0a2.netlify.app/,1,48,1,1,1,39,1,3
https://peaceful-jones-447db1.netlify.app/,1,42,1,1,1,33,1,4
http://serene-snyder-193af7.netlify.app/,1,40,1,1,0,32,1,4
http://sharp-bell-d09a37.netlify.app/,1,37,1,1,0,29,1,4
http://practical-noether-0851c9.netlify.app/,1,44,1,1,0,36,1,5
https://practical-sinoussi-edd856.netlify.app/,1,46,1,1,1,37,1,3
http://silly-bohr-cdbc79.netlify.app/,1,37,1,1,0,29,1,2
http://practical-hoover-996a52.netlify.app/,1,43,1,1,0,35,1,5
https://www.templatent.com/nam/login?id=N2VTNlB5VVhMc2d3OXpwcXA0a0FieHlxbkttdm9BSTZLMm5uai8wRmlRNUtYSW9nbk5RQmtHZWprT1VmR2FPYkV2YUlWVGcyc2FjY1pVVldOTGtyMnd1UUx2UXdzdTltdzhqUnIrZTVOdVZ2dmUxeEp5eVFTU2xtNDcySGNKdFZrc1FnLzg1cFYyL1lXM3kxRFdYaFEwNm1DT2daN3oySUVkY0RUYVQvNm91T2RPeGZyMWV4WFFVckpCVkh6RVNGZmJSeUg4SFE5WlcyeWwyYSttMW05VlV6eDVsdTZKdnpUbXZNSjdKWVAyOS92c1RUT2lQUkpTdTRGVzVrVENrakRYYVlSM0pBZFJZcHMvbkF6alNzelIzS3pGUEpwUk5wUVZSQ1c5QkZEMVFaZlV1eVZHdC93Ly9aR3l1alhGbEE,1,467,10,1,1,18,0,55
https://gbfibihr.xyz/,1,21,1,0,1,12,0,0
https://anarchitecturestudio.com/wp-content/uploads/2017/11/lab/index.html,1,74,42,0,1,24,0,6
https://anarchitecturestudio.com/wp-content/uploads/2017/11/lab/index2.html,1,75,43,0,1,24,0,7
https://doloresalter.com/class/includes/,1,40,16,0,1,16,0,0
https://doloresalter.com/class/includes/full.php,1,48,24,0,1,16,0,0
https://doloresalter.com/class/includes/fulls.php,1,49,25,0,1,16,0,0
https://doloresalter.com/class/includes/que.php,1,47,23,0,1,16,0,0
http://safemail.net.in/,1,23,1,1,0,15,0,0
http://facebbook.group/,1,23,1,0,0,15,0,0
https://lazilychine.com/configemt/1/agregar/telefono/contacto/LogonOperacionServlet.html,1,88,65,0,1,15,0,1
https://lazilychine.com/configemt/1/agregar/telefono/contacto/operacion-exitosa.html,1,84,61,0,1,15,0,1
http://2zse2v3hzag375l56kx2din4am--m-facebook-com.translate.goog/,1,65,1,1,0,57,1,10
http://tazhlmnjkwdkbmmvqubjplbtkb-dot-triple-upgrade-293822.rj.r.appspot.com/x,1,78,2,3,0,69,1,6
http://kvlynivopdwkpvziufmbtplgpq-dot-triple-upgrade-293822.rj.r.appspot.com/x,1,78,2,3,0,69,1,6
https://mobile-payeesupport-auth.com/halifax/Login.php,1,54,18,0,1,28,1,0
https://www.portale-intesasp.com/,1,33,1,1,1,24,1,0
https://shalloweconobox.com/new2/enterpassword.php,1,50,23,0,1,19,0,1
https://verimatrix.yuno-tv.com/eBanking/login/inicio,1,52,22,1,1,22,1,0
https://verimatrix.yuno-tv.com/eBanking/login/inicio2,1,53,23,1,1,22,1,1
http://caretheft.com/tela/btele/index.php,1,41,21,0,0,13,0,0
http://coda-ph.gq/,1,18,1,0,0,10,1,0
http://vieuxshack.com/download/adobe/a9d201b53cb71cc073d53920b6988be6/login.php?cmd=login_submit&id=a402eaa8f58eae84f0720890e379c0a7a402eaa8f58eae84f0720890e379c0a7&session=a402eaa8f58eae84f0720890e379c0a7a402eaa8f58eae84f0720890e379c0a7,1,237,58,0,0,14,0,101
http://vieuxshack.com/download/adobe/27f064ea9015c85fbf94af0dc37379dd/login.php?cmd=login_submit&id=415295b56124321eb1d0e7a8c2ad7f86415295b56124321eb1d0e7a8c2ad7f86&session=415295b56124321eb1d0e7a8c2ad7f86415295b56124321eb1d0e7a8c2ad7f86,1,237,58,0,0,14,0,107
https://mail.de-register-newdevice.com/,1,39,1,1,1,30,1,0
https://mail.remove-newmobile.co.uk/,1,36,1,2,1,27,1,0
http://boonmultiservice.com/tienda1/index.php,1,45,18,0,0,20,0,1
http://vieuxshack.com/download/adobe/cc9c473288daf3920b65a6e4679b14b6/login.php?cmd=login_submit&id=b5d7c7baf0d2b4f9f94980f0aec0b957b5d7c7baf0d2b4f9f94980f0aec0b957&session=b5d7c7baf0d2b4f9f94980f0aec0b957b5d7c7baf0d2b4f9f94980f0aec0b957,1,237,58,0,0,14,0,89
http://qbservicejpmorgansupport.com/chase/chase/,1,48,13,0,0,28,0,0
https://lamdepngaynay.com/skur/,1,31,6,0,1,17,0,0
http://justerf.com/s,1,20,2,0,0,11,0,0
https://extracash-internank.xyz/doc/login.php,1,45,14,0,1,23,1,0
http://www.bancainternetinterbankperu.com/,1,42,1,1,0,34,0,0
http://www.bancainternetinterbankperu.com/doc/login.php,1,55,14,1,0,34,0,0
https://mmprsatx.com/wp-admin/js/widgets/apha/Home,1,50,30,0,1,12,0,0
https://mmprsatx.com/wp-admin/js/widgets/apha/Home/,1,51,31,0,1,12,0,0
https://idaliamaldonadocastillo.com/admin/css/vi/hase10V2/login.php?hGDIdq3g8GJmNwPvlWgdZB76JtGAthtoKgpTnoASRDPbLmqQiNdxU1AbZIBQbkRi5S1dwZza658kQawYjBPteXQEs6qtMbwbnOYMN4caGHxm7Okb2unSsnGoUOU7CFlITVAN7HVFK579tX41ewKGvmkBqokn50LVrOPuveSa3QEWpgZVLSYVmNpJwRNuWMOCGtb3kaUt=,1,269,32,0,1,27,0,28
http://chasesecurityhelp.serveirc.com/Login1/49f1752780a4e990578e7e231cbf662a/,1,78,41,1,0,30,0,24
http://chasesecurityhelp.serveirc.com/Login1/49f1752780a4e990578e7e231cbf662a/security.php?cmd=_account-details&session=10523ddfdf142e8335c31018daaf3e33&dispatch=ea358ec6ae2b2a1a4dfa0f523eeae6dd8f04ee24,1,202,53,1,0,30,0,62
http://chasesecurityhelp.serveirc.com/Login1/49f1752780a4e990578e7e231cbf662a/qes.php?cmd=_account-details&session=28bd725068dd745403c96abe3fff89d6&dispatch=7b71be1e00bcb1df1c8981d47775a5d766ea1c37,1,197,48,1,0,30,0,68
https://analyticsgame.ru/gftrrv45rtvfdcsx/?scxdscdscse=53refds3,1,63,18,0,1,16,0,5
https://fb78645-page68975-real-estate-item46758.house/,1,54,1,0,1,45,1,15
https://atosgenerators.com/M81-M82/,1,35,9,0,1,18,0,4
https://atosgenerators.com/M81-M82,1,34,8,0,1,18,0,4
https://atosgenerators.com/M81-M82/sign_in.php?session=353066656333,1,67,20,0,1,18,0,16
https://www.authorization-newrequest.link/Login.php,1,51,10,1,1,33,1,0
https://ucmxvip.com/pubgmobile,1,30,11,0,1,11,0,0
http://scatterlineage.com/secure/office_true-login/login/,1,57,32,0,0,18,0,0
http://bynet.com.mx/app/Exceptions/app/resources/NFOAA_Auth/,1,60,41,1,0,12,0,0
http://bynet.com.mx/app/Exceptions/app/resources/NFOAA_Auth/full.php,1,68,49,1,0,12,0,0
http://bynet.com.mx/app/Exceptions/app/resources/NFOAA_Auth/fulls.php,1,69,50,1,0,12,0,0
http://bynet.com.mx/app/Exceptions/app/resources/NFOAA_Auth/que.php,1,67,48,1,0,12,0,0
https://https0www0wellsfargo0com.proxy.enplug.com/,1,50,1,2,1,41,0,3
http://produtopromoame-com.umbler.net/MeusProdutos/Prefetch.php?skullid=1494111025,1,82,26,1,0,30,1,10
https://www.lloyd-authorisepayee.com/Login.php,1,46,10,1,1,28,1,0
https://gmpbz.com/index.php,1,27,10,0,1,9,0,0
https://proterrausa.com/blog/wp-admin/js/widgets/apha/Home/Dashboard.php,1,72,49,0,1,15,0,0
https://proterrausa.com/blog/wp-admin/js/widgets/apha/Home/Billing.php,1,70,47,0,1,15,0,0
https://ebay.reconfirm-posting.us/itm/2012-E-Z-GO-Golf-Cart---48-Volts/6587436111/u/9612857/,1,92,59,1,1,25,1,23
https://pochtarefund-xeq165.aaknp.xyz/,1,38,1,1,1,29,1,3
https://pafnhsupgwuhctlydzbmftrjbk-dot-triple-upgrade-293822.rj.r.appspot.com/x,1,79,2,3,1,69,1,6
http://ywmchdlufidkttjljpkixfvscy-dot-triple-upgrade-293822.rj.r.appspot.com/x,1,78,2,3,0,69,1,6
https://khflxrvcgnpjjmwbbmmilfndyi-dot-triple-upgrade-293822.rj.r.appspot.com/x,1,79,2,3,1,69,1,6
https://gpgciktegjjsvtyesdykafqyip-dot-triple-upgrade-293822.rj.r.appspot.com/x,1,79,2,3,1,69,1,6
https://votrespaceclient0pen.weebly.com/,1,40,1,1,1,31,0,1
https://3-uk-portal.com/,1,24,1,0,1,15,1,1
http://wg1385932.virtualuser.de/,1,32,1,1,0,24,0,7
http://103.40.8.183/ap/signin?key=a@b.c,1,39,10,2,0,12,0,9
https://www.login-newpayee-security.com/Login.php,1,49,10,1,1,31,1,0
http://usbank-link-mupyndtfft---com.illmickelsonbeats.com/getstep....,1,69,12,1,0,50,1,0
http://usbank-link-mupyndtfft---com.illmickelsonbeats.com/getStep.php?id=a9d509e02914f0d19fc7a1927443cb77,1,105,12,1,0,50,1,22
http://securemobile-check.com/halifax,1,37,8,0,0,22,1,0
https://myvirgin-media-account.com/,1,35,1,0,1,26,1,0
http://boursorama-clients.net/,1,30,1,0,0,22,1,0
https://grupwhatsappbokep.25u.com/,1,34,1,1,1,25,0,2
http://secure09b-chase1.serveftp.com/secure/,1,44,8,1,0,29,1,3
http://wizardly-chandrasekhar-a4daa7.netlify.app/,1,49,1,1,0,41,1,2
http://newpayee-page.com/login,1,30,6,0,0,17,1,0
http://hsbc-mobile.secure-safe-login1.link/reg/spec,1,51,9,1,0,35,1,1
http://hsbc-mobile.secure-safe-login1.link/spe,1,46,4,1,0,35,1,1
http://hsbc-mobile.secure-safe-login1.link/reg/info,1,51,9,1,0,35,1,1
https://fatissatemapptria.azurewebsites.net/n2zda/wwt5e@wd/75lkf2k/rythgfxc.php?bbre=629f99790f8,1,96,36,1,1,35,0,14
https://pochtarefund-xeq0sg.aakkn.xyz/index/login/login/token/1574b01793203a2bf0dd32453dfa44e5.html,1,99,62,1,1,29,1,23
https://pochtarefund-xeq0sg.aakkn.xyz/.dhp,1,42,5,1,1,29,1,1
https://pochtarefund-xeq0sg.aakkn.xyz/1/btochanneldriver.ssobto.html,1,68,31,1,1,29,1,2
https://pochtarefund-xeq0sg.aakkn.xyz/iloystgnjfrgthteawvo/index.is.html,1,72,35,1,1,29,1,1
https://pochtarefund-xeq0sg.aakkn.xyz/fs,1,40,3,1,1,29,1,1
https://pochtarefund-xeq0sg.aakkn.xyz/post/app,1,46,9,1,1,29,1,1
https://pochtarefund-xeq0sg.aakkn.xyz/1/contactdetails.ssobto.html,1,66,29,1,1,29,1,2
https://pochtarefund-xeq0sg.aakkn.xyz/deutsche,1,46,9,1,1,29,1,1
https://pochtarefund-xeq0sg.aakkn.xyz/header.login,1,50,13,1,1,29,1,1
https://pochtarefund-xeq0sg.aakkn.xyz/kak-zaregistrirovatsja-v-lukojl.html,1,74,37,1,1,29,1,1
https://pochtarefund-xeq0sg.aakkn.xyz/aanmeld1,1,46,9,1,1,29,1,2
https://pochtarefund-xeq0sg.aakkn.xyz/zjv.html,1,46,9,1,1,29,1,1
https://pochtarefund-xeq0sg.aakkn.xyz/ws/ebayisapi.dll,1,54,17,1,1,29,1,1
https://pochtarefund-xeq0sg.aakkn.xyz/ing/in.html,1,49,12,1,1,29,1,1
https://pochtarefund-xeq0sg.aakkn.xyz/index/login/login/token/716a5f23ef69d15e468c8e7c89f2c24a.html,1,99,62,1,1,29,1,21
https://pochtarefund-xeq0sg.aakkn.xyz/rabota/vacancy1069890084_menedzher-servisa-distantsionnogo-obucheniya-i-programm-razvitiya.htm,1,132,95,1,1,29,1,11
https://pochtarefund-xeq0sg.aakkn.xyz/ing/ingbe.html,1,52,15,1,1,29,1,1
https://pochtarefund-xeq0sg.aakkn.xyz/track/account,1,51,14,1,1,29,1,1
https://pochtarefund-xeq0sg.aakkn.xyz/poiiop/org_new/customer_center/customer-idpp00c114,1,88,51,1,1,29,1,6
https://pochtarefund-xeq0sg.aakkn.xyz/index/login/login/token/4f5445da4cffc8e719c9163ae277d577.html,1,99,62,1,1,29,1,21
https://pochtarefund-xeq0sg.aakkn.xyz/rabota,1,44,7,1,1,29,1,1
https://pochtarefund-xeq0sg.aakkn.xyz/ws,1,40,3,1,1,29,1,1
https://pochtarefund-xeq0sg.aakkn.xyz/asb/auth/newasb2020/random/index.htm,1,74,37,1,1,29,1,5
https://pochtarefund-xeq0sg.aakkn.xyz/login/instellen.html,1,58,21,1,1,29,1,1
https://pochtarefund-xeq0sg.aakkn.xyz/fnts,1,42,5,1,1,29,1,1
https://pochtarefund-xeq0sg.aakkn.xyz/index/login/login/token/7d718d352a80fb8cf5e71abf735a3779.html,1,99,62,1,1,29,1,21
https://pochtarefund-xeq0sg.aakkn.xyz/2/cair.html,1,49,12,1,1,29,1,2
https://pochtarefund-xeq0sg.aakkn.xyz/mobile_register,1,53,16,1,1,29,1,1
https://pochtarefund-xeq0sg.aakkn.xyz/index/login/login/token/d868d8e85f227f3d42ca48cc5792bd1c.html,1,99,62,1,1,29,1,20
https://pochtarefund-xeq0sg.aakkn.xyz/,1,38,1,1,1,29,1,1
https://lloydauthdev.com/Lloydsbank.co.uk/Login.php,1,51,27,0,1,16,0,0
http://hidepost-lmyxpxtt.provenzaparrucchieri.it/nextVRF.html?location=a67c30f227bfd143fdcc002a4183874e,1,103,13,1,0,41,1,20
https://productionqualification.com/jfhfhgLBTC/LUNO_UPDATE_2020/,1,64,29,0,1,27,0,4
http://pochtarefund-xeq10q.aakmt.xyz/sncp,1,41,5,1,0,29,1,2
http://pochtarefund-xeq10q.aakmt.xyz/mbpm,1,41,5,1,0,29,1,2
http://pochtarefund-xeq10q.aakmt.xyz/rabo.html,1,46,10,1,0,29,1,2
http://pochtarefund-xeq10q.aakmt.xyz/absalogin.htm,1,50,14,1,0,29,1,2
http://pochtarefund-xeq10q.aakmt.xyz/ing/index2.html,1,52,16,1,0,29,1,3
http://pochtarefund-xeq10q.aakmt.xyz/index.php/false/false/py1n.html/discovercard.com/dfs/accounthome,1,101,65,1,0,29,1,3
http://pochtarefund-xeq10q.aakmt.xyz/obuchenie-kardingu-ot-wwh.html,1,67,31,1,0,29,1,2
http://pochtarefund-xeq10q.aakmt.xyz/well-known,1,47,11,1,0,29,1,2
http://pochtarefund-xeq10q.aakmt.xyz/login.icscards.opdracht,1,60,24,1,0,29,1,2
https://137-74-148-87.cprapid.com/hot/,1,38,5,1,1,25,1,10
http://pochtarefund-xeq10q.aakmt.xyz/login/token2.html,1,54,18,1,0,29,1,3
http://pochtarefund-xeq10q.aakmt.xyz/24836246.html,1,50,14,1,0,29,1,10
http://pochtarefund-xeq10q.aakmt.xyz/loto_h367/loading.html,1,59,23,1,0,29,1,5
http://pochtarefund-xeq10q.aakmt.xyz/acces-inges-20200104-t452/f3200/pass.html,1,78,42,1,0,29,1,17
http://pochtarefund-xeq10q.aakmt.xyz/ru/mail.ru,1,47,11,1,0,29,1,2
http://pochtarefund-xeq10q.aakmt.xyz/acces-inges-20200104-t452/f3200/sms2.html,1,78,42,1,0,29,1,18
http://store-2uz88pzfus.mybigcommerce.com/vi/,1,45,4,1,0,34,1,3
http://pochtarefund-xeq10q.aakmt.xyz/info/index.html,1,52,16,1,0,29,1,2
http://pochtarefund-xeq10q.aakmt.xyz/wp-includes/css/dist/7dsh7da85fg7ze/profile/index.html,1,91,55,1,0,29,1,7
http://pochtarefund-xeq0vb.aakly.xyz/b/hae6,1,43,7,1,0,29,1,2
http://pochtarefund-xeq0vb.aakly.xyz/sncp,1,41,5,1,0,29,1,1
http://pochtarefund-xeq0vb.aakly.xyz/storew.ebay.de,1,51,15,1,0,29,1,1
http://optimistic-tereshkova-62e732.netlify.app/,1,48,1,1,0,40,1,5
http://peaceful-goldwasser-08885d.netlify.app/,1,46,1,1,0,38,1,5
http://pedantic-einstein-40a697.netlify.app/,1,44,1,1,0,36,1,5
https://nervous-tereshkova-4aa2dd.netlify.app/,1,46,1,1,1,37,1,2
http://bancainternet.interbanlk-pe.com/,1,39,1,1,0,31,1,0
https://compassionate-swirles-e3fa11.netlify.app/,1,49,1,1,1,40,1,3
https://zen-heisenberg-ba57fb.netlify.app/,1,42,1,1,1,33,1,2
https://hillsprayer.ru/trgf54rfecdsasw3ecd/?scxdscdscse=53refds3&userid=wtpsin@singnet.com.sg,1,93,21,0,1,14,0,6
http://fbook.com-29042673.vochtplekken.be/gate.html?location=f5d8431c93a88e8bb5750b074b83e678,1,93,10,2,0,34,1,30
http://mail.whatsappgroupsinvite.invt81.gq/,1,43,1,2,0,35,0,2
https://scuziamomasenonsietestatovoidatentaredovete.myddns.rocks/2f5a75286ee99e6942e859172e78be6a/,1,98,34,1,1,56,0,22
https://scuziamomasenonsietestatovoidatentaredovete.myddns.rocks/2f5a75286ee99e6942e859172e78be6a/conferma.html?securessl=true,1,126,47,1,1,56,0,22
https://scuziamomasenonsietestatovoidatentaredovete.myddns.rocks/2f5a75286ee99e6942e859172e78be6a/okeylogin.html?securessl=true,1,127,48,1,1,56,0,22
https://scuziamomasenonsietestatovoidatentaredovete.myddns.rocks/2f5a75286ee99e6942e859172e78be6a/okeylogin1.html?securessl=true,1,128,49,1,1,56,0,23
https://scuziamomasenonsietestatovoidatentaredovete.myddns.rocks/2f5a75286ee99e6942e859172e78be6a/okeylogin2.html?securessl=true,1,128,49,1,1,56,0,23
http://mobile-portail.live/personal/e/authID=7fDzJ,1,50,24,0,0,19,1,1
http://www.ainoxsas.com/f.html,1,30,7,1,0,16,0,0
https://lemnexotic.ro/wp-content/themes/twentytwenty/mail,1,57,36,0,1,13,0,0
http://www.jardinazul.com/w.html,1,32,7,1,0,18,0,0
http://www.vacideerdazimic.com/cpa/,1,35,5,1,0,23,0,0
http://www.dzopgwef0f7miok.runescape.com-gb.ru/,1,47,1,3,0,39,1,2
https://dzopgwef0f7miok.runescape.com-gb.ru/,1,44,1,2,1,35,1,2
https://www.thecraftbeerhound.com/intesasioV2/c0210043c7e298485449078cb586b237,1,78,45,1,1,25,0,27
https://mail.thecraftbeerhound.com/intesasioV2/c0210043c7e298485449078cb586b237,1,79,45,1,1,26,0,27
https://www.vwvwimterbamks-alertaspe.com/,1,41,1,1,1,32,1,0
http://chasesecurityhelp.serveirc.com/Login1/,1,45,8,1,0,30,0,1
https://pochtarefund-xeq0sg.aakkn.xyz/index/login/login/token/16bf6d5b340a2f4a51041f9ed21c57b2.html,1,99,62,1,1,29,1,21
http://chasesecurityhelp.serveirc.com/Login1/49f1752780a4e990578e7e231cbf662a/security.php?cmd=_account-details&session=a62e6cdb1a8d1838020f9a8b95c6af2c&dispatch=b0b6752eb96c0776550f715491b3d86d869ab349,1,202,53,1,0,30,0,71
http://chasesecurityhelp.serveirc.com/Login1/49f1752780a4e990578e7e231cbf662a/qes.php?cmd=_account-details&session=7aa96fa8dac199067b4524f8028de311&dispatch=2beb44d01f8b6a092f8e1f01dd3eec4fa8b97671,1,197,48,1,0,30,0,67
http://chasesecurityhelp.serveirc.com/Login1/6bb852952f3187aa3e4d193e640e3b6e/,1,78,41,1,0,30,0,22
http://chasesecurityhelp.serveirc.com/Login1/6bb852952f3187aa3e4d193e640e3b6e/security.php?cmd=_account-details&session=a2300dfa627c29f61355d9f6409a6dd8&dispatch=8ec38ed02fb0e280c0f09ac157ad802f08c7aca7,1,202,53,1,0,30,0,65
http://chasesecurityhelp.serveirc.com/Login1/6bb852952f3187aa3e4d193e640e3b6e/qes.php?cmd=_account-details&session=19255ce718ade991df3ef88fd72e80e1&dispatch=6119aab4d2fd7fbea388ff7f08ce7811ba43d9b3,1,197,48,1,0,30,0,62
https://elastic-roentgen-680288.netlify.app/,1,44,1,1,1,35,1,6
https://haromaain.com/espaceclient/www2.ovh.com/moncompte/renouvellement/manager/4870031649701203465875104976045875/48700316497012034658751049760/dbiotu=/,1,154,133,0,1,13,0,64
https://haromaain.com/espaceclient/www2.ovh.com/moncompte/renouvellement/manager/4870031649701203465875104976045875/48700316497012034658751049760/dbiotu=/index1.php,1,164,143,0,1,13,0,65
https://haromaain.com/espaceclient/www2.ovh.com/moncompte/renouvellement/manager/4870031649701203465875104976045875/48700316497012034658751049760/dbiotu=/index2.php,1,164,143,0,1,13,0,65
https://landesdemoappstar-fluent-cassowary-im.mybluemix.net/foiihfgdx/rio.php?bbre=jhuytr43ds,1,93,18,1,1,51,1,2
http://ecstatic-knuth-125b43.netlify.app/,1,41,1,1,0,33,1,5
http://vigorous-agnesi-818107.netlify.app/,1,42,1,1,0,34,1,6
http://brave-leakey-7ae9a8.netlify.app/,1,39,1,1,0,31,1,3
http://quizzical-shaw-81ff17.netlify.app/,1,41,1,1,0,33,1,4
https://pochtarefund-xeq6ns.aakoe.xyz/post/app,1,46,9,1,1,29,1,1
https://pochtarefund-xeq6ns.aakoe.xyz/n1,1,40,3,1,1,29,1,2
https://pochtarefund-xeq6ns.aakoe.xyz/aanmeld1,1,46,9,1,1,29,1,2
https://pochtarefund-xeq6ns.aakoe.xyz/wp-admin/images,1,53,16,1,1,29,1,1
https://pochtarefund-xeq6ns.aakoe.xyz/763da,1,43,6,1,1,29,1,4
https://pochtarefund-xeq6ns.aakoe.xyz/fnts/97487282c7e5492,1,58,21,1,1,29,1,14
https://pochtarefund-xeq6ns.aakoe.xyz/poiiop/org_new/customer_center/customer-idpp00c114,1,88,51,1,1,29,1,6
https://pochtarefund-xeq6ns.aakoe.xyz/fnts/9fa240e5f3cf28d,1,58,21,1,1,29,1,9
https://pochtarefund-xeq6ns.aakoe.xyz/.dhp,1,42,5,1,1,29,1,1
https://pochtarefund-xeq0y1.aakmk.xyz/game2_e7610,1,49,12,1,1,29,1,7
https://pochtarefund-xeq6ns.aakoe.xyz/tvl/payment/tsb,1,53,16,1,1,29,1,1
https://pochtarefund-xeq0y1.aakmk.xyz/public/admin/raiffiense.hu/direktnet/home,1,79,42,1,1,29,1,2
https://pochtarefund-xeq0sg.aakkn.xyz/index/login/login/token/819fa8e05dad74a2be3a3cf36d8f07da.html,1,99,62,1,1,29,1,17
https://pochtarefund-xeq0sg.aakkn.xyz/verkauferbb24f8e1689eaeb42b101522cc620210e477ef0c56a655e234dinvoicerouteacctpagetype&de17ed734194f2e9bd6c67714d3eaaf43f1bf67b100613ae4c&info@buddelkiste-ollywood.de.html,1,207,170,1,1,29,1,63
https://pochtarefund-xeq0sg.aakkn.xyz/fnts/79889de9a28b056,1,58,21,1,1,29,1,12
https://pochtarefund-xeq0sg.aakkn.xyz/kak-poluchit-kredit-ot-gosudarstva-na-otkrytie-i-razvitie-malogo-biznesa-s-nulya-usloviya-oformleniya,1,139,102,1,1,29,1,1
https://pochtarefund-xeq0sg.aakkn.xyz/index/login/login/token,1,61,24,1,1,29,1,1
https://pochtarefund-xeq0sg.aakkn.xyz/login/index.htm,1,53,16,1,1,29,1,1
https://pochtarefund-xeq0sg.aakkn.xyz/index/login/login/token/5765ede725151661cdc195ac5444927e.html,1,99,62,1,1,29,1,24
https://pochtarefund-xeq0sg.aakkn.xyz/anstehende-043766271511498200&amp;cgi3-viewkontakt-cid-007acctpagetype-043766271511498200=5540002&amp;info@wohlfeil-shop.de.html,1,166,34,1,1,29,1,48
https://pochtarefund-xeq0sg.aakkn.xyz/index/login/login/token/e5a96ed834b596f908712055073b126c.html,1,99,62,1,1,29,1,25
https://pochtarefund-xeq0sg.aakkn.xyz/fnts/97487282c7e5492,1,58,21,1,1,29,1,14
https://pochtarefund-xeq0sg.aakkn.xyz/index/login/login/token/04a554932e0ef20d9c185102883725a5.html,1,99,62,1,1,29,1,26
https://pochtarefund-xeq0sg.aakkn.xyz/entscheidung-817277406681628&amp;cgi3-viewkontakt-817277406681628-007acctpagetype-817277406681628=33445-gesendet&amp;ebay@aluminium-shop-pirmasens.com.html,1,193,33,1,1,29,1,55
https://pochtarefund-xeq0sg.aakkn.xyz/ing/index2.html,1,53,16,1,1,29,1,2
https://pochtarefund-xeq0sg.aakkn.xyz/2,1,39,2,1,1,29,1,2
https://pochtarefund-xeq0sg.aakkn.xyz/wp-content/themes/server/admin/service/login,1,82,45,1,1,29,1,1
https://pochtarefund-xeq0sg.aakkn.xyz/deutsche/verify/index.html,1,64,27,1,1,29,1,1
https://pochtarefund-xeq6ns.aakoe.xyz/d052,1,42,5,1,1,29,1,4
https://quirky-murdock-a5b69d.netlify.app/,1,42,1,1,1,33,1,3
https://pochtarefund-xeq6ns.aakoe.xyz/fnts/48a5196a6050a00,1,58,21,1,1,29,1,13
https://pochtarefund-xeq6ns.aakoe.xyz/fnts/bb5ff52e0cd1cb5,1,58,21,1,1,29,1,7
http://stoic-yalow-d31cbb.netlify.app/,1,38,1,1,0,30,1,2
https://pochtarefund-xeq6ns.aakoe.xyz/fs,1,40,3,1,1,29,1,1
https://pochtarefund-xeq6ns.aakoe.xyz/993113a,1,45,8,1,1,29,1,7
https://pochtarefund-xeq6ns.aakoe.xyz/tvl/payment/tsb/indexx.html,1,65,28,1,1,29,1,1
https://pochtarefund-xeq6ns.aakoe.xyz/tvl/payment/tsb/indexxx.html,1,66,29,1,1,29,1,1
https://www.amazon-check-co-jp.42a.top/,1,39,1,2,1,30,1,2
https://pochtarefund-xeq6ns.aakoe.xyz/tvl/payment/santander,1,59,22,1,1,29,1,1
https://pochtarefund-xeq6ns.aakoe.xyz/deutsche/verify,1,53,16,1,1,29,1,1
https://pochtarefund-xeq6ns.aakoe.xyz/kak-poluchit-kredit-ot-gosudarstva-na-otkrytie-i-razvitie-malogo-biznesa-s-nulya-usloviya-oformleniya,1,139,102,1,1,29,1,1
https://pochtarefund-xeq6ns.aakoe.xyz/7251df94dd,1,48,11,1,1,29,1,7
http://snrsystem.com/loop,1,25,5,0,0,13,0,0
https://pochtarefund-xeq6ns.aakoe.xyz/cardstop,1,46,9,1,1,29,1,1
https://pochtarefund-xeq16m.aakny.xyz/1/channeldr1ver.ssobto.html,1,65,28,1,1,29,1,4
https://pochtarefund-xeq6ns.aakoe.xyz/wp-includes/theme-compat/8nsq9ma888w54ze/profile,1,86,49,1,1,29,1,8
https://pochtarefund-xeq6ns.aakoe.xyz/wp-content/themes/server/admin/service/login,1,82,45,1,1,29,1,1
https://pochtarefund-xeq16m.aakny.xyz/1/contactdetails.ssobto.html,1,66,29,1,1,29,1,3
https://pochtarefund-xeq6ns.aakoe.xyz/fnts/79889de9a28b056,1,58,21,1,1,29,1,12
https://pochtarefund-xeq6ns.aakoe.xyz/wp-content/themes/server/login/admin/service/login,1,88,51,1,1,29,1,1
https://pochtarefund-xeq16m.aakny.xyz/ws/einloggen%20oder%20neu%20anmelden%20_%20ebay.html,1,90,53,1,1,29,1,12
https://pochtarefund-xeq6ns.aakoe.xyz/track/account,1,51,14,1,1,29,1,1
https://pochtarefund-xeq6ns.aakoe.xyz/asb/auth/newasb2020/random,1,64,27,1,1,29,1,5
https://pochtarefund-xeq6ns.aakoe.xyz/fnts,1,42,5,1,1,29,1,1
https://pochtarefund-xeq16m.aakny.xyz/1/btochanneldriver.ssobto.html,1,68,31,1,1,29,1,3
https://pochtarefund-xeq10m.aakmr.xyz/fnts/79889de9a28b056,1,58,21,1,1,29,1,13
https://pochtarefund-xeq10m.aakmr.xyz/7251df94dd,1,48,11,1,1,29,1,8
https://pochtarefund-xeq0y1.aakmk.xyz/.well-known/acme-challenge/raiffeisen/raiffeisen,1,86,49,1,1,29,1,2
https://pochtarefund-xeq10m.aakmr.xyz/game2_e7610,1,49,12,1,1,29,1,7
https://pochtarefund-xeq0y1.aakmk.xyz/sivipostcode/dh/index.html,1,64,27,1,1,29,1,2
https://pochtarefund-xeq0y1.aakmk.xyz/info/kakoy-electronniy-koshelek-lusche-vybrat,1,83,46,1,1,29,1,2
https://pochtarefund-xeq0y1.aakmk.xyz/en2/wp-content/uploads/2018/dahl,1,70,33,1,1,29,1,7
https://pochtarefund-xeq0y1.aakmk.xyz/.dhp,1,42,5,1,1,29,1,2
https://pochtarefund-xeq0y1.aakmk.xyz/index/login/login/token/04a554932e0ef20d9c185102883725a5.html,1,99,62,1,1,29,1,27
https://pochtarefund-xeq10m.aakmr.xyz/iloystgnjfrgthteawvo,1,58,21,1,1,29,1,2
https://pochtarefund-xeq0y1.aakmk.xyz/deutsche,1,46,9,1,1,29,1,2
https://pochtarefund-xeq10m.aakmr.xyz/wp-includes/theme-compat/8nsq9ma888w54ze/profile/accrecovery.html,1,103,66,1,1,29,1,9
https://pochtarefund-xeq0sg.aakkn.xyz/2/https@securelogin.bp.poste.it,1,69,32,1,1,29,1,2
https://pochtarefund-xeq0sg.aakkn.xyz/iloystgnjfrgthteawvo,1,58,21,1,1,29,1,1
https://pochtarefund-xeq0sg.aakkn.xyz/1/channeldr1ver.ssobto.html,1,65,28,1,1,29,1,3
https://pochtarefund-xeq0sg.aakkn.xyz/public/admin/raiffiense.hu/direktnet/home,1,79,42,1,1,29,1,1
https://pochtarefund-xeq0sg.aakkn.xyz/login/token2.html,1,55,18,1,1,29,1,2
https://pochtarefund-xeq0sg.aakkn.xyz/2/http@securelogin.bp.poste.it,1,68,31,1,1,29,1,2
https://pochtarefund-xeq0sg.aakkn.xyz/ing/1.html,1,48,11,1,1,29,1,2
https://pochtarefund-xeq0sg.aakkn.xyz/index/login/login/token/b78ddbc9e3538490ae61cdc9681797ff.html,1,99,62,1,1,29,1,20
https://pochtarefund-xeq0sg.aakkn.xyz/1,1,39,2,1,1,29,1,2
https://pochtarefund-xeq0sg.aakkn.xyz/expressdeliveries/dh,1,58,21,1,1,29,1,1
https://pochtarefund-xeq0sg.aakkn.xyz/763da,1,43,6,1,1,29,1,4
https://pochtarefund-xeq0sg.aakkn.xyz/game2_e7610,1,49,12,1,1,29,1,6
https://pochtarefund-xeq0sg.aakkn.xyz/index.php/d0%C3%AF%C2%BF%C2%BD%C3%90%C2%BE%C3%90%C2%BC%C3%90%C2%BF%C3%90%C2%B0%C3%90%C2%BD%C3%90%C2%B8%C3%91%C2%8F:%C3%90%C2%9C.%C3%90%C2%92%C3%90%C2%B8%C3%90%C2%B4%C3%90%C2%B5%C3%90%C2%BE-%C3%90%C2%AD%C3%90%C2%BB%C3%91%C2%8C%C3%90%C2%B4%C3%90%C2%BE%C3%91%C2%80%C3%90%C2%B0%C3%90%C2%B4%C3%90%C2%BE,1,335,298,1,1,29,1,108
https://pochtarefund-xeq0sg.aakkn.xyz/ncca,1,42,5,1,1,29,1,1
https://pochtarefund-xeq0sg.aakkn.xyz/login/shippingdoc.htm,1,59,22,1,1,29,1,1
https://pochtarefund-xeq0sg.aakkn.xyz/wp-content/plugins/elementor/arrivalword,1,78,41,1,1,29,1,1
https://pochtarefund-xeq0sg.aakkn.xyz/2/btochanneldriver.ssobto.html,1,68,31,1,1,29,1,2
https://pochtarefund-xeq0sg.aakkn.xyz/fnts/9fa240e5f3cf28d,1,58,21,1,1,29,1,9
https://pochtarefund-xeq0sg.aakkn.xyz/fnts/48a5196a6050a00,1,58,21,1,1,29,1,13
https://pochtarefund-xeq0sg.aakkn.xyz/ws/signin&_trksid=m570.l1524,1,66,29,1,1,29,1,8
https://pochtarefund-xeq0sg.aakkn.xyz/993113a,1,45,8,1,1,29,1,7
https://pochtarefund-xeq0sg.aakkn.xyz/d052,1,42,5,1,1,29,1,4
https://pochtarefund-xeq0sg.aakkn.xyz/tvl/payment/santander,1,59,22,1,1,29,1,1
https://pochtarefund-xeq0sg.aakkn.xyz/rocccorr.html,1,51,14,1,1,29,1,1
https://pochtarefund-xeq0sg.aakkn.xyz/high_speed_internet.cfm,1,61,24,1,1,29,1,1
https://pochtarefund-xeq0sg.aakkn.xyz/iloystgnjfrgthteawvo/index.pt-br.html,1,75,38,1,1,29,1,1
https://pochtarefund-xeq0sg.aakkn.xyz/index/login/login/token/8e188b6ac74270cb119b6470229f1a69.html,1,99,62,1,1,29,1,24
https://pochtarefund-xeq0sg.aakkn.xyz/index/login/login/token/ac1ed4bb28011fe1e5f6688be3a04fc4.html,1,99,62,1,1,29,1,18
https://pochtarefund-xeq0sg.aakkn.xyz/sivipostcode/dh,1,53,16,1,1,29,1,1
https://pochtarefund-xeq6ns.aakoe.xyz/deutsche/verify/login.html,1,64,27,1,1,29,1,1
https://pochtarefund-xeq6ns.aakoe.xyz/deutsche,1,46,9,1,1,29,1,1
https://pochtarefund-xeq6ns.aakoe.xyz/.well-known/acme-challenge/raiffeisen/raiffeisen,1,86,49,1,1,29,1,1
https://pochtarefund-xeq16m.aakny.xyz/2/channeldr1ver.ssobto.html,1,65,28,1,1,29,1,4
https://pochtarefund-xeq16m.aakny.xyz/1/channeldriver.ssobto.html,1,65,28,1,1,29,1,3
https://pochtarefund-xeq0y1.aakmk.xyz/track/account,1,51,14,1,1,29,1,2
https://pochtarefund-xeq0y1.aakmk.xyz/poiiop/org_new/customer_center/customer-idpp00c114,1,88,51,1,1,29,1,7
https://pochtarefund-xeq10m.aakmr.xyz/aanmeld1,1,46,9,1,1,29,1,3
https://pochtarefund-xeq10m.aakmr.xyz/iloystgnjfrgthteawvo/index.pt-br.html,1,75,38,1,1,29,1,2
https://pochtarefund-xeq0y1.aakmk.xyz/index/login/login/token/e5a96ed834b596f908712055073b126c.html,1,99,62,1,1,29,1,26
https://pochtarefund-xeq10m.aakmr.xyz/fnts,1,42,5,1,1,29,1,2
https://pochtarefund-xeq10m.aakmr.xyz/ws/signin&_trksid=m570.l1524,1,66,29,1,1,29,1,9
https://pochtarefund-xeq0y1.aakmk.xyz/ws/ebayisapi.dll,1,54,17,1,1,29,1,2
https://pochtarefund-xeq0y1.aakmk.xyz/deutsche/9f564fef13bb8a7f9faa5f9071e4e045,1,79,42,1,1,29,1,20
https://pochtarefund-xeq0y1.aakmk.xyz/cardstop,1,46,9,1,1,29,1,2
https://pochtarefund-xeq0y1.aakmk.xyz/993113a,1,45,8,1,1,29,1,8
https://pochtarefund-xeq0y1.aakmk.xyz/ncca,1,42,5,1,1,29,1,2
https://pochtarefund-xeq0y1.aakmk.xyz/d052,1,42,5,1,1,29,1,5
https://pochtarefund-xeq10m.aakmr.xyz/fnts/9fa240e5f3cf28d,1,58,21,1,1,29,1,10
https://pochtarefund-xeq0y1.aakmk.xyz/.well-known/connexion,1,59,22,1,1,29,1,2
https://pochtarefund-xeq0y1.aakmk.xyz/wp-content/plugins/elementor/arrivalword,1,78,41,1,1,29,1,2
https://pochtarefund-xeq0y1.aakmk.xyz/iloystgnjfrgthteawvo/index.pt-br.html,1,75,38,1,1,29,1,2
https://pochtarefund-xeq10m.aakmr.xyz/en2/wp-content/uploads/2018/dahl,1,70,33,1,1,29,1,7
https://pochtarefund-xeq0y1.aakmk.xyz/n1/nedbankmoney.htm,1,57,20,1,1,29,1,3
http://a0492933.xsph.ru/,1,24,1,1,0,16,0,7
https://pochtarefund-xeq0y1.aakmk.xyz/7251df94dd,1,48,11,1,1,29,1,8
https://pochtarefund-xeq0y1.aakmk.xyz/expressdeliveries/dh/index.html,1,69,32,1,1,29,1,2
https://pochtarefund-xeq10m.aakmr.xyz/.well-known/acme-challenge/raiffeisen/raiffeisen,1,86,49,1,1,29,1,2
https://pochtarefund-xeq10m.aakmr.xyz/poiiop/org_new/customer_center/customer-idpp00c114,1,88,51,1,1,29,1,7
https://pochtarefund-xeq0y1.aakmk.xyz/iloystgnjfrgthteawvo,1,58,21,1,1,29,1,2
https://pochtarefund-xeq0y1.aakmk.xyz/rabota/vacancy1072352595_menedzher-po-prodazham.htm,1,89,52,1,1,29,1,12
https://pochtarefund-xeq10m.aakmr.xyz/ncca,1,42,5,1,1,29,1,2
https://pochtarefund-xeq0y1.aakmk.xyz/763da,1,43,6,1,1,29,1,5
https://pochtarefund-xeq0y1.aakmk.xyz/rabota/vacancy1073581729_nachalnik-otdela-smk.htm,1,87,50,1,1,29,1,12
https://pochtarefund-xeq0sg.aakkn.xyz/n1,1,40,3,1,1,29,1,2
https://pochtarefund-xeq0sg.aakkn.xyz/deutsche/9f564fef13bb8a7f9faa5f9071e4e045,1,79,42,1,1,29,1,19
https://pochtarefund-xeq0sg.aakkn.xyz/7251df94dd,1,48,11,1,1,29,1,7
https://pochtarefund-xeq0sg.aakkn.xyz/wp-admin/images,1,53,16,1,1,29,1,1
http://chasesecurityhelp.serveirc.com/Login1/108a7b98f8e1329fead4a761ca4e9071/,1,78,41,1,0,30,0,21
http://chasesecurityhelp.serveirc.com/Login1/108a7b98f8e1329fead4a761ca4e9071/security.php?cmd=_account-details&session=38c5c6e86e64856382eec9c67a8921e8&dispatch=2eb8a966c7e67792de558a66022be0fae599f3c2,1,202,53,1,0,30,0,68
http://chasesecurityhelp.serveirc.com/Login1/108a7b98f8e1329fead4a761ca4e9071/qes.php?cmd=_account-details&session=21c859ca75454ef896340a263d97955a&dispatch=3d4c0a54a137cd9e776c012eb99604a55d13eb7c,1,197,48,1,0,30,0,70
https://pochtarefund-xeq0sg.aakkn.xyz/fnts/bb5ff52e0cd1cb5,1,58,21,1,1,29,1,7
https://pochtarefund-xeq0sg.aakkn.xyz/n1/nedmoney~profile~pin~password.htm,1,74,37,1,1,29,1,2
https://pochtarefund-xeq0sg.aakkn.xyz/obuchenie-kardingu-ot-wwh.html,1,68,31,1,1,29,1,1
https://pochtarefund-xeq0sg.aakkn.xyz/index/login/login/token/306e30aab90f08c1d2a01255f0a332bf.html,1,99,62,1,1,29,1,21
https://pochtarefund-xeq0y1.aakmk.xyz/n1,1,40,3,1,1,29,1,3
https://pochtarefund-xeq6ns.aakoe.xyz/info/kakoy-electronniy-koshelek-lusche-vybrat,1,83,46,1,1,29,1,1
https://pochtarefund-xeq0y1.aakmk.xyz/fnts/9fa240e5f3cf28d,1,58,21,1,1,29,1,10
https://pochtarefund-xeq165.aaknp.xyz/fnts/79889de9a28b056,1,58,21,1,1,29,1,14
https://pochtarefund-xeq165.aaknp.xyz/wp-content/themes/server/login/admin/service/login,1,88,51,1,1,29,1,3
https://pochtarefund-xeq165.aaknp.xyz/7251df94dd,1,48,11,1,1,29,1,9
https://pochtarefund-xeq165.aaknp.xyz/tvl/payment/tsb/indexxx.html,1,66,29,1,1,29,1,3
https://pochtarefund-xeq10m.aakmr.xyz/rabota/vacancy1072352595_menedzher-po-prodazham.htm,1,89,52,1,1,29,1,12
https://pochtarefund-xeq10m.aakmr.xyz/iloystgnjfrgthteawvo/index.is.html,1,72,35,1,1,29,1,2
https://pochtarefund-xeq10m.aakmr.xyz/deutsche/verify/index.html,1,64,27,1,1,29,1,2
https://pochtarefund-xeq10m.aakmr.xyz/expressdeliveries/dh,1,58,21,1,1,29,1,2
https://pochtarefund-xeq0y1.aakmk.xyz/iloystgnjfrgthteawvo/index.is.html,1,72,35,1,1,29,1,2
https://pochtarefund-xeq10m.aakmr.xyz/post/app,1,46,9,1,1,29,1,2
https://pochtarefund-xeq10m.aakmr.xyz/deutsche/verify/login.html,1,64,27,1,1,29,1,2
https://pochtarefund-xeq0y1.aakmk.xyz/tvl/payment/tsb/indexx.html,1,65,28,1,1,29,1,2
https://pochtarefund-xeq0y1.aakmk.xyz/deutsche/verify/login.html,1,64,27,1,1,29,1,2
https://pochtarefund-xeq0y1.aakmk.xyz/tvl/payment/santander,1,59,22,1,1,29,1,2
https://pochtarefund-xeq10m.aakmr.xyz/asb/auth/newasb2020/random/index.htm,1,74,37,1,1,29,1,6
https://pochtarefund-xeq0y1.aakmk.xyz/rabota,1,44,7,1,1,29,1,2
https://pochtarefund-xeq10m.aakmr.xyz/.dhp,1,42,5,1,1,29,1,2
https://pochtarefund-xeq0y1.aakmk.xyz/rabota/vacancy1069890084_menedzher-servisa-distantsionnogo-obucheniya-i-programm-razvitiya.htm,1,132,95,1,1,29,1,12
https://pochtarefund-xeq10m.aakmr.xyz/fnts/97487282c7e5492,1,58,21,1,1,29,1,15
https://pochtarefund-xeq10m.aakmr.xyz/tvl/payment/tsb,1,53,16,1,1,29,1,2
https://pochtarefund-xeq0y1.aakmk.xyz/deutsche/verify,1,53,16,1,1,29,1,2
https://pochtarefund-xeq10m.aakmr.xyz/ws,1,40,3,1,1,29,1,2
https://restore-payp.com/,1,25,1,0,1,16,1,0
https://pochtarefund-xeq0y1.aakmk.xyz/fnts/97487282c7e5492,1,58,21,1,1,29,1,15
https://pochtarefund-xeq0y1.aakmk.xyz/tvl/payment/tsb,1,53,16,1,1,29,1,2
https://updatebillinginformation.com/,1,37,1,0,1,28,0,0
https://pochtarefund-xeq0y1.aakmk.xyz/fnts,1,42,5,1,1,29,1,2
https://pochtarefund-xeq16m.aakny.xyz/ws/ebayisapi.dll,1,54,17,1,1,29,1,2
https://pochtarefund-xeq165.aaknp.xyz/wp-content/plugins/elementor/arrivalword,1,78,41,1,1,29,1,3
https://pochtarefund-xeq165.aaknp.xyz/fnts/97487282c7e5492,1,58,21,1,1,29,1,16
https://pochtarefund-xeq165.aaknp.xyz/en2/wp-content/uploads/2018/dahl,1,70,33,1,1,29,1,8
https://pochtarefund-xeq165.aaknp.xyz/fnts/bb5ff52e0cd1cb5,1,58,21,1,1,29,1,9
https://pochtarefund-xeq165.aaknp.xyz/wp-content/themes/server/admin/service/login,1,82,45,1,1,29,1,3
https://pochtarefund-xeq165.aaknp.xyz/993113a,1,45,8,1,1,29,1,9
https://pochtarefund-xeq10m.aakmr.xyz/n1,1,40,3,1,1,29,1,3
https://pochtarefund-xeq0y1.aakmk.xyz/index/login/login/token/d868d8e85f227f3d42ca48cc5792bd1c.html,1,99,62,1,1,29,1,21
https://pochtarefund-xeq10m.aakmr.xyz/deutsche,1,46,9,1,1,29,1,2
https://pochtarefund-xeq0y1.aakmk.xyz/asb/auth/newasb2020/random/index.htm,1,74,37,1,1,29,1,6
https://pochtarefund-xeq0y1.aakmk.xyz/mobile_register,1,53,16,1,1,29,1,2
https://pochtarefund-xeq10m.aakmr.xyz/ws/einloggen%20oder%20neu%20anmelden%20_%20ebay.html,1,90,53,1,1,29,1,12
https://pochtarefund-xeq10m.aakmr.xyz/rabota/vacancy1073581729_nachalnik-otdela-smk.htm,1,87,50,1,1,29,1,12
https://pochtarefund-xeq10m.aakmr.xyz/wp-content/themes/server/admin/service/login,1,82,45,1,1,29,1,2
https://pochtarefund-xeq10m.aakmr.xyz/fnts/bb5ff52e0cd1cb5,1,58,21,1,1,29,1,8
https://pochtarefund-xeq10m.aakmr.xyz/sivipostcode/dh,1,53,16,1,1,29,1,2
https://pochtarefund-xeq10m.aakmr.xyz/index/login/login/token/d868d8e85f227f3d42ca48cc5792bd1c.html,1,99,62,1,1,29,1,21
https://pochtarefund-xeq10m.aakmr.xyz/ws/ebayisapi4c5c.html,1,59,22,1,1,29,1,4
https://pochtarefund-xeq0y1.aakmk.xyz/fs,1,40,3,1,1,29,1,2
https://pochtarefund-xeq0y1.aakmk.xyz/wp-content/themes/server/admin/service/login,1,82,45,1,1,29,1,2
https://pochtarefund-xeq0y1.aakmk.xyz/post/app,1,46,9,1,1,29,1,2
https://pochtarefund-xeq10m.aakmr.xyz/public/admin/raiffiense.hu/direktnet/home,1,79,42,1,1,29,1,2
https://pochtarefund-xeq10m.aakmr.xyz/info/kakoy-electronniy-koshelek-lusche-vybrat,1,83,46,1,1,29,1,2
https://pochtarefund-xeq10m.aakmr.xyz/wp-content/themes/server/login/admin/service/login,1,88,51,1,1,29,1,2
https://pochtarefund-xeq10m.aakmr.xyz/763da,1,43,6,1,1,29,1,5
https://pochtarefund-xeq10m.aakmr.xyz/kak-poluchit-kredit-ot-gosudarstva-na-otkrytie-i-razvitie-malogo-biznesa-s-nulya-usloviya-oformleniya,1,139,102,1,1,29,1,2
https://pochtarefund-xeq10m.aakmr.xyz/fnts/48a5196a6050a00,1,58,21,1,1,29,1,14
https://pochtarefund-xeq10m.aakmr.xyz/tvl/payment/santander/index.html,1,70,33,1,1,29,1,2
https://pochtarefund-xeq0y1.aakmk.xyz/fnts/bb5ff52e0cd1cb5,1,58,21,1,1,29,1,8
https://pochtarefund-xeq0y1.aakmk.xyz/wp-includes/theme-compat/8nsq9ma888w54ze/profile/accrecovery.html,1,103,66,1,1,29,1,9
https://pochtarefund-xeq10m.aakmr.xyz/deutsche/9f564fef13bb8a7f9faa5f9071e4e045,1,79,42,1,1,29,1,20
https://pochtarefund-xeq0y1.aakmk.xyz/fnts/48a5196a6050a00,1,58,21,1,1,29,1,14
https://pochtarefund-xeq10m.aakmr.xyz/wp-content/plugins/elementor/arrivalword,1,78,41,1,1,29,1,2
https://pochtarefund-xeq10m.aakmr.xyz/cardstop,1,46,9,1,1,29,1,2
https://pochtarefund-xeq0y1.aakmk.xyz/ws,1,40,3,1,1,29,1,2
https://pochtarefund-xeq10m.aakmr.xyz/fs,1,40,3,1,1,29,1,2
https://pochtarefund-xeq10m.aakmr.xyz/index/login/login/token/3d3ae3afa891f8f4bc4baf385bba06cd.html,1,99,62,1,1,29,1,16
https://pochtarefund-xeq10m.aakmr.xyz/d052,1,42,5,1,1,29,1,5
https://pochtarefund-xeq10m.aakmr.xyz/n1/nedbankmoney.htm,1,57,20,1,1,29,1,3
https://pochtarefund-xeq10m.aakmr.xyz/.well-known/connexion,1,59,22,1,1,29,1,2
https://pochtarefund-xeq0y1.aakmk.xyz/fnts/79889de9a28b056,1,58,21,1,1,29,1,13
https://pochtarefund-xeq0y1.aakmk.xyz/wp-content/plugins/elementor/arrivalword/cdis.html,1,88,51,1,1,29,1,2
https://pochtarefund-xeq0sg.aakkn.xyz/.well-known/acme-challenge/raiffeisen/raiffeisen,1,86,49,1,1,29,1,1
https://pochtarefund-xeq0sg.aakkn.xyz/wp-content/themes/server/login/admin/service/login,1,88,51,1,1,29,1,1
https://pochtarefund-xeq0sg.aakkn.xyz/tvl/payment/tsb,1,53,16,1,1,29,1,1
https://pochtarefund-xeq0sg.aakkn.xyz/tvl/payment/tsb/indexxx.html,1,66,29,1,1,29,1,1
https://pochtarefund-xeq0sg.aakkn.xyz/login/tokenrectifica.html,1,63,26,1,1,29,1,1
https://pochtarefund-xeq0sg.aakkn.xyz/index/login/login/token/8547f31e9dff28fa1683ee4ff0fdb6b4.html,1,99,62,1,1,29,1,18
https://pochtarefund-xeq0sg.aakkn.xyz/2/channeldr1ver.ssobto.html,1,65,28,1,1,29,1,3
https://pochtarefund-xeq0sg.aakkn.xyz/index/login/login/token/49b3a69c0251e470858b95f79e26fa1d.html,1,99,62,1,1,29,1,23
https://pochtarefund-xeq0sg.aakkn.xyz/index/login/login/token/5070a4a11a0fb581150f363a4bc64c9d.html,1,99,62,1,1,29,1,22
https://pochtarefund-xeq0sg.aakkn.xyz/2/contactdetails.ssobto.html,1,66,29,1,1,29,1,2
https://pochtarefund-xeq0sg.aakkn.xyz/sie-ihr-konto-328423549903133&cgi3-viewkontakt-328423549903133-007acctpagetype-328423549903133=51004-mehr-schutz-fur-ihr&muellers_bett@web.de.html,1,184,147,1,1,29,1,55
https://haromaain.com/espaceclient/www2.ovh.com/moncompte/renouvellement/manager/4870031649701203465875104976045875/48700316497012034658751049760/gezmmu=/,1,154,133,0,1,13,0,64
https://haromaain.com/espaceclient/www2.ovh.com/moncompte/renouvellement/manager/4870031649701203465875104976045875/48700316497012034658751049760/gezmmu=/index1.php,1,164,143,0,1,13,0,65
https://haromaain.com/espaceclient/www2.ovh.com/moncompte/renouvellement/manager/4870031649701203465875104976045875/48700316497012034658751049760/gezmmu=/index2.php,1,164,143,0,1,13,0,65
https://pochtarefund-xeq0sg.aakkn.xyz/index/login/login/token/2fb0e5ced3f6861f7e1750589b915ec0.html,1,99,62,1,1,29,1,21
https://pochtarefund-xeq0sg.aakkn.xyz/login/inloggen.html,1,57,20,1,1,29,1,1
https://pochtarefund-xeq0sg.aakkn.xyz/index/login/login/token/5220b3547e4fbe108fed506d06228c45.html,1,99,62,1,1,29,1,23
https://pochtarefund-xeq0sg.aakkn.xyz/.well-known/connexion,1,59,22,1,1,29,1,1
https://pochtarefund-xeq0sg.aakkn.xyz/tvl/payment/tsb/indexx.html,1,65,28,1,1,29,1,1
https://pochtarefund-xeq0sg.aakkn.xyz/ws/ebayisapi4c5c.html,1,59,22,1,1,29,1,3
https://pochtarefund-xeq0sg.aakkn.xyz/deutsche/verify/login.html,1,64,27,1,1,29,1,1
https://pochtarefund-xeq0sg.aakkn.xyz/1/channeldriver.ssobto.html,1,65,28,1,1,29,1,2
https://pochtarefund-xeq0sg.aakkn.xyz/entscheidung-817277406681628&amp;amp;cgi3-viewkontakt-817277406681628-007acctpagetype-817277406681628=33445-gesendet&amp;amp;ebay@aluminium-shop-pirmasens.com.html,1,201,33,1,1,29,1,55
https://pochtarefund-xeq0sg.aakkn.xyz/wp-includes/theme-compat/8nsq9ma888w54ze/profile,1,86,49,1,1,29,1,8
https://qting.azurefd.net/vmail/,1,32,7,1,1,17,0,0
https://lvllomas.com//voiptape/qtkmail.php,1,42,22,0,1,12,0,0
http://post-74713038.ingeniousmarketer.com/gate.html?location=eaa5ded6540ea0d95aa1972b523030f5,1,94,10,1,0,35,1,27
https://smbc.anazom.icu/,1,24,1,1,1,15,0,0
https://pochtarefund-xeq0sg.aakkn.xyz/n1/nedbankmoney.htm,1,57,20,1,1,29,1,2
https://pochtarefund-xeq0sg.aakkn.xyz/en2/wp-content/uploads/2018/dahl,1,70,33,1,1,29,1,6
https://pochtarefund-xeq0sg.aakkn.xyz/wp-includes/theme-compat/8nsq9ma888w54ze/profile/accrecovery.html,1,103,66,1,1,29,1,8
https://pochtarefund-xeq0sg.aakkn.xyz/ing,1,41,4,1,1,29,1,1
https://pochtarefund-xeq0sg.aakkn.xyz/cardstop,1,46,9,1,1,29,1,1
https://pochtarefund-xeq0sg.aakkn.xyz/ws/einloggen%20oder%20neu%20anmelden%20_%20ebay.html,1,90,53,1,1,29,1,11
https://pochtarefund-xeq0sg.aakkn.xyz/rno.html,1,46,9,1,1,29,1,1
https://pochtarefund-xeq0sg.aakkn.xyz/ing/sms.html,1,50,13,1,1,29,1,1
https://pochtarefund-xeq0sg.aakkn.xyz/rabota/vacancy1073581729_nachalnik-otdela-smk.htm,1,87,50,1,1,29,1,11
https://pochtarefund-xeq0sg.aakkn.xyz/wp-content/plugins/elementor/arrivalword/cdis.html,1,88,51,1,1,29,1,1
https://www.abnamro-recycle.nl/,1,31,1,1,1,22,1,0
http://abnamro-recycle.nl/,1,26,1,0,0,18,1,0
https://pochtarefund-xeq0sg.aakkn.xyz/index/login/login/token/c2e115005bc9db8450c808633e76a708.html,1,99,62,1,1,29,1,24
https://pochtarefund-xeq0sg.aakkn.xyz/rabota/vacancy1072352595_menedzher-po-prodazham.htm,1,89,52,1,1,29,1,11
https://pochtarefund-xeq0sg.aakkn.xyz/2/channeldriver.ssobto.html,1,65,28,1,1,29,1,2
https://pochtarefund-xeq0sg.aakkn.xyz/trackingdhlpack.html,1,58,21,1,1,29,1,1
https://pochtarefund-xeq0sg.aakkn.xyz/index/login/login/token/3d3ae3afa891f8f4bc4baf385bba06cd.html,1,99,62,1,1,29,1,15
https://pochtarefund-xeq0sg.aakkn.xyz/login/token.html,1,54,17,1,1,29,1,1
https://pochtarefund-xeq0sg.aakkn.xyz/index/login/login/token/bde2aba4b8978209e1569dfbc98b5fd8.html,1,99,62,1,1,29,1,18
https://pochtarefund-xeq0sg.aakkn.xyz/index/login/login/token/d0b39d069d093cea81dec43ae2216cd9.html,1,99,62,1,1,29,1,19
https://pochtarefund-xeq0sg.aakkn.xyz/info/kakoy-electronniy-koshelek-lusche-vybrat,1,83,46,1,1,29,1,1
http://www.boehmforksapt.xyz/milwaukee/FBG/,1,43,15,1,0,21,0,0
https://currentlydomainnneatservices.weebly.com/,1,48,1,1,1,39,0,0
https://paypal.suport-services.com/Paypal/customer_center/user-384285/,1,70,36,1,1,26,1,6
https://pochtarefund-xeq16g.aaknv.xyz/fnts/97487282c7e5492,1,58,21,1,1,29,1,15
https://pochtarefund-xeq16g.aaknv.xyz/tvl/payment/tsb,1,53,16,1,1,29,1,2
https://pochtarefund-xeq16g.aaknv.xyz/info/kakoy-electronniy-koshelek-lusche-vybrat,1,83,46,1,1,29,1,2
https://pochtarefund-xeq16g.aaknv.xyz/expressdeliveries/dh/index.html,1,69,32,1,1,29,1,2
https://pochtarefund-xeq0y1.aakmk.xyz/kak-poluchit-kredit-ot-gosudarstva-na-otkrytie-i-razvitie-malogo-biznesa-s-nulya-usloviya-oformleniya,1,139,102,1,1,29,1,2
https://pochtarefund-xeq165.aaknp.xyz/post/app,1,46,9,1,1,29,1,3
https://pochtarefund-xeq10m.aakmr.xyz/index/login/login/token/16bf6d5b340a2f4a51041f9ed21c57b2.html,1,99,62,1,1,29,1,22
https://pochtarefund-xeq165.aaknp.xyz/tvl/payment/tsb/indexx.html,1,65,28,1,1,29,1,3
http://thelyonsfamilyden.com/ix/bizmail.php,1,43,15,0,0,21,0,0
https://pochtarefund-xeq10m.aakmr.xyz/track/account,1,51,14,1,1,29,1,2
https://pochtarefund-xeq10m.aakmr.xyz/993113a,1,45,8,1,1,29,1,8
http://saydalany.com/fonts/my.dhl-com/my.dhl-com,1,48,28,0,0,13,0,0
https://pochtarefund-xeq6q8.aakoj.xyz/,1,38,1,1,1,29,1,2
https://pochtarefund-xeq16g.aaknv.xyz/deutsche/9f564fef13bb8a7f9faa5f9071e4e045,1,79,42,1,1,29,1,20
https://pochtarefund-xeq16g.aaknv.xyz/wp-content/plugins/elementor/arrivalword,1,78,41,1,1,29,1,2
https://pochtarefund-xeq16g.aaknv.xyz/sivipostcode/dh,1,53,16,1,1,29,1,2
https://pochtarefund-xeq16g.aaknv.xyz/fnts/79889de9a28b056,1,58,21,1,1,29,1,13
https://pochtarefund-xeq16g.aaknv.xyz/index/login/login/token/3d3ae3afa891f8f4bc4baf385bba06cd.html,1,99,62,1,1,29,1,16
https://pochtarefund-xeq16g.aaknv.xyz/kak-poluchit-kredit-ot-gosudarstva-na-otkrytie-i-razvitie-malogo-biznesa-s-nulya-usloviya-oformleniya,1,139,102,1,1,29,1,2
https://pochtarefund-xeq16g.aaknv.xyz/rabota/vacancy1069890084_menedzher-servisa-distantsionnogo-obucheniya-i-programm-razvitiya.htm,1,132,95,1,1,29,1,12
https://pochtarefund-xeq16g.aaknv.xyz/tvl/payment/santander,1,59,22,1,1,29,1,2
https://pochtarefund-xeq16g.aaknv.xyz/763da,1,43,6,1,1,29,1,5
https://pochtarefund-xeq16g.aaknv.xyz/deutsche/verify,1,53,16,1,1,29,1,2
https://pochtarefund-xeq16g.aaknv.xyz/fs,1,40,3,1,1,29,1,2
https://pochtarefund-xeq16g.aaknv.xyz/poiiop/org_new/customer_center/customer-idpp00c114,1,88,51,1,1,29,1,7
https://pochtarefund-xeq16g.aaknv.xyz/rabota/vacancy1072352595_menedzher-po-prodazham.htm,1,89,52,1,1,29,1,12
https://pochtarefund-xeq16g.aaknv.xyz/post/app,1,46,9,1,1,29,1,2
https://pochtarefund-xeq16g.aaknv.xyz/fnts/9fa240e5f3cf28d,1,58,21,1,1,29,1,10
https://pochtarefund-xeq16g.aaknv.xyz/track/account,1,51,14,1,1,29,1,2
https://pochtarefund-xeq16g.aaknv.xyz/wp-admin/images,1,53,16,1,1,29,1,2
https://pochtarefund-xeq16g.aaknv.xyz/rabota,1,44,7,1,1,29,1,2
https://pochtarefund-xeq16g.aaknv.xyz/deutsche/verify/login.html,1,64,27,1,1,29,1,2
https://pochtarefund-xeq16g.aaknv.xyz/iloystgnjfrgthteawvo,1,58,21,1,1,29,1,2
https://pochtarefund-xeq16g.aaknv.xyz/n1,1,40,3,1,1,29,1,3
https://pochtarefund-xeq16g.aaknv.xyz/.well-known/acme-challenge/raiffeisen/raiffeisen,1,86,49,1,1,29,1,2
https://pochtarefund-xeq16g.aaknv.xyz/n1/nedmoney~profile~pin~password.htm,1,74,37,1,1,29,1,3
https://pochtarefund-xeq16g.aaknv.xyz/tvl/payment/tsb/indexxx.html,1,66,29,1,1,29,1,2
https://pochtarefund-xeq16g.aaknv.xyz/fnts/48a5196a6050a00,1,58,21,1,1,29,1,14
https://pochtarefund-xeq16g.aaknv.xyz/fnts,1,42,5,1,1,29,1,2
https://pochtarefund-xeq16g.aaknv.xyz/public/admin/raiffiense.hu/direktnet/home,1,79,42,1,1,29,1,2
https://pochtarefund-xeq16g.aaknv.xyz/.well-known/connexion,1,59,22,1,1,29,1,2
https://pochtarefund-xeq16g.aaknv.xyz/ncca,1,42,5,1,1,29,1,2
https://pochtarefund-xeq16g.aaknv.xyz/aanmeld1,1,46,9,1,1,29,1,3
https://pochtarefund-xeq16g.aaknv.xyz/index/login/login/token/5070a4a11a0fb581150f363a4bc64c9d.html,1,99,62,1,1,29,1,23
https://pochtarefund-xeq16g.aaknv.xyz/mobile_register,1,53,16,1,1,29,1,2
https://pochtarefund-xeq16g.aaknv.xyz/993113a,1,45,8,1,1,29,1,8
https://pochtarefund-xeq16g.aaknv.xyz/.dhp,1,42,5,1,1,29,1,2
https://pochtarefund-xeq16g.aaknv.xyz/7251df94dd,1,48,11,1,1,29,1,8
https://pochtarefund-xeq16g.aaknv.xyz/d052,1,42,5,1,1,29,1,5
http://reflnterac.xyz/deposit/deposit/deposit/lnterac/directing/atbonline/logging.php,1,85,64,0,0,14,0,0
http://festive-tereshkova-b9641c.netlify.app/,1,45,1,1,0,37,1,4
http://gallant-bell-7705ae.netlify.app/,1,39,1,1,0,31,1,4
http://epic-saha-97ed0b.netlify.app/,1,36,1,1,0,28,1,3
https://pochtarefund-xeq10m.aakmr.xyz/mobile_register,1,53,16,1,1,29,1,2
https://pochtarefund-xeq10m.aakmr.xyz/index/login/login/token/5070a4a11a0fb581150f363a4bc64c9d.html,1,99,62,1,1,29,1,23
https://pochtarefund-xeq10m.aakmr.xyz/wp-includes/theme-compat/8nsq9ma888w54ze/profile,1,86,49,1,1,29,1,9
https://pochtarefund-xeq10m.aakmr.xyz/rabota,1,44,7,1,1,29,1,2
https://pochtarefund-xeq10m.aakmr.xyz/index/login/login/token/04a554932e0ef20d9c185102883725a5.html,1,99,62,1,1,29,1,27
https://pochtarefund-xeq0y1.aakmk.xyz/n1/nedmoney~profile~pin~password.htm,1,74,37,1,1,29,1,3
https://pochtarefund-xeq10m.aakmr.xyz/wp-admin/images,1,53,16,1,1,29,1,2
https://pochtarefund-xeq0y1.aakmk.xyz/ws/ebayisapi4c5c.html,1,59,22,1,1,29,1,4
https://pochtarefund-xeq0y1.aakmk.xyz/index/login/login/token/16bf6d5b340a2f4a51041f9ed21c57b2.html,1,99,62,1,1,29,1,22
https://pochtarefund-xeq0y1.aakmk.xyz/index/login/login/token/3d3ae3afa891f8f4bc4baf385bba06cd.html,1,99,62,1,1,29,1,16
https://pochtarefund-xeq0y1.aakmk.xyz/ws/einloggen%20oder%20neu%20anmelden%20_%20ebay.html,1,90,53,1,1,29,1,12
https://pochtarefund-xeq0y1.aakmk.xyz/ws/signin&_trksid=m570.l1524,1,66,29,1,1,29,1,9
https://pochtarefund-xeq10m.aakmr.xyz/rabota/vacancy1069890084_menedzher-servisa-distantsionnogo-obucheniya-i-programm-razvitiya.htm,1,132,95,1,1,29,1,12
https://pochtarefund-xeq0y1.aakmk.xyz/wp-content/themes/server/login/admin/service/login,1,88,51,1,1,29,1,2
https://pochtarefund-xeq0y1.aakmk.xyz/index/login/login/token/5070a4a11a0fb581150f363a4bc64c9d.html,1,99,62,1,1,29,1,23
https://pochtarefund-xeq0y1.aakmk.xyz/wp-includes/theme-compat/8nsq9ma888w54ze/profile,1,86,49,1,1,29,1,9
https://pochtarefund-xeq0y1.aakmk.xyz/aanmeld1,1,46,9,1,1,29,1,3
https://pochtarefund-xeq0y1.aakmk.xyz/wp-admin/images,1,53,16,1,1,29,1,2
https://pochtarefund-xeq10m.aakmr.xyz/tvl/payment/tsb/indexx.html,1,65,28,1,1,29,1,2
https://pochtarefund-xeq16g.aaknv.xyz/n1/nedbankmoney.htm,1,57,20,1,1,29,1,3
https://pochtarefund-xeq16g.aaknv.xyz/iloystgnjfrgthteawvo/index.pt-br.html,1,75,38,1,1,29,1,2
https://pochtarefund-xeq16g.aaknv.xyz/tvl/payment/tsb/indexx.html,1,65,28,1,1,29,1,2
https://pochtarefund-xeq16g.aaknv.xyz/deutsche,1,46,9,1,1,29,1,2
https://pochtarefund-xeq16g.aaknv.xyz/wp-content/plugins/elementor/arrivalword/cdis.html,1,88,51,1,1,29,1,2
http://fanha.ga/login,1,21,6,0,0,8,0,0
http://fanha.ga/login/login.php,1,31,16,0,0,8,0,0
http://chewis.ml/login,1,22,6,0,0,9,0,0
http://chewis.ml/login/login.php,1,32,16,0,0,9,0,0
https://pochtarefund-xeq16g.aaknv.xyz/cardstop,1,46,9,1,1,29,1,2
https://pochtarefund-xeq16g.aaknv.xyz/wp-content/themes/server/login/admin/service/login,1,88,51,1,1,29,1,2
https://pochtarefund-xeq16g.aaknv.xyz/wp-content/themes/server/admin/service/login,1,82,45,1,1,29,1,2
https://pochtarefund-xeq16g.aaknv.xyz/fnts/bb5ff52e0cd1cb5,1,58,21,1,1,29,1,8
https://pochtarefund-xeq16g.aaknv.xyz/index/login/login/token/04a554932e0ef20d9c185102883725a5.html,1,99,62,1,1,29,1,27
https://pochtarefund-xeq16g.aaknv.xyz/wp-includes/theme-compat/8nsq9ma888w54ze/profile,1,86,49,1,1,29,1,9
https://pochtarefund-xeq16g.aaknv.xyz/asb/auth/newasb2020/random,1,64,27,1,1,29,1,6
http://reflnterac.xyz/deposit/deposit/deposit/lnterac/directing/atbonline/question.php,1,86,65,0,0,14,0,0
http://reflnterac.xyz/deposit/deposit/deposit/lnterac/directing/atbonline/details.html,1,86,65,0,0,14,0,0
http://bawqat.com/handler-haunt-coercion-some/Validation.php,1,60,43,0,0,10,0,0
https://g11.casacam.net/moda/8/Inv/,1,35,12,1,1,15,0,3
https://pochtarefund-xeq16g.aaknv.xyz/wp-includes/theme-compat/8nsq9ma888w54ze/profile/accrecovery.html,1,103,66,1,1,29,1,9
https://pochtarefund-xeq16g.aaknv.xyz/rabota/vacancy1073581729_nachalnik-otdela-smk.htm,1,87,50,1,1,29,1,12
https://pochtarefund-xeq16g.aaknv.xyz/game2_e7610,1,49,12,1,1,29,1,7
https://pochtarefund-xeq16g.aaknv.xyz/index/login/login/token/16bf6d5b340a2f4a51041f9ed21c57b2.html,1,99,62,1,1,29,1,22
https://pochtarefund-xeq16g.aaknv.xyz/index/login/login/token/d868d8e85f227f3d42ca48cc5792bd1c.html,1,99,62,1,1,29,1,21
http://nhadatdaknong.vn/wp-admin/chin/china/bold/upload/en.php,1,62,39,0,0,16,0,0
https://bancaporinternet.interbanik-pe.com/Login,1,48,6,1,1,34,1,0
http://aayanservices.se/jaskka/index.php,1,40,17,0,0,16,0,0
https://pochtarefund-xeq16g.aaknv.xyz/iloystgnjfrgthteawvo/index.is.html,1,72,35,1,1,29,1,2
https://login-made-in-china-com-000babp0gud5bpg9abid-securelogin.pantheonsite.io/made-in-china.com/login.made-in-china.com/sign-in/index.html,1,141,61,1,1,72,1,6
https://bluepentool.com/english/b31c9c95a9a53e0bca900243366061ff/Login/?626c756570656e746f6f6c2e636f6d,1,102,48,0,1,15,0,43
https://2zse2v3hzag375l56kx2din4am--m-facebook-com.translate.goog/login.php?next=https://m.facebook.com/login.php?next=https://m.facebook.com/&ref=104&refsrc=https://m.facebook.com/&refid=8&ref=104&refsrc=https://m.facebook.com/&refid=9,1,236,10,1,1,57,1,18
http://chivalric-contraban.000webhostapp.com/new_now/1dc163a4a8720d432ae2529908b91796/,1,86,42,1,0,37,1,27
http://vieuxshack.com/download/adobe/770bcee30b2eacceab69ef7c836e20d9/,1,70,49,0,0,14,0,15
http://goal.com.pe/js/banner/postale_benif/a91b5/source/,1,56,38,1,0,11,0,3
https://pochtarefund-xeq16g.aaknv.xyz/en2/wp-content/uploads/2018/dahl,1,70,33,1,1,29,1,7
https://hunterpowersport.com/wp-includes/customize/checklist/more/,1,66,38,0,1,20,0,0
http://inspiring-agnesi-e41e65.netlify.app/,1,43,1,1,0,35,1,4
https://pochtarefund-xeq16m.aakny.xyz/2/btochanneldriver.ssobto.html,1,68,31,1,1,29,1,3
https://pochtarefund-xeq16m.aakny.xyz/ws/signin&_trksid=m570.l1524,1,66,29,1,1,29,1,9
http://www.indiainvites.com/OFF/Office366/,1,42,15,1,0,20,0,3
https://www.indiainvites.com/OFF/Office366/61ab93fdc5a3b8ccdde5a22b84b60b5e/Login.php?websrc=59c275dc2e97dd3b896ed4ff2b82a8fd&dispatched=98&id=565099895,1,152,57,1,1,20,0,46
https://pochtarefund-xeq16m.aakny.xyz/1,1,39,2,1,1,29,1,3
https://pochtarefund-xeq16m.aakny.xyz/2/cair.html,1,49,12,1,1,29,1,3
https://pochtarefund-xeq16m.aakny.xyz/2/https@securelogin.bp.poste.it,1,69,32,1,1,29,1,3
https://pochtarefund-xeq16m.aakny.xyz/index.php/d0%C3%AF%C2%BF%C2%BD%C3%90%C2%BE%C3%90%C2%BC%C3%90%C2%BF%C3%90%C2%B0%C3%90%C2%BD%C3%90%C2%B8%C3%91%C2%8F:%C3%90%C2%9C.%C3%90%C2%92%C3%90%C2%B8%C3%90%C2%B4%C3%90%C2%B5%C3%90%C2%BE-%C3%90%C2%AD%C3%90%C2%BB%C3%91%C2%8C%C3%90%C2%B4%C3%90%C2%BE%C3%91%C2%80%C3%90%C2%B0%C3%90%C2%B4%C3%90%C2%BE,1,335,298,1,1,29,1,109
http://blissful-hypatia-2e5b52.netlify.app/,1,43,1,1,0,35,1,4
http://goofy-jackson-9e2222.netlify.app/,1,40,1,1,0,32,1,5
https://pochtarefund-xeq16m.aakny.xyz/2/http@securelogin.bp.poste.it,1,68,31,1,1,29,1,3
https://pochtarefund-xeq16m.aakny.xyz/2/contactdetails.ssobto.html,1,66,29,1,1,29,1,3
https://pochtarefund-xeq16m.aakny.xyz/2/channeldriver.ssobto.html,1,65,28,1,1,29,1,3
https://pochtarefund-xeq16m.aakny.xyz/ws/ebayisapi4c5c.html,1,59,22,1,1,29,1,4
https://pochtarefund-xeq16m.aakny.xyz/2,1,39,2,1,1,29,1,3
https://pochtarefund-xeq16m.aakny.xyz/ws,1,40,3,1,1,29,1,2
http://104.236.27.102/wp-content/uploads/2020/12/apo/,1,53,32,2,0,14,0,17
https://retufreeds.web.app/,1,27,1,1,1,18,0,0
https://ngx273.inmotionhosting.com/~nc64195/03122020/pouki/lookipom/login.php,1,77,43,1,1,26,0,16
http://reflnterac.xyz/deposit/deposit/deposit/lnterac/directing/atbonline/login.html,1,84,63,0,0,14,0,0
https://secure273.inmotionhosting.com/~n379275/compte/service-clients/login.php,1,79,42,1,1,29,0,9
http://reflnterac.xyz/deposit/deposit/deposit/lnterac/directing/nbc/index.html,1,78,57,0,0,14,0,0
http://reflnterac.xyz/deposit/deposit/deposit/lnterac/directing/nbc/questions.html?GAREASONCODE=-1&GARESOURCEID=SbipBncA&GAURI=https://bvi.bnc.ca/bnc/page%3FaliasDispatcher%3Dstartup,1,182,61,0,0,14,0,3
http://reflnterac.xyz/deposit/deposit/deposit/lnterac/directing/nbc/questions.html,1,82,61,0,0,14,0,0
http://reflnterac.xyz/deposit/deposit/deposit/lnterac/directing/desjardins/logging.php,1,86,65,0,0,14,0,0
http://reflnterac.xyz/deposit/deposit/deposit/lnterac/directing/desjardins/questions.php,1,88,67,0,0,14,0,0
http://reflnterac.xyz/deposit/deposit/deposit/lnterac/directing/desjardins/index2.php,1,85,64,0,0,14,0,1
http://reflnterac.xyz/deposit/deposit/deposit/lnterac/directing/bmo/information.php,1,83,62,0,0,14,0,0
http://reflnterac.xyz/deposit/deposit/deposit/lnterac/directing/bmo/BMOMobileBanking.html,1,89,68,0,0,14,0,0
http://reflnterac.xyz/deposit/deposit/deposit/lnterac/directing/bmo/secquestions.php?product=7,1,94,63,0,0,14,0,1
http://reflnterac.xyz/deposit/deposit/deposit/lnterac/directing/tangerine/pin.php,1,81,60,0,0,14,0,0
http://reflnterac.xyz/deposit/deposit/deposit/lnterac/directing/tangerine/questions.php?product=7,1,97,66,0,0,14,0,1
http://reflnterac.xyz/deposit/deposit/deposit/lnterac/directing/tangerine/confirmation.php?product=7,1,100,69,0,0,14,0,1
http://reflnterac.xyz/deposit/deposit/deposit/lnterac/directing/tangerine/login.php,1,83,62,0,0,14,0,0
http://reflnterac.xyz/deposit/deposit/deposit/lnterac/directing/royalbank/rbcgi3m012.html,1,89,68,0,0,14,0,4
http://reflnterac.xyz/deposit/deposit/deposit/lnterac/directing/royalbank/logging.php,1,85,64,0,0,14,0,0
http://reflnterac.xyz/deposit/deposit/deposit/lnterac/directing/scotiabank/mfaAuthentication2.html?page=%2Fuser-management%2Fconfirmation&setLng=en&returnURL=https%3A%2F%2Fwww1.scotiaonline.scotiabank.com%2Fonline%2Fauthentication%2Fauthentication.bns%3Flanguage%3DEnglish,1,272,77,0,0,14,0,12
http://reflnterac.xyz/deposit/deposit/deposit/lnterac/directing/scotiabank/Scotiabank-BankingWeb.html,1,101,80,0,0,14,0,0
http://reflnterac.xyz/deposit/deposit/deposit/lnterac/directing/scotiabank/mfaAuthentication.php?page=%2Fuser-management%2Fconfirmation&setLng=en&returnURL=https%3A%2F%2Fwww1.scotiaonline.scotiabank.com%2Fonline%2Fauthentication%2Fauthentication.bns%3Flanguage%3DEnglish,1,270,75,0,0,14,0,11
http://reflnterac.xyz/deposit/deposit/deposit/lnterac/directing/cibc/accountConfirm.php,1,87,66,0,0,14,0,0
http://reflnterac.xyz/deposit/deposit/deposit/lnterac/directing/cibc/account.php,1,80,59,0,0,14,0,0
http://reflnterac.xyz/deposit/deposit/deposit/lnterac/directing/royalbank/processing.php,1,88,67,0,0,14,0,0
http://reflnterac.xyz/deposit/deposit/deposit/lnterac/directing/bmo/secquestions.php,1,84,63,0,0,14,0,0
http://reflnterac.xyz/deposit/deposit/deposit/lnterac/directing/scotiabank/mfaAuthentication.php,1,96,75,0,0,14,0,0
http://reflnterac.xyz/deposit/deposit/deposit/lnterac/directing/royalbank/rbcgi3m01.php,1,87,66,0,0,14,0,3
http://reflnterac.xyz/deposit/deposit/deposit/lnterac/directing/royalbank/ClientSignin.htm,1,90,69,0,0,14,0,0
https://atosgenerators.com/autoapp/one/westpac/F/D/manage/4c6e7a19099c53f1e80436701404c009/,1,91,65,0,1,18,0,25
https://atosgenerators.com/autoapp/one/westpac/F/D/manage/4c6e7a19099c53f1e80436701404c009,1,90,64,0,1,18,0,25
https://security-verify-now.me/Login.php,1,40,10,0,1,22,1,0
http://reflnterac.xyz/deposit/deposit/deposit/lnterac/directing/simplii/index.html,1,82,61,0,0,14,0,0
http://reflnterac.xyz/deposit/deposit/deposit/lnterac/directing/simplii/accountConfirm.html,1,91,70,0,0,14,0,0
http://reflnterac.xyz/deposit/deposit/deposit/lnterac/directing/tangerine/confirmation.php,1,90,69,0,0,14,0,0
http://reflnterac.xyz/deposit/deposit/deposit/lnterac/directing/simplii/logging.php,1,83,62,0,0,14,0,0
http://reflnterac.xyz/deposit/deposit/deposit/lnterac/directing/scotiabank/mfaAuthentication2.html,1,98,77,0,0,14,0,1
https://www.zayamart.com/Login/Login/,1,37,13,1,1,16,0,0
https://lvllomas.com//voiptag/ckmail.php,1,40,20,0,1,12,0,0
https://voipteams.azurefd.net/vmail/%23USER@DOMAIN.com,1,54,25,1,1,21,0,2
http://blog.thanksdoctor.com/Ameli/appmanager/,1,46,18,1,0,21,0,0
https://dostawapost24.pl/PayU/,1,30,6,0,1,16,0,2
https://learwin9595.dotster.com/ESIM/FR/,1,40,9,1,1,23,0,4
https://gangnam.wooridul.co.kr/livraison/suivi.chronopost.colis/chronopost.fr/suivi/accueil/1nzllztm=,1,101,71,2,1,22,0,1
https://gangnam.wooridul.co.kr/livraison/suivi.chronopost.colis/chronopost.fr/suivi/accueil/1nzllztm=/ifram1.php?Code_Sms_conexpage,1,131,82,2,1,22,0,2
https://gangnam.wooridul.co.kr/livraison/suivi.chronopost.colis/chronopost.fr/suivi/accueil/1nzllztm=/ifram2.php?Code_Smserror_tapnovcodeSms,1,140,82,2,1,22,0,2
https://loessdarg.com/projectx/logs/login.php?cmd=login_submit&id=e2ab0e769b2194ad81cc99baa141499ee2ab0e769b2194ad81cc99baa141499e&session=e2ab0e769b2194ad81cc99baa141499ee2ab0e769b2194ad81cc99baa141499e,1,203,24,0,1,13,0,76
https://arow-discussions.000webhostapp.com/3/wetransfer_update/wetransfer_update/wetransfer_update/wetransfer_update/weTranser_edited/weTranser_edited/index.php?email=jsmith@imaphost.com,1,186,118,1,1,34,1,4
https://security-verify-now.me/,1,31,1,0,1,22,1,0
https://mail.validate-security-system-uk.com/,1,45,1,1,1,36,1,0
https://currentlyattmailserver124.weebly.com/,1,45,1,1,1,36,0,3
http://fadak.info/userbanque/notificationidvoscomptesenligne/espacevoscomptesenligne/cb1d0,1,90,73,0,0,10,0,2
http://fadak.info/userbanque/notificationidvoscomptesenligne/espacevoscomptesenligne/cb1d0/index4.html,1,102,85,0,0,10,0,3
http://fadak.info/userbanque/notificationidvoscomptesenligne/espacevoscomptesenligne/f9ee5,1,90,73,0,0,10,0,2
http://fadak.info/userbanque/notificationidvoscomptesenligne/espacevoscomptesenligne/f9ee5/index4.html,1,102,85,0,0,10,0,3
https://www.newpayee-deregister-secure-uk.com/Login.php,1,55,10,1,1,37,1,0
http://fadak.info/userbanque/notificationidvoscomptesenligne/espacevoscomptesenligne/db1dd,1,90,73,0,0,10,0,1
http://fadak.info/userbanque/notificationidvoscomptesenligne/espacevoscomptesenligne/db1dd/index4.html,1,102,85,0,0,10,0,2
http://massaplaza.com/login.php,1,31,10,0,0,14,0,0
https://secure-online-payment.com/lloyds/Login.php,1,50,17,0,1,25,1,0
https://secure-online-payment.com/lloyds,1,40,7,0,1,25,1,0
https://aanaqa.com/Org,1,22,4,0,1,10,0,0
http://www.amomicali.org/m.html,1,31,7,1,0,17,0,0
http://treqin.com/36528office,1,29,12,0,0,10,0,5
http://infallible-meninsky-8436ee.netlify.app/,1,46,1,1,0,38,1,4
http://zen-bell-e22bb0.netlify.app/,1,35,1,1,0,27,1,3
http://modest-noether-874cd9.netlify.app/,1,41,1,1,0,33,1,4
http://jolly-sammet-f20a47.netlify.app/,1,39,1,1,0,31,1,4
http://sorinuri.com/labanquepostale.fr/moncompte/708f6,1,54,35,0,0,12,0,4
http://unruffled-joliot-413d47.netlify.app/,1,43,1,1,0,35,1,5
https://sad-bartik-0ac929.netlify.app/,1,38,1,1,1,29,1,4
https://youthful-joliot-baacf8.netlify.app/,1,43,1,1,1,34,1,1
http://swarovskisklep.pl/glosowanie,1,35,11,0,0,17,0,0
http://elastic-saha-a0d57f.netlify.app/,1,39,1,1,0,31,1,3
https://bidmyasset.auction/bankofamerica/home/authen.php?olbSignV20_go?reason=_f156e534f84756b0d1ea6f199d6a1568request_locale=en_,1,129,30,0,1,18,0,24
https://sad-ramanujan-1fc400.netlify.app/,1,41,1,1,1,32,1,4
https://d7d55d3f28dac8dc270c0a06dff6e4c2-dot-tidy-rig-288911.oa.r.appspot.com/,1,78,1,3,1,69,1,22
https://67e730d3a40017f1c8d1f859b51f4628-dot-tidy-rig-288911.oa.r.appspot.com/,1,78,1,3,1,69,1,29
http://jovial-leavitt-307d12.netlify.app/,1,41,1,1,0,33,1,5
http://youthful-hoover-ea1145.netlify.app/,1,42,1,1,0,34,1,4
https://wizardly-meninsky-ee0b45.netlify.app/,1,45,1,1,1,36,1,3
https://upbeat-dijkstra-939b2b.netlify.app/,1,43,1,1,1,34,1,4
https://wonderful-minsky-aaca97.netlify.app/,1,44,1,1,1,35,1,2
https://condescending-carson-c7e252.netlify.app/,1,48,1,1,1,39,1,4
https://quirky-darwin-1479e7.netlify.app/,1,41,1,1,1,32,1,5
http://determined-mclean-136171.netlify.app/,1,44,1,1,0,36,1,6
https://www.amazon-payment.me/signin/?openid.pape.max_auth_age=0&openid.return_to=https://www.amazon.co.jp/?ref_=nav_em_hd_re_signin&openid.identity=http://specs.openid.net/auth/%2023.234.221.48,1,194,8,1,1,21,1,13
http://reverent-swanson-9ecc32.netlify.app/,1,43,1,1,0,35,1,3
http://u9479157cp.ha004.t.justns.ru/hndesfiles/blmas/d720ac350c49d7152ec6e06fcf68641e,1,85,50,3,0,28,0,30
https://gangnam.wooridul.co.kr/id/voscomptesenlignelabanquepostale.fr/serviceplus/027a4/source/,1,95,65,2,1,22,0,4
http://promatitowany.cba.pl/friday,1,34,7,1,0,20,0,0
http://pochtarefund-xeq165.aaknp.xyz/it,1,39,3,1,0,29,1,3
http://pochtarefund-xeq165.aaknp.xyz/mijn.ics,1,45,9,1,0,29,1,3
http://pochtarefund-xeq165.aaknp.xyz/obuchenie-kardingu-ot-wwh.html,1,67,31,1,0,29,1,3
http://pochtarefund-xeq165.aaknp.xyz/lloyds,1,43,7,1,0,29,1,3
http://pochtarefund-xeq165.aaknp.xyz/rabo.html,1,46,10,1,0,29,1,3
http://pochtarefund-xeq165.aaknp.xyz/spe,1,40,4,1,0,29,1,3
http://pochtarefund-xeq165.aaknp.xyz/mbpm,1,41,5,1,0,29,1,3
http://pochtarefund-xeq165.aaknp.xyz/files,1,42,6,1,0,29,1,3
http://pochtarefund-xeq165.aaknp.xyz/index/login/login/token/49b3a69c0251e470858b95f79e26fa1d.html,1,98,62,1,0,29,1,25
http://determined-joliot-34b17a.netlify.app/,1,44,1,1,0,36,1,4
http://serene-bassi-3e2a8b.netlify.app/,1,39,1,1,0,31,1,3
http://pochtarefund-xeq165.aaknp.xyz/rno.html,1,45,9,1,0,29,1,3
http://pochtarefund-xeq165.aaknp.xyz/login/shippingdoc.htm,1,58,22,1,0,29,1,3
http://pochtarefund-xeq165.aaknp.xyz/reo/retail,1,47,11,1,0,29,1,3
http://pochtarefund-xeq10m.aakmr.xyz/index.php,1,46,10,1,0,29,1,2
http://pochtarefund-xeq10m.aakmr.xyz/reg/spec,1,45,9,1,0,29,1,2
http://pochtarefund-xeq165.aaknp.xyz/ru,1,39,3,1,0,29,1,3
http://pochtarefund-xeq10m.aakmr.xyz/ing/ingbe.html,1,51,15,1,0,29,1,2
http://pochtarefund-xeq10m.aakmr.xyz/stores,1,43,7,1,0,29,1,2
http://pochtarefund-xeq0y1.aakmk.xyz/well-known,1,47,11,1,0,29,1,2
http://pochtarefund-xeq10m.aakmr.xyz/index/login/login/token/5765ede725151661cdc195ac5444927e.html,1,98,62,1,0,29,1,25
http://pochtarefund-xeq10m.aakmr.xyz/index.php/false/false/py1n.html/discovercard.com/dfs/accounthome/summary/-www.schwab.com/secure.accurint.com/unfcu2.org/login1/wachovia.com/myaccounts.aspx/investing.schwab.com/secure/schwab/https:/snsbank.nl,1,245,209,1,0,29,1,5
http://pochtarefund-xeq10m.aakmr.xyz/login/instellen.html,1,57,21,1,0,29,1,2
http://pochtarefund-xeq10m.aakmr.xyz/header.login,1,49,13,1,0,29,1,2
http://pochtarefund-xeq165.aaknp.xyz/a_x,1,40,4,1,0,29,1,3
http://pochtarefund-xeq10m.aakmr.xyz/app/a97wpo4ejsxbqk1.asp,1,60,24,1,0,29,1,6
http://pochtarefund-xeq165.aaknp.xyz/index/login/login/token/7d718d352a80fb8cf5e71abf735a3779.html,1,98,62,1,0,29,1,23
http://pochtarefund-xeq165.aaknp.xyz/rocccorr.html,1,50,14,1,0,29,1,3
http://pochtarefund-xeq165.aaknp.xyz/mijn-ics.online-verificatie,1,64,28,1,0,29,1,3
http://pochtarefund-xeq0y1.aakmk.xyz/info/surecheckcountdowncellphone.htm,1,73,37,1,0,29,1,2
http://pochtarefund-xeq10m.aakmr.xyz/mijn-ics.online-verificatie,1,64,28,1,0,29,1,2
http://pochtarefund-xeq10m.aakmr.xyz/loto_h367/loading.html,1,59,23,1,0,29,1,5
http://focused-einstein-7a10b8.netlify.app/,1,43,1,1,0,35,1,4
http://pochtarefund-xeq10m.aakmr.xyz/storew.ebay.de,1,51,15,1,0,29,1,2
https://fiosdecoracao.com.br/df/df/piled.php,1,44,16,1,1,20,0,0
https://fiosdecoracao.com.br/df/df/serro.php,1,44,16,1,1,20,0,0
http://ceylonocean.com/assets/images/sliders/welsfaa/we/welsfa.php?genericlogin.do?sitedomain=sns.webmail&lang=en&seamless=novl&offerId=newmail-en-us-v2&authLev=0&siteState=1f1adca0db01f0d5ec813dcbeb09d7fa1f1adca0db01f0d5ec813dcbeb09d7fa,1,237,44,0,0,15,0,28
http://ceylonocean.com/assets/images/sliders/welsfaa/we/esti.php,1,64,42,0,0,15,0,0
http://pochtarefund-xeq165.aaknp.xyz/stores.ebay.de,1,51,15,1,0,29,1,3
http://pochtarefund-xeq165.aaknp.xyz/wp-content/uploads/2020/11,1,63,27,1,0,29,1,9
http://pochtarefund-xeq10m.aakmr.xyz/apple.login,1,48,12,1,0,29,1,2
http://pochtarefund-xeq10m.aakmr.xyz/lloyds,1,43,7,1,0,29,1,2
http://pochtarefund-xeq165.aaknp.xyz/zjv.html,1,45,9,1,0,29,1,3
http://pochtarefund-xeq10m.aakmr.xyz/absabusinesses.htm,1,55,19,1,0,29,1,2
http://pochtarefund-xeq10m.aakmr.xyz/iz2,1,40,4,1,0,29,1,3
http://pochtarefund-xeq10m.aakmr.xyz/90.i.lolik.anyciona.patrolita.casse.897866,1,79,43,1,0,29,1,10
http://pochtarefund-xeq10m.aakmr.xyz/cgi.ebay.de,1,48,12,1,0,29,1,2
http://pochtarefund-xeq10m.aakmr.xyz/index/login/login/token/306e30aab90f08c1d2a01255f0a332bf.html,1,98,62,1,0,29,1,22
http://pochtarefund-xeq10m.aakmr.xyz/trackingdhlpack.html,1,57,21,1,0,29,1,2
http://pochtarefund-xeq10m.aakmr.xyz/index/login/login/token/d0b39d069d093cea81dec43ae2216cd9.html,1,98,62,1,0,29,1,20
http://pochtarefund-xeq10m.aakmr.xyz/intesa/index.html,1,54,18,1,0,29,1,2
http://pochtarefund-xeq10m.aakmr.xyz/index/login/login/token/5220b3547e4fbe108fed506d06228c45.html,1,98,62,1,0,29,1,24
http://vastcommercialre.com/wp-includes/ID3/--/ads/comercial/home,1,65,38,0,0,20,0,1
http://dziwne.online/,1,21,1,0,0,13,0,0
http://confident-beaver-bcecf6.netlify.app/,1,43,1,1,0,35,1,1
http://pochtarefund-xeq165.aaknp.xyz/www.bancoestado.cl/pagina/imagenes/comun2008/files/caja_user.html,1,102,66,1,0,29,1,7
http://pochtarefund-xeq10m.aakmr.xyz/info,1,41,5,1,0,29,1,2
http://pochtarefund-xeq10m.aakmr.xyz/track/dhl-information-contact.html,1,71,35,1,0,29,1,2
http://pochtarefund-xeq10m.aakmr.xyz/kampagnen/landingpages/lp-psd-baugeld/psd-baugeldlpshowcase2020,1,100,64,1,0,29,1,6
http://pochtarefund-xeq10m.aakmr.xyz/well-known,1,47,11,1,0,29,1,2
https://distracted-bohr-7b69bb.netlify.app/,1,43,1,1,1,34,1,3
http://musing-hamilton-9ac6b8.netlify.app/,1,42,1,1,0,34,1,3
http://pochtarefund-xeq0uz.aakkp.xyz/r/raiffeisenhu.html,1,56,20,1,0,29,1,1
https://musing-mahavira-73392f.netlify.app/,1,43,1,1,1,34,1,5
http://pochtarefund-xeq0vb.aakly.xyz/bnps/approveit.html,1,56,20,1,0,29,1,1
http://pochtarefund-xeq0vb.aakly.xyz/absabusinesses.htm,1,55,19,1,0,29,1,1
http://pochtarefund-xeq0vb.aakly.xyz/t.1t,1,41,5,1,0,29,1,2
http://pochtarefund-xeq10m.aakmr.xyz/1,1,38,2,1,0,29,1,3
http://pochtarefund-xeq0vb.aakly.xyz/rno.html,1,45,9,1,0,29,1,1
http://pochtarefund-xeq0vb.aakly.xyz/wp-content/uploads/2020/11,1,63,27,1,0,29,1,7
http://pochtarefund-xeq0vb.aakly.xyz/reg,1,40,4,1,0,29,1,1
http://amazing-hoover-3138c3.netlify.app/,1,41,1,1,0,33,1,5
https://cocky-kepler-e84e56.netlify.app/,1,40,1,1,1,31,1,4
https://nervous-wescoff-9cef88.netlify.app/,1,43,1,1,1,34,1,3
http://zen-wing-4afaa3.netlify.app/,1,35,1,1,0,27,1,2
https://nervous-haibt-f68273.netlify.app/,1,41,1,1,1,32,1,5
http://sunshinebreakers.com/ice/Exc3l,1,37,10,0,0,20,0,1
https://lucid-raman-97ed1d.netlify.app/,1,39,1,1,1,30,1,3
http://pochtarefund-xeq10m.aakmr.xyz/t.1t,1,41,5,1,0,29,1,3
http://pochtarefund-xeq10m.aakmr.xyz/r,1,38,2,1,0,29,1,2
http://pochtarefund-xeq10m.aakmr.xyz/account,1,44,8,1,0,29,1,2
http://pochtarefund-xeq0y1.aakmk.xyz/stores.ebay.de,1,51,15,1,0,29,1,2
http://pochtarefund-xeq0y1.aakmk.xyz/wordpress/tuso.htm,1,55,19,1,0,29,1,2
http://eager-lichterman-ad8632.netlify.app/,1,43,1,1,0,35,1,4
http://pochtarefund-xeq0vb.aakly.xyz/wp-includes/css/dist/7dsh7da85fg7ze/profile,1,80,44,1,0,29,1,6
http://redcloakmusic.com.br/hhp/cmd-login=1d55f2cd7b3eccc3fca3064aa1b83a55/?email=,1,82,48,1,0,20,0,16
http://agitated-austin-513df3.netlify.app/,1,42,1,1,0,34,1,4
http://agitated-bhabha-16c091.netlify.app/,1,42,1,1,0,34,1,5
http://lloydauthdev.com/Lloydsbank.co.uk,1,40,17,0,0,16,0,0
http://pochtarefund-xeq10m.aakmr.xyz/1.8,1,40,4,1,0,29,1,4
http://friendly-engelbart-77fafb.netlify.app/,1,45,1,1,0,37,1,2
"http://pochtarefund-xeq0y1.aakmk.xyz/new%20dji%20phantom%204%20pro%20v2.0%20kit%20w%20hard%20case,%20filters,%202%20batteries",1,125,89,1,0,29,1,30
http://pochtarefund-xeq10m.aakmr.xyz/2/cair.html,1,48,12,1,0,29,1,3
http://pochtarefund-xeq0uz.aakkp.xyz/info/p2.html,1,49,13,1,0,29,1,2
http://pochtarefund-xeq0y1.aakmk.xyz/index.php/false/false/false/false/oegw.html,1,80,44,1,0,29,1,2
http://pochtarefund-xeq0uz.aakkp.xyz/absalogin.htm,1,50,14,1,0,29,1,1
http://pochtarefund-xeq0vb.aakly.xyz/90.i.lolik.anyciona.patrolita.casse.897866,1,79,43,1,0,29,1,9
http://pochtarefund-xeq0vb.aakly.xyz/lloyds,1,43,7,1,0,29,1,1
http://pochtarefund-xeq0vb.aakly.xyz/ing/sms.html,1,49,13,1,0,29,1,1
http://pochtarefund-xeq0y1.aakmk.xyz/index.php/false/false/py1n.html/discovercard.com/dfs/accounthome/summary/-www.schwab.com/secure.accurint.com/unfcu2.org/login1/wachovia.com/myaccounts.aspx/investing.schwab.com/secure/schwab/step1.html,1,238,202,1,0,29,1,6
http://pochtarefund-xeq0y1.aakmk.xyz/loto_h367,1,46,10,1,0,29,1,5
http://pochtarefund-xeq0y1.aakmk.xyz/dh/dhlauto,1,47,11,1,0,29,1,2
http://pochtarefund-xeq0y1.aakmk.xyz/index/login/login/token,1,60,24,1,0,29,1,2
http://fret-5480b.web.app/,1,26,1,1,0,18,1,4
https://wizardly-goldwasser-f0e9d1.netlify.app/,1,47,1,1,1,38,1,3
http://lucid-payne-159c87.netlify.app/,1,38,1,1,0,30,1,5
https://701agreementmail.weebly.com/,1,36,1,1,1,27,0,3
http://pochtarefund-xeq10m.aakmr.xyz/app/indexa.asp,1,51,15,1,0,29,1,2
http://gallant-allen-b7cb8f.netlify.app/,1,40,1,1,0,32,1,2
http://pochtarefund-xeq0y1.aakmk.xyz/zjv.html,1,45,9,1,0,29,1,2
http://pochtarefund-xeq0y1.aakmk.xyz/wordpress/17.htm,1,53,17,1,0,29,1,4
http://pochtarefund-xeq10m.aakmr.xyz/1/channeldr1ver.ssobto.html,1,64,28,1,0,29,1,4
http://pochtarefund-xeq0y1.aakmk.xyz/dhl.htm,1,44,8,1,0,29,1,2
http://pochtarefund-xeq10m.aakmr.xyz/1/contactdetails.ssobto.html,1,65,29,1,0,29,1,3
http://pochtarefund-xeq0uz.aakkp.xyz/app,1,40,4,1,0,29,1,1
http://pochtarefund-xeq0y1.aakmk.xyz/f2,1,39,3,1,0,29,1,3
http://35.155.81.129/up/ppl/jjzmq=/app/,1,39,19,2,0,13,0,10
http://pochtarefund-xeq0y1.aakmk.xyz/credit-agricole.fr,1,55,19,1,0,29,1,2
http://pochtarefund-xeq0y1.aakmk.xyz/stores,1,43,7,1,0,29,1,2
http://www.alliedmedia.co.in/ppl/uzmmm=/app/signin.php,1,54,26,2,0,21,0,0
https://www.o2verify.com/,1,25,1,1,1,16,0,1
https://o2verify.com/,1,21,1,0,1,12,0,1
https://o2verify.com/index.php,1,30,10,0,1,12,0,1
"http://pochtarefund-xeq165.aaknp.xyz/new%20dji%20phantom%204%20pro%20v2.0%20kit%20w%20hard%20case,%20filters,%202%20batteries",1,125,89,1,0,29,1,31
http://pochtarefund-xeq165.aaknp.xyz/index/login/login/token/8547f31e9dff28fa1683ee4ff0fdb6b4.html,1,98,62,1,0,29,1,20
http://pochtarefund-xeq165.aaknp.xyz/ing/1.html,1,47,11,1,0,29,1,4
http://pochtarefund-xeq165.aaknp.xyz/2,1,38,2,1,0,29,1,4
http://pochtarefund-xeq165.aaknp.xyz/ing/in.html,1,48,12,1,0,29,1,3
http://pochtarefund-xeq165.aaknp.xyz/login/token2.html,1,54,18,1,0,29,1,4
http://pochtarefund-xeq10m.aakmr.xyz/ing/in.html,1,48,12,1,0,29,1,2
http://pochtarefund-xeq165.aaknp.xyz/app/a97wpo4ejsxbqk1.asp,1,60,24,1,0,29,1,7
http://pochtarefund-xeq10m.aakmr.xyz/rabo.html,1,46,10,1,0,29,1,2
http://pochtarefund-xeq10m.aakmr.xyz/spe,1,40,4,1,0,29,1,2
http://pochtarefund-xeq10m.aakmr.xyz/index/login/login/token/49b3a69c0251e470858b95f79e26fa1d.html,1,98,62,1,0,29,1,24
http://pochtarefund-xeq10m.aakmr.xyz/order,1,42,6,1,0,29,1,2
https://naughty-booth-53ab16.netlify.app/,1,41,1,1,1,32,1,4
http://pochtarefund-xeq10m.aakmr.xyz/track,1,42,6,1,0,29,1,2
http://pochtarefund-xeq10m.aakmr.xyz/loto_h367,1,46,10,1,0,29,1,5
http://pochtarefund-xeq10m.aakmr.xyz/info/carta-info.html,1,57,21,1,0,29,1,2
http://pochtarefund-xeq10m.aakmr.xyz/files,1,42,6,1,0,29,1,2
http://pochtarefund-xeq10m.aakmr.xyz/index/login/login/token/7d718d352a80fb8cf5e71abf735a3779.html,1,98,62,1,0,29,1,22
http://pochtarefund-xeq10m.aakmr.xyz/bauen-wohnen/baufinanzierung/psd-topbaugeld,1,80,44,1,0,29,1,2
http://pochtarefund-xeq10m.aakmr.xyz/wordpress/redi.html,1,56,20,1,0,29,1,2
http://pochtarefund-xeq0y1.aakmk.xyz/ing/1.html,1,47,11,1,0,29,1,3
http://pochtarefund-xeq10m.aakmr.xyz/wordpress/itac.htm,1,55,19,1,0,29,1,2
http://pochtarefund-xeq10m.aakmr.xyz/kak-zaregistrirovatsja-v-lukojl.html,1,73,37,1,0,29,1,2
http://pochtarefund-xeq10m.aakmr.xyz/wordpress,1,46,10,1,0,29,1,2
http://pochtarefund-xeq10m.aakmr.xyz/login/shippingdoc.htm,1,58,22,1,0,29,1,2
http://pochtarefund-xeq10m.aakmr.xyz/it,1,39,3,1,0,29,1,2
https://7demka24h7.pl/UY7SsuV5i0t0J4w88/xoGI3l6,1,47,26,0,1,13,0,13
https://zonawebsegura-1bnvirtual.com/BNPortal/BNWeb/Inicio/,1,59,23,0,1,28,1,1
http://vieuxshack.com/download/adobe/2441a80531602a232e84962c06b07b02/login.php?cmd=login_submit&id=094df99fe0da265fbafac83918f12755094df99fe0da265fbafac83918f12755&session=094df99fe0da265fbafac83918f12755094df99fe0da265fbafac83918f12755,1,237,58,0,0,14,0,102
http://spotify.update-billing.sctrlgin.com/,1,43,1,2,0,35,1,0
https://3uk-portal.com/,1,23,1,0,1,14,1,1
https://managepayee.net/halifax/,1,32,9,0,1,15,0,0
http://unitus.mk.ua/sites/default/files/ctools/ams/cms/index/www/customer_center/customer-IDPP00C214/login.php,1,110,91,1,0,12,0,5
http://pl-19.ru/sait/,1,21,6,0,0,8,1,2
http://greteldeblock.com/panel/pp/PPL14/ppl/69ae4c1165d670b06bc44a7c90f0a394MDkwMDAzMThhMjM0ZGU2MzMwYzM3NGM2OGE1NjE4Yzg=/myaccount/thanks/?cmd=_thanks_you_PayPal&amp;dispatch=3288043afb6a2f87e0ecf42d7&amp;locale=en_NG,1,217,114,0,0,17,0,44
http://pochtarefund-xeq0y1.aakmk.xyz/ing/sms.html,1,49,13,1,0,29,1,2
https://www.oronge.digital/personal/e/authID=O4Cnd/,1,51,25,1,1,18,0,1
https://fypmzqgnjeqlznlwxmmwpqgbtp-dot-triple-upgrade-293822.rj.r.appspot.com/x,1,79,2,3,1,69,1,6
https://pingchat.asia/Cgi-log/,1,30,9,0,1,13,0,0
https://newwhatsappdewasa.ga/,1,29,1,0,1,20,0,0
https://eserviceproviders.org/filepage.htm,1,42,13,0,1,21,0,0
http://eager-payne-f75711.netlify.app/,1,38,1,1,0,30,1,5
"http://pochtarefund-xeq10m.aakmr.xyz/new%20dji%20phantom%204%20pro%20v2.0%20kit%20w%20hard%20case,%20filters,%202%20batteries",1,125,89,1,0,29,1,30
https://eager-goldberg-819918.netlify.app/,1,42,1,1,1,33,1,6
http://pochtarefund-xeq165.aaknp.xyz/discoooo/disco/capitalsms/*(*/inform.html,1,78,42,1,0,29,1,3
http://pochtarefund-xeq165.aaknp.xyz/info,1,41,5,1,0,29,1,3
http://pochtarefund-xeq165.aaknp.xyz/app/indexa.asp,1,51,15,1,0,29,1,3
http://pochtarefund-xeq165.aaknp.xyz/index.php/false/false/py1n.html/discovercard.com/dfs/accounthome/summary/-www.schwab.com/secure.accurint.com/unfcu2.org/login1/wachovia.com/myaccounts.aspx/investing.schwab.com/secure/schwab/https,1,233,197,1,0,29,1,6
http://pochtarefund-xeq165.aaknp.xyz/trackingdhlpack.html,1,57,21,1,0,29,1,3
http://pochtarefund-xeq165.aaknp.xyz/index.php/false/false/false/false,1,70,34,1,0,29,1,3
http://pochtarefund-xeq165.aaknp.xyz/bauen-wohnen/baufinanzierung/psd-topbaugeld,1,80,44,1,0,29,1,3
http://pochtarefund-xeq165.aaknp.xyz/order,1,42,6,1,0,29,1,3
http://pochtarefund-xeq165.aaknp.xyz/bnps/ntbn.html,1,51,15,1,0,29,1,3
http://pochtarefund-xeq165.aaknp.xyz/dhl.htm,1,44,8,1,0,29,1,3
http://pochtarefund-xeq10m.aakmr.xyz/f2,1,39,3,1,0,29,1,3
http://pochtarefund-xeq165.aaknp.xyz/index.php/false/py1n.html/discovercard.com/dfs/accounthome/summary/-www.schwab.com/secure.accurint.com/unfcu2.org/login1/wachovia.com/myaccounts.aspx/investing.schwab.com/secure/schwab/https:/step1.html,1,239,203,1,0,29,1,7
http://pochtarefund-xeq165.aaknp.xyz/index.php/false/false/py1n.html/discovercard.com/dfs/accounthome,1,101,65,1,0,29,1,4
http://pochtarefund-xeq165.aaknp.xyz/wp-includes/css/dist/7dsh7da85fg7ze/profile/index.html,1,91,55,1,0,29,1,8
http://pochtarefund-xeq165.aaknp.xyz/kak-zaregistrirovatsja-v-lukojl.html,1,73,37,1,0,29,1,3
http://pochtarefund-xeq165.aaknp.xyz/index/login/login/token/5765ede725151661cdc195ac5444927e.html,1,98,62,1,0,29,1,26
http://pochtarefund-xeq165.aaknp.xyz/ing/ingbe.html,1,51,15,1,0,29,1,3
http://pochtarefund-xeq165.aaknp.xyz/header.login,1,49,13,1,0,29,1,3
http://pochtarefund-xeq10m.aakmr.xyz/index.php/false/py1n.html/discovercard.com/dfs/accounthome/summary/-www.schwab.com/secure.accurint.com/unfcu2.org/login1/wachovia.com/myaccounts.aspx/investing.schwab.com/secure/schwab/https:,1,228,192,1,0,29,1,5
http://pochtarefund-xeq10m.aakmr.xyz/a_x,1,40,4,1,0,29,1,2
http://pochtarefund-xeq10m.aakmr.xyz/7eabsaonline%206.htm,1,57,21,1,0,29,1,6
http://pochtarefund-xeq165.aaknp.xyz/bnps,1,41,5,1,0,29,1,3
http://pochtarefund-xeq10m.aakmr.xyz/bauen-wohnen/baufinanzierung/psd-baugeld-berechnen,1,87,51,1,0,29,1,2
http://pochtarefund-xeq165.aaknp.xyz/login.icscards.opdracht,1,60,24,1,0,29,1,3
http://pochtarefund-xeq165.aaknp.xyz/index/login/login/token/4f5445da4cffc8e719c9163ae277d577.html,1,98,62,1,0,29,1,23
http://pochtarefund-xeq165.aaknp.xyz/only-apple.support,1,55,19,1,0,29,1,3
http://pochtarefund-xeq10m.aakmr.xyz/index/login/login/token/8547f31e9dff28fa1683ee4ff0fdb6b4.html,1,98,62,1,0,29,1,19
http://pochtarefund-xeq165.aaknp.xyz/index.php/false/false/py1n.html/discovercard.com/dfs/accounthome/summary/-www.schwab.com/secure.accurint.com/unfcu2.org/login1/wachovia.com/myaccounts.aspx/investing.schwab.com/secure/schwab/https:/step1.html,1,245,209,1,0,29,1,7
http://pochtarefund-xeq165.aaknp.xyz/login/inloggen.html,1,56,20,1,0,29,1,3
http://pochtarefund-xeq165.aaknp.xyz/bnps/approveit.html,1,56,20,1,0,29,1,3
http://pochtarefund-xeq165.aaknp.xyz/index/login/login/token/ac1ed4bb28011fe1e5f6688be3a04fc4.html,1,98,62,1,0,29,1,20
http://pochtarefund-xeq165.aaknp.xyz/index/login/login/token/c2e115005bc9db8450c808633e76a708.html,1,98,62,1,0,29,1,26
http://pochtarefund-xeq165.aaknp.xyz/login/index.htm,1,52,16,1,0,29,1,3
http://pochtarefund-xeq165.aaknp.xyz/stores,1,43,7,1,0,29,1,3
http://pochtarefund-xeq165.aaknp.xyz/index.php/false/false/py1n.html/discovercard.com/dfs/accounthome/summary/-www.schwab.com/secure.accurint.com/unfcu2.org/login1/wachovia.com/myaccounts.aspx/investing.schwab.com/secure/schwab/https:/snsbank.nl,1,245,209,1,0,29,1,6
http://pochtarefund-xeq10m.aakmr.xyz/login.icscards.opdracht,1,60,24,1,0,29,1,2
http://pochtarefund-xeq0y1.aakmk.xyz/wordpress/nela.htm,1,55,19,1,0,29,1,2
http://pochtarefund-xeq10m.aakmr.xyz/account/login,1,50,14,1,0,29,1,2
http://pochtarefund-xeq0y1.aakmk.xyz/wordpress/frit.htm,1,55,19,1,0,29,1,2
http://pochtarefund-xeq10m.aakmr.xyz/bauen-wohnen/baufinanzierung/psd-baugeld-berechnen/c231.html,1,97,61,1,0,29,1,5
http://pochtarefund-xeq0y1.aakmk.xyz/lloyds,1,43,7,1,0,29,1,2
http://pochtarefund-xeq165.aaknp.xyz/derb,1,41,5,1,0,29,1,3
https://dbsg-intrntbkngg.com/,1,29,1,0,1,20,1,0
http://pochtarefund-xeq165.aaknp.xyz/kampagnen/landingpages/lp-psd-baugeld/psd-baugeldlpshowcase2020,1,100,64,1,0,29,1,7
http://pochtarefund-xeq165.aaknp.xyz/eba.e1saisonale-angebote-bn_7109743159.eby.desll,1,85,49,1,0,29,1,14
http://pochtarefund-xeq10m.aakmr.xyz/index/login/login/token/716a5f23ef69d15e468c8e7c89f2c24a.html,1,98,62,1,0,29,1,22
http://pochtarefund-xeq10m.aakmr.xyz/index/login/login/token,1,60,24,1,0,29,1,2
http://pochtarefund-xeq0y1.aakmk.xyz/kak-zaregistrirovatsja-v-lukojl.html,1,73,37,1,0,29,1,2
http://pochtarefund-xeq10m.aakmr.xyz/files/kingcobra.html,1,57,21,1,0,29,1,2
http://pochtarefund-xeq10m.aakmr.xyz/index/login/login/token/819fa8e05dad74a2be3a3cf36d8f07da.html,1,98,62,1,0,29,1,18
http://pochtarefund-xeq10m.aakmr.xyz/ing/sms.html,1,49,13,1,0,29,1,2
http://pochtarefund-xeq10m.aakmr.xyz/24836246.html,1,50,14,1,0,29,1,10
http://pochtarefund-xeq165.aaknp.xyz/acces-inges-20200104-t452/f3200,1,68,32,1,0,29,1,18
http://pochtarefund-xeq10m.aakmr.xyz/de/home.html,1,49,13,1,0,29,1,2
http://pochtarefund-xeq10m.aakmr.xyz/login/index.htm,1,52,16,1,0,29,1,2
http://pochtarefund-xeq10m.aakmr.xyz/hsbc,1,41,5,1,0,29,1,2
http://pochtarefund-xeq10m.aakmr.xyz/dh/dhlauto,1,47,11,1,0,29,1,2
http://pochtarefund-xeq10m.aakmr.xyz/info/codice-autorizzazione.html,1,68,32,1,0,29,1,2
http://pochtarefund-xeq10m.aakmr.xyz/index/login/login/token/8e188b6ac74270cb119b6470229f1a69.html,1,98,62,1,0,29,1,25
http://pochtarefund-xeq10m.aakmr.xyz/dhl.htm,1,44,8,1,0,29,1,2
http://pochtarefund-xeq10m.aakmr.xyz/2/channeldr1ver.ssobto.html,1,64,28,1,0,29,1,4
http://pochtarefund-xeq10m.aakmr.xyz/b/hae6,1,43,7,1,0,29,1,3
http://pochtarefund-xeq0y1.aakmk.xyz/wordpress/5.htm,1,52,16,1,0,29,1,3
http://pochtarefund-xeq10m.aakmr.xyz/de,1,39,3,1,0,29,1,2
http://pochtarefund-xeq10m.aakmr.xyz/r/rbcgi3m01.html,1,53,17,1,0,29,1,5
http://golfballsonline.com/html/c_atalog.html,1,45,19,0,0,19,0,0
https://uhwmdhoyhlnsdgakdunslmwdee-dot-triple-upgrade-293822.rj.r.appspot.com/x,1,79,2,3,1,69,1,6
https://abaxhftqqfiasiegtnjgfkishz-dot-triple-upgrade-293822.rj.r.appspot.com/x,1,79,2,3,1,69,1,6
https://blog.wizme.com/wp-content/uploads/vhy2e=/app/signin.php,1,63,41,1,1,14,0,1
http://63.240.155.81/msg/c42b59de50564cc3958af9ca20de27d8.htm,1,61,41,2,0,13,0,29
https://www.control-specialties.com/account/login.php,1,53,18,1,1,27,1,0
http://dezinelle.com/,1,21,1,0,0,13,0,0
http://elegant-almeida-bb6212.netlify.app/,1,42,1,1,0,34,1,4
http://jovial-stonebraker-f9b5b5.netlify.app/,1,45,1,1,0,37,1,3
http://burkeservice.com/mccinc/,1,31,8,0,0,16,0,0
http://dev.previewmysite.co.za/wp-content/fashe/chcnt/en.php?rand=13InboxLightaspxn.1774256418&fid.4.1252899642&fid=1&fav.1&rand.13InboxLight.aspxn.1774256418&fid.1252899642&fid.1&fav.1&email=ZGFpamluZ3h1YW42MjJAZ21haS5jb20=&.rand=13InboxLight.aspx?n=17742,1,256,30,2,0,23,0,65
https://metroroyaleexodus.com/,1,30,1,0,1,21,0,0
http://golfballsonline.com/assets/language/0location.html,1,57,31,0,0,19,0,1
http://giresunsedefotel.com/logs/201610/.dl/smart/engine/verification__/indexx.php/ID/1/action.php?template=Initiate&valid=true&session=6a732279f51d93af6fb638ec48aad16c-6a732279f51d93af6fb638ec48aad16c-6a732279f51d93af6fb638ec48aad16c6a732279f51d93af6fb638ec48aad16c-6a732279f51d93af6fb638ec48aad16c-6a732279f51d93af6fb638ec48aad16c6a732279f51d93af6fb638ec48aad16c-6a732279f51d93af6fb638ec48aad16c-6a732279f51d93af6fb638ec48aad16c,1,430,71,0,0,20,0,178
http://lattanziowines.com/v3/validation/c898e604ee09715734e1542f4cc26fbe,1,72,47,0,0,18,0,22
http://x9dfes0g.firebaseapp.com/,1,32,1,1,0,24,0,2
https://amormisericordioso.cl/PAYPALINFO/,1,41,12,0,1,21,0,0
https://www.fugas.cl/td/secquestions.php?product=7,1,50,20,1,1,12,0,1
http://www.fugas.cl/td/e.htm,1,28,9,1,0,12,0,0
http://virocqqwkebcrekw-dot-owaonk399399393.uk.r.appspot.com/,1,61,1,3,0,53,1,9
https://www.oronge.digital/personal/e/authID=DiQqj/,1,51,25,1,1,18,0,0
http://trmluxmtuzffdpag-dot-owaonk399399393.uk.r.appspot.com/,1,61,1,3,0,53,1,9
http://www.mobile-portail.live/personal/e/authID=cDGdd/,1,55,25,1,0,23,1,0
https://www.oronge.digital/personal/e/authID=TCOPR/,1,51,25,1,1,18,0,0
http://yaadinc.com/labanquepostale/pst/cb257/,1,45,27,0,0,11,0,3
http://yaadinc.com/labanquepostale/pst/cb257/index2.html,1,56,38,0,0,11,0,4
https://clouddoc-authorize.firebaseapp.com/.........x,1,53,11,1,1,34,1,0
https://www.oronge.digital/personal/e/authID=0M5ws/,1,51,25,1,1,18,0,2
http://qwdnyharywdsfarj-dot-owaonk399399393.uk.r.appspot.com/,1,61,1,3,0,53,1,9
http://blissful-montalcini-5907b6.netlify.app/,1,46,1,1,0,38,1,5
http://owamicrosft79fpf8t5mgcr1z1z7.el.r.appspot.com/,1,53,1,3,0,45,0,7
https://nkguxpfcbfsrvrdehmegelkhum-dot-triple-upgrade-293822.rj.r.appspot.com/x,1,79,2,3,1,69,1,6
https://jedvudfhswnlpqwqrricreygil-dot-triple-upgrade-293822.rj.r.appspot.com/x,1,79,2,3,1,69,1,6
https://amazon.co.jp3.fggfgfdgdfgdfg1.buzz/mobile/,1,50,8,3,1,34,0,2
https://www.control-specialties.com/account/,1,44,9,1,1,27,1,0
https://cartographydrunkard.org/new1/,1,37,6,0,1,23,0,1
http://auddtxhzicvcjheq-dot-owaonk399399393.uk.r.appspot.com/,1,61,1,3,0,53,1,9
http://vavfylxguhypsyxw-dot-owaonk399399393.uk.r.appspot.com/,1,61,1,3,0,53,1,9
http://buzpepaxxdameyrm-dot-owaonk399399393.uk.r.appspot.com/,1,61,1,3,0,53,1,9
http://zpsdbyezxyarmwms-dot-owaonk399399393.uk.r.appspot.com/,1,61,1,3,0,53,1,9
http://iygtkmlromlwfays-dot-owaonk399399393.uk.r.appspot.com/,1,61,1,3,0,53,1,9
http://jmksqmolmtculljk-dot-owaonk399399393.uk.r.appspot.com/,1,61,1,3,0,53,1,9
http://gaovtbsvptolyhfu-dot-owaonk399399393.uk.r.appspot.com/,1,61,1,3,0,53,1,9
http://bsojnogltocdolmt-dot-owaonk399399393.uk.r.appspot.com/,1,61,1,3,0,53,1,9
http://avpehldbwupbzszq-dot-owaonk399399393.uk.r.appspot.com/,1,61,1,3,0,53,1,9
http://clkfzaktwpllqsek-dot-owaonk399399393.uk.r.appspot.com/,1,61,1,3,0,53,1,9
http://irvempcmwzuxammd-dot-owaonk399399393.uk.r.appspot.com/,1,61,1,3,0,53,1,9
http://zlgwmlbequeliwqq-dot-owaonk399399393.uk.r.appspot.com/,1,61,1,3,0,53,1,9
http://oqeknsxcurrsjwff-dot-owaonk399399393.uk.r.appspot.com/,1,61,1,3,0,53,1,9
http://ldmbhmghlbwcafec-dot-owaonk399399393.uk.r.appspot.com/,1,61,1,3,0,53,1,9
http://uqvxofwnksftrsvo-dot-owaonk399399393.uk.r.appspot.com/,1,61,1,3,0,53,1,9
http://loctxssmduvospdy-dot-owaonk399399393.uk.r.appspot.com/,1,61,1,3,0,53,1,9
http://ghsvcyzghrdoiats-dot-owaonk399399393.uk.r.appspot.com/,1,61,1,3,0,53,1,9
https://clouddoc-authorize.firebaseapp.com/...x...x,1,51,9,1,1,34,1,0
https://clouddoc-authorize.firebaseapp.com/...xx...,1,51,9,1,1,34,1,0
http://googletest.jontzeng.com/,1,31,1,1,0,23,0,0
http://ieisakbtjigdlrzg-dot-owaonk399399393.uk.r.appspot.com/,1,61,1,3,0,53,1,9
http://nqhpxafwdzeslbxa-dot-owaonk399399393.uk.r.appspot.com/,1,61,1,3,0,53,1,9
http://crpvsxhdgvjgkuxm-dot-owaonk399399393.uk.r.appspot.com/,1,61,1,3,0,53,1,9
https://device-cancellation-payee.com/Login.php,1,47,10,0,1,29,1,0
http://jixlucrnynvpicco-dot-owaonk399399393.uk.r.appspot.com/,1,61,1,3,0,53,1,9
http://smarteconomy.rs/pending/secure_updates,1,45,23,0,0,15,0,0
https://cartographydrunkard.org/new2/enterpassword.php?4eiGL81606989689add5f0ac547931c4044f8f1f3cdcbe5fadd5f0ac547931c4044f8f1f3cdcbe5fadd5f0ac547931c4044f8f1f3cdcbe5fadd5f0ac547931c4044f8f1f3cdcbe5fadd5f0ac547931c4044f8f1f3cdcbe5f&email=undefined&error=,1,254,23,0,1,23,0,93
http://cxzktfyhbwxfemrz-dot-owaonk399399393.uk.r.appspot.com/,1,61,1,3,0,53,1,9
http://ipsyvavcrawzkbct-dot-owaonk399399393.uk.r.appspot.com/,1,61,1,3,0,53,1,9
http://qmgvyimcqxkwyusc-dot-owaonk399399393.uk.r.appspot.com/,1,61,1,3,0,53,1,9
http://reozbiavpgcjflfg-dot-owaonk399399393.uk.r.appspot.com/,1,61,1,3,0,53,1,9
http://chirpme.net/link/ourtime/Ourtime/index.php,1,49,31,0,0,11,0,0
http://zunsmpvpvjjykior-dot-owaonk399399393.uk.r.appspot.com/,1,61,1,3,0,53,1,9
http://qwrihaaffiyruinu-dot-owaonk399399393.uk.r.appspot.com/,1,61,1,3,0,53,1,9
https://paypal.suport-services.com/Paypal/customer_center/user-481519/,1,70,36,1,1,26,1,6
http://kkachi.co.kr/webpage,1,27,8,1,0,12,0,0
http://gmmhuuyhrqfzzllu-dot-owaonk399399393.uk.r.appspot.com/,1,61,1,3,0,53,1,9
http://ac-69922914.bidsolutions.cl/nextVRF.html?location=3f49a5c787f80d37bc5774597d4bc415,1,89,13,1,0,27,1,30
http://ac-09739836.bidsolutions.cl/nextVRF.html?location=3f49a5c787f80d37bc5774597d4bc415,1,89,13,1,0,27,1,30
http://vieuxshack.com/download/adobe/83900f4480da19ac025f52e0c96d792d/login.php?cmd=login_submit&id=3e117f514b4f58d27a4079fc2e623f693e117f514b4f58d27a4079fc2e623f69&session=3e117f514b4f58d27a4079fc2e623f693e117f514b4f58d27a4079fc2e623f69,1,237,58,0,0,14,0,110
https://newpayee-deregistration-uk.com/Login.php,1,48,10,0,1,30,1,0
https://accessdevice.live/Login.php,1,35,10,0,1,17,0,0
https://device-access.live/Login.php,1,36,10,0,1,18,1,0
https://proceed-cancel-ipayee.com/lloyds/Login.php,1,50,17,0,1,25,1,0
https://hali-payeecontrol.com/Login.php,1,39,10,0,1,21,1,0
http://rihlnedxqektemoo-dot-owaonk399399393.uk.r.appspot.com/,1,61,1,3,0,53,1,9
http://ohmrqtlicgxgnbfp-dot-owaonk399399393.uk.r.appspot.com/,1,61,1,3,0,53,1,9
http://qwditrzttfubajmf-dot-owaonk399399393.uk.r.appspot.com/,1,61,1,3,0,53,1,9
http://rurrkzispqddjswt-dot-owaonk399399393.uk.r.appspot.com/,1,61,1,3,0,53,1,9
http://xnsmvbchnhwqgfyr-dot-owaonk399399393.uk.r.appspot.com/,1,61,1,3,0,53,1,9
http://skkxxhovhxgkeiwv-dot-owaonk399399393.uk.r.appspot.com/,1,61,1,3,0,53,1,9
http://vqiakjdsrbkckvly-dot-owaonk399399393.uk.r.appspot.com/,1,61,1,3,0,53,1,9
http://qeqxvywqadprlbiw-dot-owaonk399399393.uk.r.appspot.com/,1,61,1,3,0,53,1,9
http://fapaktoccwcyebmx-dot-owaonk399399393.uk.r.appspot.com/,1,61,1,3,0,53,1,9
http://oyqwakbxaewqvjfv-dot-owaonk399399393.uk.r.appspot.com/,1,61,1,3,0,53,1,9
http://gezxzeydwnuwjtfj-dot-owaonk399399393.uk.r.appspot.com/,1,61,1,3,0,53,1,9
http://yomzjhqibscwczpl-dot-owaonk399399393.uk.r.appspot.com/,1,61,1,3,0,53,1,9
http://oxlzsykzmocoduoa-dot-owaonk399399393.uk.r.appspot.com/,1,61,1,3,0,53,1,9
http://oftsqcpsenmcwogu-dot-owaonk399399393.uk.r.appspot.com/,1,61,1,3,0,53,1,9
http://gkfipvucgaijttwx-dot-owaonk399399393.uk.r.appspot.com/,1,61,1,3,0,53,1,9
http://iwrwefohfovjdmhi-dot-owaonk399399393.uk.r.appspot.com/,1,61,1,3,0,53,1,9
http://ofuiqhadsbquyxmz-dot-owaonk399399393.uk.r.appspot.com/,1,61,1,3,0,53,1,9
http://xmyuhjszwdnufkfd-dot-owaonk399399393.uk.r.appspot.com/,1,61,1,3,0,53,1,9
http://rfrrwhievcujpbog-dot-owaonk399399393.uk.r.appspot.com/,1,61,1,3,0,53,1,9
http://ftpqbnsiahjyuyeh-dot-owaonk399399393.uk.r.appspot.com/,1,61,1,3,0,53,1,9
http://geqljpwahdsopgkl-dot-owaonk399399393.uk.r.appspot.com/,1,61,1,3,0,53,1,9
http://erqeqxouzikroapl-dot-owaonk399399393.uk.r.appspot.com/,1,61,1,3,0,53,1,9
http://doondzsbyatwtnjl-dot-owaonk399399393.uk.r.appspot.com/,1,61,1,3,0,53,1,9
http://hdueawjjulzjxzlt-dot-owaonk399399393.uk.r.appspot.com/,1,61,1,3,0,53,1,9
http://otpicrknoexknlzh-dot-owaonk399399393.uk.r.appspot.com/,1,61,1,3,0,53,1,9
http://lifbxqxtlhinwycd-dot-owaonk399399393.uk.r.appspot.com/,1,61,1,3,0,53,1,9
http://ygmhrzoduxffwudu-dot-owaonk399399393.uk.r.appspot.com/,1,61,1,3,0,53,1,9
http://nscrhaqupulqwyiy-dot-owaonk399399393.uk.r.appspot.com/,1,61,1,3,0,53,1,9
http://mqzztumzhltiegbp-dot-owaonk399399393.uk.r.appspot.com/,1,61,1,3,0,53,1,9
http://ecglanywmfpqvbgt-dot-owaonk399399393.uk.r.appspot.com/,1,61,1,3,0,53,1,9
http://btgnszwygxtscsba-dot-owaonk399399393.uk.r.appspot.com/,1,61,1,3,0,53,1,9
http://bgwiunkmwkfwtztv-dot-owaonk399399393.uk.r.appspot.com/,1,61,1,3,0,53,1,9
http://khkwbguzsytsrnez-dot-owaonk399399393.uk.r.appspot.com/,1,61,1,3,0,53,1,9
http://ikmyevxuellyjrws-dot-owaonk399399393.uk.r.appspot.com/,1,61,1,3,0,53,1,9
http://eifyeilklmgkgzwp-dot-owaonk399399393.uk.r.appspot.com/,1,61,1,3,0,53,1,9
http://qszakwkutdjlrswb-dot-owaonk399399393.uk.r.appspot.com/,1,61,1,3,0,53,1,9
http://zwkgfyjyzbdrqegg-dot-owaonk399399393.uk.r.appspot.com/,1,61,1,3,0,53,1,9
http://oecaekajzjdcqdde-dot-owaonk399399393.uk.r.appspot.com/,1,61,1,3,0,53,1,9
http://wbsfbnibtewvqrfr-dot-owaonk399399393.uk.r.appspot.com/,1,61,1,3,0,53,1,9
http://wkjuaapzblivyopu-dot-owaonk399399393.uk.r.appspot.com/,1,61,1,3,0,53,1,9
http://ybisldkbfykownvz-dot-owaonk399399393.uk.r.appspot.com/,1,61,1,3,0,53,1,9
http://fgtkpmrldbktcbce-dot-owaonk399399393.uk.r.appspot.com/,1,61,1,3,0,53,1,9
http://enaatvirnnclhqss-dot-owaonk399399393.uk.r.appspot.com/,1,61,1,3,0,53,1,9
http://whvbefewnackmfpp-dot-owaonk399399393.uk.r.appspot.com/,1,61,1,3,0,53,1,9
http://baradua.it/wp/wp-content/plugins/MADE/files/top.html,1,59,42,0,0,10,0,0
http://arveeindia.com/relog.php?email=chorner@prepaidlegal.com,1,62,10,0,0,14,0,0
http://ododguxlbuibfksv-dot-owaonk399399393.uk.r.appspot.com/,1,61,1,3,0,53,1,9
http://akvvjgkvqazjmnzg-dot-owaonk399399393.uk.r.appspot.com/,1,61,1,3,0,53,1,9
https://secure234.inmotionhosting.com/~roanal5/inform/cms/net/signin.php?country=US-United%20States&amp;lang=en,1,111,35,1,1,29,0,6
http://molyrekwoaxquhos-dot-owaonk399399393.uk.r.appspot.com/,1,61,1,3,0,53,1,9
http://llvobhzpkksnyiwf-dot-owaonk399399393.uk.r.appspot.com/,1,61,1,3,0,53,1,9
http://gndhmkkbskmzbsxg-dot-owaonk399399393.uk.r.appspot.com/,1,61,1,3,0,53,1,9
http://dkklkutpswpwzoyq-dot-owaonk399399393.uk.r.appspot.com/,1,61,1,3,0,53,1,9
http://dsktdgxptnfszvxa-dot-owaonk399399393.uk.r.appspot.com/,1,61,1,3,0,53,1,9
http://epgskrwhyuweksmg-dot-owaonk399399393.uk.r.appspot.com/,1,61,1,3,0,53,1,9
http://txmkwjutzcakaeap-dot-owaonk399399393.uk.r.appspot.com/,1,61,1,3,0,53,1,9
http://ropjqqlatqbdonsf-dot-owaonk399399393.uk.r.appspot.com/,1,61,1,3,0,53,1,9
http://bscxrmwqpwfwfiga-dot-owaonk399399393.uk.r.appspot.com/,1,61,1,3,0,53,1,9
http://lwlnnxbecteoodfc-dot-owaonk399399393.uk.r.appspot.com/,1,61,1,3,0,53,1,9
http://zkjjtzmxqacqvgqy-dot-owaonk399399393.uk.r.appspot.com/,1,61,1,3,0,53,1,9
http://cnsfcxdciogbvoao-dot-owaonk399399393.uk.r.appspot.com/,1,61,1,3,0,53,1,9
http://ypbphsoevbpgfjvu-dot-owaonk399399393.uk.r.appspot.com/,1,61,1,3,0,53,1,9
http://tekridjndgmgypaa-dot-owaonk399399393.uk.r.appspot.com/,1,61,1,3,0,53,1,9
http://qmrhqnniszfgqevx-dot-owaonk399399393.uk.r.appspot.com/,1,61,1,3,0,53,1,9
http://olovhzmctmtlcqzp-dot-owaonk399399393.uk.r.appspot.com/,1,61,1,3,0,53,1,9
http://arzycxnydwzifbup-dot-owaonk399399393.uk.r.appspot.com/,1,61,1,3,0,53,1,9
http://xmliaxizidkugimg-dot-owaonk399399393.uk.r.appspot.com/,1,61,1,3,0,53,1,9
http://ubkevlbshuetrgqb-dot-owaonk399399393.uk.r.appspot.com/,1,61,1,3,0,53,1,9
http://ntcpekyfylmjznvx-dot-owaonk399399393.uk.r.appspot.com/,1,61,1,3,0,53,1,9
http://zyoluzhlzmifzjxk-dot-owaonk399399393.uk.r.appspot.com/,1,61,1,3,0,53,1,9
http://yhagetkpajjwyprc-dot-owaonk399399393.uk.r.appspot.com/,1,61,1,3,0,53,1,9
http://sywvubrcmdgfzcoq-dot-owaonk399399393.uk.r.appspot.com/,1,61,1,3,0,53,1,9
http://kpxucpgmrrphmqyl-dot-owaonk399399393.uk.r.appspot.com/,1,61,1,3,0,53,1,9
http://ttuttzypewitvabq-dot-owaonk399399393.uk.r.appspot.com/,1,61,1,3,0,53,1,9
http://jzpgjwomhkgzbkdb-dot-owaonk399399393.uk.r.appspot.com/,1,61,1,3,0,53,1,9
http://loutkpzoqfvcijms-dot-owaonk399399393.uk.r.appspot.com/,1,61,1,3,0,53,1,9
http://oofnbaevjgkzhnub-dot-owaonk399399393.uk.r.appspot.com/,1,61,1,3,0,53,1,9
https://imransujon.com/tki/eti,1,30,8,0,1,14,0,0
http://hexosmetro.com/,1,22,1,0,0,14,0,0
http://sbtidqftyfxbbthm-dot-owaonk399399393.uk.r.appspot.com/,1,61,1,3,0,53,1,9
http://znjeuxaarzglzwbd-dot-owaonk399399393.uk.r.appspot.com/,1,61,1,3,0,53,1,9
http://lvwsstluxmejjswv-dot-owaonk399399393.uk.r.appspot.com/,1,61,1,3,0,53,1,9
https://docsharex-authorize.firebaseapp.com/x......,1,51,8,1,1,35,1,0
http://xokdawiqickfbrtg-dot-owaonk399399393.uk.r.appspot.com/,1,61,1,3,0,53,1,9
http://rwteqasfmpnfrvdm-dot-owaonk399399393.uk.r.appspot.com/,1,61,1,3,0,53,1,9
http://tnyxnhcgfyvoqmak-dot-owaonk399399393.uk.r.appspot.com/,1,61,1,3,0,53,1,9
http://igttmhypdxquhkrn-dot-owaonk399399393.uk.r.appspot.com/,1,61,1,3,0,53,1,9
http://oltiqngivswgppjr-dot-owaonk399399393.uk.r.appspot.com/,1,61,1,3,0,53,1,9
http://addbjowiqphotzsz-dot-owaonk399399393.uk.r.appspot.com/,1,61,1,3,0,53,1,9
http://jgtdrolzqukjdmqa-dot-owaonk399399393.uk.r.appspot.com/,1,61,1,3,0,53,1,9
http://ctsvqjafssrdufhl-dot-owaonk399399393.uk.r.appspot.com/,1,61,1,3,0,53,1,9
http://mqrrmmwxscvcavbe-dot-owaonk399399393.uk.r.appspot.com/,1,61,1,3,0,53,1,9
http://mlfbngcwpitrfumn-dot-owaonk399399393.uk.r.appspot.com/,1,61,1,3,0,53,1,9
http://vwgrqnwrtzlrwvkf-dot-owaonk399399393.uk.r.appspot.com/,1,61,1,3,0,53,1,9
https://my3-contract.com/,1,25,1,0,1,16,1,1
http://wukhhwgqlidjvlxv-dot-owaonk399399393.uk.r.appspot.com/,1,61,1,3,0,53,1,9
http://mknoxkjnwowdxctq-dot-owaonk399399393.uk.r.appspot.com/,1,61,1,3,0,53,1,9
http://decwmexcvvoeyscj-dot-owaonk399399393.uk.r.appspot.com/,1,61,1,3,0,53,1,9
http://ihabivtylyjwueaa-dot-owaonk399399393.uk.r.appspot.com/,1,61,1,3,0,53,1,9
https://season16boxcrate.com/,1,29,1,0,1,20,0,2
http://abtjedmenlgkkyoo-dot-owaonk399399393.uk.r.appspot.com/,1,61,1,3,0,53,1,9
http://xqzsocsxtkdpjmxm-dot-owaonk399399393.uk.r.appspot.com/,1,61,1,3,0,53,1,9
https://storibookphotography.com/air/xx/,1,40,8,0,1,24,0,0
https://bit.ly/2I4K93f,1,22,8,0,1,6,0,4
https://secure6a-verifyauth.serveirc.com/chase/secure/,1,54,14,1,1,32,1,1
https://www.amozan.co.jp.ldmai.cn/pc/,1,37,4,4,1,25,0,0
http://ibuphnpkgnmsrfxx-dot-owaonk399399393.uk.r.appspot.com/,1,61,1,3,0,53,1,9
http://kckcmnaalgovzhls-dot-owaonk399399393.uk.r.appspot.com/,1,61,1,3,0,53,1,9
http://loving-mirzakhani-a1d582.netlify.app/,1,44,1,1,0,36,1,4
http://signin.eday.co.uk.ws.ayisapi.dllsigninusingssl1puserid.kzbzd9n59c7tggswrvcvewuihebw7.menara-anugrah.co.id/,1,113,1,9,0,105,1,6
http://prueba.pantoanima.es/libraries/webapps/n/login?cmd=_signin&amp;amp,1,73,26,1,0,20,0,0
http://riabilita-conto-web.com/,1,31,1,0,0,23,1,0
http://site9423773.92.webydo.com/,1,33,1,2,0,25,0,9
https://phone-rapport-call.web.app/,1,35,1,1,1,26,1,0
http://www.aev3.com/Dropbox,1,27,8,1,0,12,0,1
http://neglectedwellwornscientists--five-nine.repl.co/,1,54,1,1,0,46,1,0
http://carpentryplusaz.com/document/10/,1,39,13,0,0,19,0,2
http://whichwearycomputergraphics--five-nine.repl.co/,1,53,1,1,0,45,1,0
http://qndypcayyrlhnbyacwurp-dot-auth-online-sevice.ey.r.appspot.com/,1,69,1,3,0,61,1,0
http://halifax.confirm-pay.com/admin,1,36,6,1,0,23,1,0
http://heftypresentautomaticparallelization.luislozano.repl.co/,1,63,1,2,0,55,0,0
http://maximasport.eu/bg/vhod,1,29,8,0,0,14,0,0
http://autoscurt24.de/90n8sne7sh74sw/8j8ah7hs7g37sh74s3/ma8he7sh7hs7e/ma78ah7ehs7ehs4d/m8he76hsx873433/ma8he7s4f45fvuuhs878grd/na7h7e8xhe78dh8eddrfc/login.html,1,159,138,0,0,14,0,49
http://train6.netwisedev6.co.za/templates/shaper_helixultimate/roundcube_latest,1,79,48,2,0,24,0,2
http://getucmaxterial.itemdb.com/,1,33,1,1,0,25,0,0
http://whatsapp-grupvip27.ezua.com/,1,35,1,1,0,27,1,2
http://cranky-wiles-0dabba.netlify.app/,1,39,1,1,0,31,1,1
https://device-access.live/,1,27,1,0,1,18,1,0
https://baahiye.so/offic,1,24,6,0,1,10,0,0
http://www.amazon.de.signin.verification.openid.5935156.globthirsgare.cf/253625/deutsch/daten/ycgbyhkhdbzaqnvu58o6we2l7mp1ss4gd/kunden256222/ljltupzmjkcogsih3s0r4iwofcftdvgzv/logmein.php?assoc_handle=udnptl1jxrn49kotgahgivus8ekjqh&amp;openid_claim=ufhjs2iqw0kg5uembhay&amp;identifier_select=n74tpuhmstgfnzz8muco&amp;pape_max=qk7xj1kd3afnwirmqhp5blgesdyou9,1,355,114,7,0,65,0,44
https://wtfkeixtwoijhorynnpcazhawj-dot-triple-upgrade-293822.rj.r.appspot.com/x,1,79,2,3,1,69,1,6
https://docsharex-authorize.firebaseapp.com/......x,1,51,8,1,1,35,1,0
http://wwwfacebook-morocco-apply.who-gulf.com/,1,46,1,1,0,38,1,0
http://www.sirajsports.com/Auth/dep/,1,36,10,1,0,19,0,0
https://https0www0wellsfargo0com.proxy.enplug.com/es/biz,1,56,7,2,1,41,0,3
http://148.66.17.86/ap/signin?key=noreply@example.com,1,53,10,2,0,12,0,9
http://clever-nightingale-f31520.netlify.app/,1,45,1,1,0,37,1,5
http://payeeremoval-halifax.com/Login.php,1,41,10,0,0,24,1,0
http://amazing-wright-9e64c7.netlify.app/,1,41,1,1,0,33,1,4
http://angry-williams-9c9148.netlify.app/,1,41,1,1,0,33,1,5
https://angry-dubinsky-743784.netlify.app/,1,42,1,1,1,33,1,6
http://frosty-hawking-1da28d.netlify.app/,1,41,1,1,0,33,1,3
https://hali-payeecontrol.com/,1,30,1,0,1,21,1,0
https://halifax-payeesec.net/Login.php,1,38,10,0,1,20,1,0
https://halifaxsecurityteam.com/Login.php,1,41,10,0,1,23,0,0
http://admiring-jones-b2e0d6.netlify.app/,1,41,1,1,0,33,1,3
http://halifax-payeesec.net/,1,28,1,0,0,20,1,0
http://hungry-wiles-b543b1.netlify.app/,1,39,1,1,0,31,1,4
https://docsharex-authorize.firebaseapp.com/...xx,1,49,6,1,1,35,1,0
https://proceed-cancel-ipayee.com/lloyds,1,40,7,0,1,25,1,0
https://www.dzopgwef0f7miok.www.runescape.com-gb.ru/,1,52,1,4,1,43,1,2
http://dzopgwef0f7miok.www.runescape.com-gb.ru/,1,47,1,3,0,39,1,2
http://reverent-colden-bac60e.netlify.app/,1,42,1,1,0,34,1,2
http://lkndsjskcibn3784y2hdns8z8w2.wl.r.appspot.com/,1,52,1,3,0,44,0,8
https://sleepy-noether-99dab5.netlify.app/,1,42,1,1,1,33,1,3
https://competent-lichterman-fba8e5.netlify.app/,1,48,1,1,1,39,1,2
http://nervous-lovelace-c21c69.netlify.app/,1,43,1,1,0,35,1,4
https://loving-brahmagupta-11643a.netlify.app/,1,46,1,1,1,37,1,5
http://blissful-edison-203137.netlify.app/,1,42,1,1,0,34,1,6
https://xkbniorlxhcbzfofweefjyorpi-dot-triple-upgrade-293822.rj.r.appspot.com/x,1,79,2,3,1,69,1,6
https://yxfigvzcedarizwyymjdrmyinj-dot-triple-upgrade-293822.rj.r.appspot.com/x,1,79,2,3,1,69,1,6
https://amazon.co.jp3.fggfgfdgdfgdfg1.buzz/pc/,1,46,4,3,1,34,0,2
https://isabelletay.com/o365x2/?ss=2&email=cGF0cmljay5sdWV0b2xmQHpoYXcuY2g=,1,75,8,0,1,15,0,10
https://corvetteonsale.com/redirect/cGF0cmljay5sdWV0b2xmQHpoYXcuY2g=,1,68,42,0,1,18,0,5
http://www.smcsistemas.com.br/050/sfr20/pay.php,1,47,18,2,0,22,0,5
https://www.smcsistemas.com.br/050/sfr20/proceed.php,1,52,22,2,1,22,0,5
https://www.smcsistemas.com.br/050/sfr20/authentification.php?load=c517266ye1BOLx2019021722390746193,1,100,31,2,1,22,0,31
https://www.smcsistemas.com.br/050/sfr20/fin.php,1,48,18,2,1,22,0,5
http://zen-villani-22305e.netlify.app/,1,38,1,1,0,30,1,5
https://www.mobile-portail.live/personal/e/authID=Xmv6a/,1,56,25,1,1,23,1,1
https://yogasharing.com/wetr/Adobe-Document.php?_encoding=UTF8&amp;0c05cfc554f6684d762fdd4648d8e15d&amp;ignoreAuthState=1&amp;openid.assoc_handle=usflex&amp;openid.claimed_id=http://specs.openid.net/auth/2.0/identifier_select&amp;openid.identity=1.0&amp;openid.pape.max_auth_age,1,278,24,0,1,15,0,26
https://zealous-fermat-a3b043.netlify.app/,1,42,1,1,1,33,1,4
https://adoring-brown-1e13da.netlify.app/,1,41,1,1,1,32,1,3
https://422397563546c04806477ef555750950-dot-tidy-rig-288911.oa.r.appspot.com/,1,78,1,3,1,69,1,35
http://accountsecurity-issue.com/,1,33,1,0,0,25,1,0
http://mahusa.fh.unila.ac.id/west/Alibaba.com/Login.html,1,56,28,3,0,21,0,0
https://www.agateparadise.com/docs/slab/accessms/index.html,1,59,30,1,1,21,0,0
https://isabelletay.com/o365x2/login.php?ss=2&#cGF0cmljay5sdWV0b2xmQHpoYXcuY2g=#client_id=e7b724e5-ef96-4f79-9c01-6e985e042d4d#loginpage=https://live.microsoftonline.com#reff=6d17fd2bdeb846c7987fc53a49f81755,1,207,17,0,1,15,0,51
http://affectionate-dijkstra-2752b7.netlify.app/,1,48,1,1,0,40,1,5
http://amazing-thompson-e24615.netlify.app/,1,43,1,1,0,35,1,5
http://www.amazon.virtualbilling.net/,1,37,1,2,0,29,0,0
https://dazzling-aryabhata-5b1af6.netlify.app/,1,46,1,1,1,37,1,3
http://angry-nightingale-015488.netlify.app/,1,44,1,1,0,36,1,6
https://eloquent-knuth-4c1c8d.netlify.app/,1,42,1,1,1,33,1,3
https://payeeremoval-halifax.com/,1,33,1,0,1,24,1,0
https://docsharex-authorize.firebaseapp.com/x...x,1,49,6,1,1,35,1,0
https://clouddoc-authorize.firebaseapp.com/...x......,1,53,11,1,1,34,1,0
https://docsharex-authorize.firebaseapp.com/xxx,1,47,4,1,1,35,1,0
https://attmelomi.weebly.com/,1,29,1,1,1,20,0,0
https://cancel-onlinepayee.com/,1,31,1,0,1,22,1,0
https://bawqat.com/handler-haunt-coercion-some/Load.en.php?TYPE=38030420&REALMOID=9A0YoY0gZaoWSJVKs8prSMx2hwok5B9W8buVcW6m&GUID=&SMAUTHREASON=0&METHOD=GET&SMAGENTNAME=ux9zMLWTDmxK3Mt2xiw6Oq8rYM1BwAUsrHllnQiXP9UyzeHeIKasDZrZ91CgFpv8F9jfm2&TARGET=-SM-https://mybell.bell.ca/,1,272,40,0,1,10,0,30
https://zealous-payne-6b0900.netlify.app/,1,41,1,1,1,32,1,5
http://youthful-mahavira-0a10e1.netlify.app/,1,44,1,1,0,36,1,4
https://currentlyattyahoodomainservice232.weebly.com/,1,53,1,1,1,44,0,3
http://supportpayee-mobile.com/halifax,1,38,8,0,0,23,1,0
http://mail.newdevice-security.co.uk/,1,37,1,2,0,29,1,0
https://xenodochial-lamport-b1ea64.netlify.app/,1,47,1,1,1,38,1,3
https://youthful-heyrovsky-d85a5d.netlify.app/,1,46,1,1,1,37,1,3
https://thirsty-clarke-7cdce9.netlify.app/,1,42,1,1,1,33,1,2
https://cranky-jennings-40f93a.netlify.app/,1,43,1,1,1,34,1,4
http://zealous-franklin-121345.netlify.app/,1,43,1,1,0,35,1,6
http://paypalinfo.amormisericordioso.cl/,1,40,1,1,0,32,0,0
http://www.adnacgroup.com/iFastrecruit/assets/company/images/web/Alibaba.com/Login.htm,1,86,61,1,0,18,0,0
https://tacazweekday.com/,1,25,1,0,1,16,0,0
https://intermat.icu/,1,21,1,0,1,12,0,0
http://portal.owamessagesapp.ml/,1,32,1,1,0,24,0,0
https://payplticket619054.info/users/userID-83235/en/,1,53,23,0,1,22,0,11
http://chewgpml.000webhostapp.com/good/english%20auto/crypt/index.php,1,69,36,1,0,26,0,5
http://liam-63c2a.firebaseapp.com/document.html,1,47,14,1,0,26,1,3
http://m.lkh8363.com/,1,21,1,1,0,13,0,4
http://instagram.business-supports.com/,1,39,1,1,0,31,1,0
https://blog.wpark.com.br/admin/authorize_client_id:gcom47l2-ox7a-v6kh-bagz-c5psgotv6wry_z6lup4ntxim5o3rj792cg0hqwyf8absdkev1ki30aumwz9xsjvolbqfye48tg6hp5r7cdn21njgkhu1v3yciwoq78t0px4zd65bfs29arlem?data=dGVzdC50ZXN0QHRlc3QuY29t,1,227,172,2,1,17,0,43
http://updatemythree-login.com/,1,31,1,0,0,23,1,0
https://webmials.acpideas.cf/smart.html?source=Lease@progleasing.com,1,68,11,1,1,20,0,0
http://stupefied-bell-7c2373.netlify.app/,1,41,1,1,0,33,1,5
https://nervous-agnesi-f827cb.netlify.app/,1,42,1,1,1,33,1,3
http://videoskick.com/acrobat/error.php,1,39,18,0,0,14,0,0
http://ssosgujiadnzwnkj-dot-owaonk399399393.uk.r.appspot.com/,1,61,1,3,0,53,1,9
http://tojnthmnjnuxqruw-dot-owaonk399399393.uk.r.appspot.com/,1,61,1,3,0,53,1,9
http://f0484941.xsph.ru/smtp/login.php,1,38,15,1,0,16,0,7
http://papayawhipspringgreencomputeranimation--five-nine.repl.co/,1,65,1,1,0,57,1,0
http://livefrenchnet--five-nine.repl.co/,1,40,1,1,0,32,1,0
http://489nsmfna738hgwwrb76.mattsenior1.repl.co/?page2=1778780533c3344e3709708b00a0b433d96e692121&redirect=&email=&ConnectW1stRW,1,128,1,2,0,40,0,46
http://doc.ibx.lat/14/OneDrive1Master/home/,1,43,25,1,0,11,0,3
http://acm1.eimae.iwc.static.c11n.18maps.com/ebill/paynow,1,57,13,5,0,37,0,5
http://jedvudfhswnlpqwqrricreygil.triple-upgrade-293822.rj.r.appspot.com/x/xxx,1,78,6,4,0,65,1,6
http://inukgrrgcsydibjbevadhmmzcf.triple-upgrade-293822.rj.r.appspot.com/x/xxx,1,78,6,4,0,65,1,6
http://trusting-engelbart-ce67e8.netlify.app/,1,45,1,1,0,37,1,3
https://pochtarefund-xeq6nc.aakoa.xyz/,1,38,1,1,1,29,1,1
http://ncjaukkkewgoulpj-dot-owaonk399399393.uk.r.appspot.com/,1,61,1,3,0,53,1,9
http://gyblctnsblyaixsfoabwqmrmwy-dot-owaonk399399393.uk.r.appspot.com/,1,71,1,3,0,63,1,9
https://transferwin.cl/wp-content/egaliciaeminent/186.12.104.13460778/agregar/telefono/contacto/operacion-exitosa.html,1,118,96,0,1,14,0,16
https://transferwin.cl/wp-content/egaliciaeminent/186.12.104.13460778/agregar/telefono/contacto/,1,96,74,0,1,14,0,16
https://transferwin.cl/wp-content/egaliciaeminent/186.12.104.13460778/agregar/telefono/contacto/LogonOperacionServlet.html,1,122,100,0,1,14,0,16
https://et-is-alat.net/x,1,24,2,0,1,14,1,0
"https://secure.oldschool.com-ty.ru/m=forum/forums.ws389,92343,73434436,95543443622,3",1,84,50,2,1,26,1,28
http://focused-hodgkin-2d9fa9.netlify.app/,1,42,1,1,0,34,1,3
http://richmondbarsandrestaurants.com/Iinkedln.com/LinkedIn.html,1,64,27,0,0,30,0,0
http://thietbihantbt.com/kaufer0-mochtendiesenkaufabbrechen&cgi3-viewkontakt-6446745566564-007acctpagetype-6446745566564_24340-&ebay_yoursales24.de.html,1,152,128,0,0,17,0,38
https://fatissatemapptria.azurewebsites.net/n2ZdA/WwT5e@Wd/75LKf2k/rythgfxc.php?bbre=629f99790f8#/uTuxy0C65Z-&!@el6caAs38iwoCNxpWJ9UfQKrn2&!@UG9L2I3Ox8taAZsHo7knENQj4@&!-andreacarroll@legalshield.com-iOoJTOOB/5jkxsw,1,215,36,1,1,35,0,29
http://jolly-borg-2b4faa.netlify.app/,1,37,1,1,0,29,1,2
http://ourgrandlife.com/wet/6b7c5476a37a4852f6a8d96b566171d7,1,60,37,0,0,16,0,23
http://zealous-dijkstra-a2b6db.netlify.app/,1,43,1,1,0,35,1,2
http://www.culinization.com/culinization/cloud/,1,47,20,1,0,20,0,0
https://verify-information-ref909.com/,1,38,1,0,1,29,1,3
http://compassionate-blackwell-3fa22e.netlify.app/,1,50,1,1,0,42,1,3
http://amazing-poincare-dc388c.netlify.app/,1,43,1,1,0,35,1,3
https://515532702211627802.weebly.com/,1,38,1,1,1,29,0,18
http://gallant-saha-5762ab.netlify.app/,1,39,1,1,0,31,1,4
http://a6cee15f65dd9be8ce5e2883d0c0ba6e-dot-filiuomn.oa.r.appspot.com/,1,70,1,3,0,62,1,15
https://ehllipticheskij-trenazher-magazin.ru/wp-includes/hj/lock/index.php?email=lsc880@hanmail.net,1,99,30,0,1,36,1,3
https://pubgvents.com/,1,22,1,0,1,13,0,0
https://www.rakuten.c0.jp3.4vhcghcj7yddhhfh.xyz/,1,48,1,4,1,39,0,4
https://www.rakuten.c0.jp4.4vhcghcj7yddhhfh.xyz/,1,48,1,4,1,39,0,4
https://www.rakuten.c0.jp1.4vhcghcj7yddhhfh.xyz/,1,48,1,4,1,39,0,4
https://amazon-co.cloud/,1,24,1,0,1,15,1,0
https://www.rakuten.c0.jp2.4vhcghcj7yddhhfh.xyz/,1,48,1,4,1,39,0,4
https://web3958.web07.bero-webspace.de/rabobank.nl-debitcardlogon.do-sql-inloggen/,1,82,44,2,1,30,1,6
http://moderndaymotors.com/fuller/Auto/mcrosoft.php,1,51,25,0,0,19,0,0
https://exodusevent.com/,1,24,1,0,1,15,0,0
http://instagram.com-a.eu/,1,26,1,1,0,18,1,0
http://tracking.samsclub.com/track?type=click&enid=ZWFzPTEmYW1wO21zaWQ9MSZhbXA7YXVpZD0xNTYyMTMxNiZhbXA7bWFpbGluZ2lkPTYyMjA2JmFtcDttZXNzYWdlaWQ9MjYwMCZhbXA7ZGF0YWJhc2VpZD0xNTcxOTQxMzk5JmFtcDtzZXJpYWw9MTY3Nzk5MDgmYW1wO2VtYWlsaWQ9Y2JlbkBjb2xvcmNvYXRpbmMuY29tJmFtcDt1c2VyaWQ9MV8xODAyNiZhbXA7dGFyZ2V0aWQ9JmFtcDtmbD0mYW1wO212aWQ9JmFtcDtleHRyYT0mYW1wOyZhbXA7JmFtcDs=&&&16010&&&ms-env.eba-pgejrkhm.us-west-2.elasticbeanstalk.com/?chch6=R0dSRUFHRVJAUEJBTkVULkNPTQ==,1,456,6,1,0,21,0,50
https://trappremium.com/_/manage.connect.com/,1,45,22,0,1,15,0,0
https://theinterjectpolish.co.uk/r.html,1,39,7,1,1,24,0,0
http://www.primevideo.com/region/eu/detail/0I9Z84G8V8F0EOHGPNCV4F9TZN/ref=atv_hm_hom_c_8pZiqd_2_1/,1,98,73,1,0,18,0,12
https://webenliven.ae/2311/Office_tbs/WebmailClient.php?Email=info@weilburger-graphics.de,1,89,34,0,1,13,0,4
https://e8df8e41ae36eb4d910f4b3899d76487-dot-filiuomn.oa.r.appspot.com/,1,71,1,3,1,62,1,20
http://www.magnetarbpo.com/paypal/,1,34,8,1,0,19,0,0
http://www.projectiqengineering.in/wp-admin/tt/tt/logon.do.php...,1,65,31,1,0,27,0,0
http://safilters.com/login/ourtime.php,1,38,18,0,0,13,0,0
http://deesteescustoms.com/wp-includes/widgets.html,1,51,25,0,0,19,0,0
http://qaennnjskhbusrcq-dot-owaonk399399393.uk.r.appspot.com/,1,61,1,3,0,53,1,9
"https://secure.oldschool.com-ty.ru/m=forum/forums.ws389,92343,7345436,95545345622,3",1,83,49,2,1,26,1,27
http://ideal-betalingverzoek.xyz/request.php?trxid=5ec7e87236a3a,1,64,12,0,0,25,1,8
https://jjuumvjndajceluqmvulfqsjke-dot-idyllic-chimera-296111.et.r.appspot.com/,1,79,1,3,1,70,1,6
https://f1cd18d315ed35ca0515c95716042645-dot-lifeonline-297312.oa.r.appspot.com/,1,80,1,3,1,71,1,29
http://28e12e26c0d72da5b7536cc45ac730c7-dot-lifeonline-297312.oa.r.appspot.com/,1,79,1,3,0,71,1,26
https://cranky-keller-61570d.netlify.app/,1,41,1,1,1,32,1,5
http://sanrokz.cloudaccess.host/Dutch-datenappstore/index.htm,1,61,30,1,0,24,0,0
http://hostloginpaypal.ddns.net/,1,32,1,1,0,24,0,0
https://iade-ehizmetlerim.com/H%C4%B1zl%C4%B1-Ba%C5%9Fvuru/giris.php,1,68,39,0,1,21,1,6
http://copyrightsinstagram-help.cf/,1,35,1,0,0,27,1,0
https://facebooklivesupport.com/,1,32,1,0,1,23,0,0
https://files.wetrensfer.live/transfers/Mj5464Va8gvWr00Gm902CneQo3MieH32DfaBe729Mqa2tD6904432/,1,94,65,1,1,21,0,24
https://freematerialmetroroyale.com/,1,36,1,0,1,27,0,0
http://certify-now.uc.r.appspot.com/certify-now.uc.r.appspot.com/,1,65,30,3,0,28,1,0
https://addscancodehwalfr.you2.pl//oro/new-4/internet/login.php,1,63,30,1,1,25,0,2
http://static.showit.co/file/GkhPvLOGTt6hVTvTI0pgVQ/123330/uhuhu.html,1,69,46,1,0,16,0,8
http://videoskick.com/acrobat/view.php,1,38,17,0,0,14,0,0
https://payments.ca-receipts-app.top/login.html,1,47,11,1,1,28,1,0
http://elicosandvet.iscperth.com/linkedin.com/checkpoint/index.php,1,66,34,1,0,25,0,0
http://vemaksan.com/wp-includes/css/D2017HL/index.php,1,53,34,0,0,12,0,4
http://vkoauth1.tk/,1,19,1,0,0,11,0,1
https://nvisionarchitecture.com/wp-admin/network/jgfdxx/FDX/FDX/FEDEX/,1,70,39,0,1,23,0,0
https://mailstunning.com/refunds,1,32,8,0,1,16,0,0
https://info-amazonn.co/app/,1,28,5,0,1,15,1,0
https://info-amazonn.co/apc/,1,28,5,0,1,15,1,0
https://38d59b42750628d3d80bee3f0e8713a8-dot-dilinkingion.oa.r.appspot.com/,1,75,1,3,1,66,1,22
https://pochtarefund-xeq6nl.aakoc.xyz/hsbc,1,42,5,1,1,29,1,1
http://hackademit.fr/,1,21,1,0,0,13,0,0
http://priceless-goldberg-c545e3.netlify.app/,1,45,1,1,0,37,1,4
http://aurickhotels.com/image/dena/dena,1,39,16,0,0,16,0,0
http://aurickhotels.com/image/dena/dena/,1,40,17,0,0,16,0,0
https://4211960feedefd2c301042439ab86ae4-dot-dilinkingion.oa.r.appspot.com/,1,75,1,3,1,66,1,20
https://www.payapl.com-update.account-cz.ingeoconsultores.com/,1,62,1,4,1,53,1,0
http://security-verify-now.me/admin,1,35,6,0,0,22,1,0
http://7b1e13ef1365727d16bb79fe34fa1632-dot-dilinkingion.oa.r.appspot.com/,1,74,1,3,0,66,1,21
https://dolby360.com/wp-admin/@ivsz.hu/Drive,1,44,24,0,1,12,0,3
https://alivesidelife.com/ow/auth/logon.aspx?replaceCurrent=1&reason=2&url=,1,75,19,0,1,17,0,2
https://lcscards-updates-service.web3953.web07.bero-webspace.de/index.php/false/py1n.html/discovercard.com/dfs/accounthome/summary/-www.schwab.com/secure.accurint.com/unfcu2.org/login1/wachovia.com/myaccounts.aspx/investing.schwab.com/secure/schwab/https,1,254,191,3,1,55,1,9
https://deutschebnkng.digital/?ICMqWDNq7FyQ9ISj8=TGEu8SU2NGEOnZFGm1s,1,68,1,0,1,21,0,6
https://deutschebnkng.digital/resp.php,1,38,9,0,1,21,0,0
https://deutschebnkng.digital/pin.php,1,37,8,0,1,21,0,0
https://deutschebnkng.digital/opstuur.php,1,41,12,0,1,21,0,0
http://macabrechi.net/het/anonone365/onedrive,1,45,24,0,0,14,0,3
https://updatebilldetails.com/,1,30,1,0,1,21,0,0
https://atosgenerators.com/autoapp/one/westpac/F/D/manage/3581a2c0f4e7f60ebf061b86d904206f,1,90,64,0,1,18,0,21
https://atosgenerators.com/autoapp/one/westpac/F/D/manage/3581a2c0f4e7f60ebf061b86d904206f/,1,91,65,0,1,18,0,21
http://aa940d0d81df57437d543e13f0b90447-dot-lifeonline-297312.oa.r.appspot.com/,1,79,1,3,0,71,1,28
https://pochtarefund-xeq10z.aakmy.xyz/dhl/dhl/dhltracking.html,1,62,25,1,1,29,1,2
https://pochtarefund-xeq10z.aakmy.xyz/index/login/login/token/5220b3547e4fbe108fed506d06228c45.html,1,99,62,1,1,29,1,24
https://pochtarefund-xeq10z.aakmy.xyz/index.php/false/false/py1n.html/discovercard.com/dfs/accounthome/summary/-www.schwab.com/secure.accurint.com/unfcu2.org/login1/wachovia.com/myaccounts.aspx/investing.schwab.com/secure/schwab/https:/snsbank.nl,1,246,209,1,1,29,1,5
https://pochtarefund-xeq10z.aakmy.xyz/entscheidung-817277406681628&amp;cgi3-viewkontakt-817277406681628-007acctpagetype-817277406681628=33445-gesendet&amp;ebay@aluminium-shop-pirmasens.com.html,1,193,33,1,1,29,1,56
https://pochtarefund-xeq10z.aakmy.xyz/ing/sms.html,1,50,13,1,1,29,1,2
https://pochtarefund-xeq10z.aakmy.xyz/login/instellen.html,1,58,21,1,1,29,1,2
https://pochtarefund-xeq10z.aakmy.xyz/index.php/false/py1n.html/discovercard.com/dfs/accounthome/summary/-www.schwab.com/secure.accurint.com/unfcu2.org/files/files/saved_resource.html,1,183,146,1,1,29,1,4
https://secure-signin.link/Lloyds/Login.php,1,43,17,0,1,18,1,0
https://pochtarefund-xeq10z.aakmy.xyz/only-apple.support,1,56,19,1,1,29,1,2
https://pochtarefund-xeq10z.aakmy.xyz/90.i.lolik.anyciona.patrolita.casse.897866,1,80,43,1,1,29,1,10
https://pochtarefund-xeq10z.aakmy.xyz/index/login/login/token/306e30aab90f08c1d2a01255f0a332bf.html,1,99,62,1,1,29,1,22
https://pochtarefund-xeq10z.aakmy.xyz/zjv.html,1,46,9,1,1,29,1,2
https://pochtarefund-xeq10z.aakmy.xyz/verkauferbb24f8e1689eaeb42b101522cc620210e477ef0c56a655e234dinvoicerouteacctpagetype&de17ed734194f2e9bd6c67714d3eaaf43f1bf67b100613ae4c&info@buddelkiste-ollywood.de.html,1,207,170,1,1,29,1,64
https://pochtarefund-xeq10z.aakmy.xyz/login/shippingdoc.htm,1,59,22,1,1,29,1,2
https://pochtarefund-xeq10z.aakmy.xyz/r,1,39,2,1,1,29,1,2
https://pochtarefund-xeq10z.aakmy.xyz/index.php/d0%C3%AF%C2%BF%C2%BD%C3%90%C2%BE%C3%90%C2%BC%C3%90%C2%BF%C3%90%C2%B0%C3%90%C2%BD%C3%90%C2%B8%C3%91%C2%8F:%C3%90%C2%9C.%C3%90%C2%92%C3%90%C2%B8%C3%90%C2%B4%C3%90%C2%B5%C3%90%C2%BE-%C3%90%C2%AD%C3%90%C2%BB%C3%91%C2%8C%C3%90%C2%B4%C3%90%C2%BE%C3%91%C2%80%C3%90%C2%B0%C3%90%C2%B4%C3%90%C2%BE,1,335,298,1,1,29,1,109
https://pochtarefund-xeq10z.aakmy.xyz/2/http@securelogin.bp.poste.it,1,68,31,1,1,29,1,3
https://pochtarefund-xeq10z.aakmy.xyz/mijn.icscards.nl,1,54,17,1,1,29,1,2
https://pochtarefund-xeq10z.aakmy.xyz/t.1t,1,42,5,1,1,29,1,3
https://pochtarefund-xeq10z.aakmy.xyz/index.php/false/py1n.html/discovercard.com/dfs/accounthome/summary/-www.schwab.com/secure.accurint.com/unfcu2.org/files/files,1,163,126,1,1,29,1,4
https://pochtarefund-xeq10z.aakmy.xyz/index/login/login/token/819fa8e05dad74a2be3a3cf36d8f07da.html,1,99,62,1,1,29,1,18
https://pochtarefund-xeq10z.aakmy.xyz/trackingdhlpack.html,1,58,21,1,1,29,1,2
https://pochtarefund-xeq10z.aakmy.xyz/high_speed_internet.cfm,1,61,24,1,1,29,1,2
https://pochtarefund-xeq10z.aakmy.xyz/ws/ebayisapi.dll,1,54,17,1,1,29,1,2
https://pochtarefund-xeq10z.aakmy.xyz/index.php/false/py1n.html/discovercard.com/dfs/accounthome/summary/www.schwab.com,1,119,82,1,1,29,1,3
https://pochtarefund-xeq10z.aakmy.xyz/index.php/false/false/py1n.html/discovercard.com/dfs/accounthome/summary/-www.schwab.com/secure.accurint.com/unfcu2.org/login1/wachovia.com/myaccounts.aspx/investing.schwab.com/secure/schwab/https:/step1.html,1,246,209,1,1,29,1,6
https://pochtarefund-xeq10z.aakmy.xyz/idmsac.apps,1,49,12,1,1,29,1,2
https://pochtarefund-xeq10z.aakmy.xyz/storew.ebay.de,1,52,15,1,1,29,1,2
https://pochtarefund-xeq10z.aakmy.xyz/www.appleid.apple.com,1,59,22,1,1,29,1,2
https://pochtarefund-xeq10z.aakmy.xyz/hsbc,1,42,5,1,1,29,1,2
https://pochtarefund-xeq10z.aakmy.xyz/files,1,43,6,1,1,29,1,2
https://pochtarefund-xeq10z.aakmy.xyz/ws/signin&_trksid=m570.l1524,1,66,29,1,1,29,1,9
https://re5512.com/,1,19,1,0,1,10,0,4
https://re5512.com/step2.php,1,28,10,0,1,10,0,5
https://re5512.com/step3.php,1,28,10,0,1,10,0,5
https://re5512.com/step4.php,1,28,10,0,1,10,0,5
https://re5512.com/step5.php,1,28,10,0,1,10,0,5
https://pochtarefund-xeq10z.aakmy.xyz/obuchenie-kardingu-ot-wwh.html,1,68,31,1,1,29,1,2
https://pochtarefund-xeq10z.aakmy.xyz/7eabsaonline%206.htm,1,58,21,1,1,29,1,6
https://pochtarefund-xeq10z.aakmy.xyz/credit-agricole.fr,1,56,19,1,1,29,1,2
https://pochtarefund-xeq10z.aakmy.xyz/index.php/false/false/py1n.html/discovercard.com/dfs/accounthome/summary/-www.schwab.com/secure.accurint.com/unfcu2.org/login1/wachovia.com/myaccounts.aspx/investing.schwab.com/secure/schwab/https,1,234,197,1,1,29,1,5
https://pochtarefund-xeq10z.aakmy.xyz/reg/spec,1,46,9,1,1,29,1,2
https://pochtarefund-xeq10z.aakmy.xyz/index/login/login/token/ac1ed4bb28011fe1e5f6688be3a04fc4.html,1,99,62,1,1,29,1,19
https://pochtarefund-xeq10z.aakmy.xyz/app,1,41,4,1,1,29,1,2
https://pochtarefund-xeq0v9.aaklv.xyz/zjv.html,1,46,9,1,1,29,1,2
https://pochtarefund-xeq0v9.aaklv.xyz/info/p2.html,1,50,13,1,1,29,1,3
https://pochtarefund-xeq0v9.aaklv.xyz/stores.,1,45,8,1,1,29,1,2
https://pochtarefund-xeq0v9.aaklv.xyz/rabo.html,1,47,10,1,1,29,1,2
https://pochtarefund-xeq0v9.aaklv.xyz/r/online.htm,1,50,13,1,1,29,1,2
https://pochtarefund-xeq0v9.aaklv.xyz/ws/einloggen%20oder%20neu%20anmelden%20_%20ebay.html,1,90,53,1,1,29,1,12
https://pochtarefund-xeq0v9.aaklv.xyz/f2.,1,41,4,1,1,29,1,3
https://pochtarefund-xeq0v9.aaklv.xyz/index/login/login/token/8e188b6ac74270cb119b6470229f1a69.html,1,99,62,1,1,29,1,25
https://pochtarefund-xeq0v9.aaklv.xyz/signin/ebay.de,1,52,15,1,1,29,1,2
https://pochtarefund-xeq0v9.aaklv.xyz/index.php/false/false/py1n.html/discovercard.com/dfs/accounthome/summary/-www.schwab.com/secure.accurint.com/unfcu2.org/login1/wachovia.com/myaccounts.aspx/investing.schwab.com/secure/schwab/https:/snsbank.nl,1,246,209,1,1,29,1,5
https://pochtarefund-xeq0v9.aaklv.xyz/info/carta-info.html,1,58,21,1,1,29,1,2
https://pochtarefund-xeq0v9.aaklv.xyz/index/login/login/token/c2e115005bc9db8450c808633e76a708.html,1,99,62,1,1,29,1,25
https://pochtarefund-xeq0v9.aaklv.xyz/rno.html,1,46,9,1,1,29,1,2
https://pochtarefund-xeq0v9.aaklv.xyz/login/instellen.html,1,58,21,1,1,29,1,2
https://pochtarefund-xeq0v9.aaklv.xyz/info/codice-autorizzazione.html,1,69,32,1,1,29,1,2
https://pochtarefund-xeq0v9.aaklv.xyz/mijn-ics.online-verificatie,1,65,28,1,1,29,1,2
https://pochtarefund-xeq0v9.aaklv.xyz/index.php/false/false/py1n.html/discovercard.com/dfs/accounthome/summary/www.schwab.com,1,125,88,1,1,29,1,3
https://pochtarefund-xeq0v9.aaklv.xyz/ws/ebayisapi.dll,1,54,17,1,1,29,1,2
https://pochtarefund-xeq0v9.aaklv.xyz/sign-in-appie.com,1,55,18,1,1,29,1,2
https://pochtarefund-xeq0v9.aaklv.xyz/informe.apple,1,51,14,1,1,29,1,2
https://pochtarefund-xeq0v9.aaklv.xyz/anstehende-043766271511498200&amp;cgi3-viewkontakt-cid-007acctpagetype-043766271511498200=5540002&amp;info@wohlfeil-shop.de.html,1,166,34,1,1,29,1,49
https://pochtarefund-xeq0v9.aaklv.xyz/index/login/login/token/5220b3547e4fbe108fed506d06228c45.html,1,99,62,1,1,29,1,24
https://pochtarefund-xeq0v9.aaklv.xyz/index.php/false/py1n.html/discovercard.com/dfs/accounthome/summary,1,104,67,1,1,29,1,3
https://pochtarefund-xeq0v9.aaklv.xyz/cgi.ebay.de,1,49,12,1,1,29,1,2
https://pochtarefund-xeq0v9.aaklv.xyz/entscheidung-817277406681628&amp;cgi3-viewkontakt-817277406681628-007acctpagetype-817277406681628=33445-gesendet&amp;ebay@aluminium-shop-pirmasens.com.html,1,193,33,1,1,29,1,56
https://pochtarefund-xeq0v9.aaklv.xyz/storew.ebay.de,1,52,15,1,1,29,1,2
https://pochtarefund-xeq0v9.aaklv.xyz/login/inloggen.html,1,57,20,1,1,29,1,2
https://pochtarefund-xeq0v9.aaklv.xyz/cgi-bin.appie-update-information,1,70,33,1,1,29,1,2
https://pochtarefund-xeq0v9.aaklv.xyz/7eabsaonline%206.htm,1,58,21,1,1,29,1,6
https://pochtarefund-xeq0v9.aaklv.xyz/index.php/false/py1n.html/discovercard.com/dfs/accounthome/summary/-www.schwab.com/secure.accurint.com/unfcu2.org/login1/wachovia.com/myaccounts.aspx/investing.schwab.com/secure/schwab/https:/snsbank.nl,1,240,203,1,1,29,1,5
https://pochtarefund-xeq0v9.aaklv.xyz/ing/index2.html,1,53,16,1,1,29,1,3
https://pochtarefund-xeq0v9.aaklv.xyz/header.login,1,50,13,1,1,29,1,2
https://pochtarefund-xeq0v9.aaklv.xyz/index.php/false/py1n.html/discovercard.com/dfs/accounthome/summary/-www.schwab.com/secure.accurint.com/unfcu2.org/files/files/archbridge.html,1,179,142,1,1,29,1,4
https://pochtarefund-xeq0v9.aaklv.xyz/index.php/d0%C3%AF%C2%BF%C2%BD%C3%90%C2%BE%C3%90%C2%BC%C3%90%C2%BF%C3%90%C2%B0%C3%90%C2%BD%C3%90%C2%B8%C3%91%C2%8F:%C3%90%C2%9C.%C3%90%C2%92%C3%90%C2%B8%C3%90%C2%B4%C3%90%C2%B5%C3%90%C2%BE-%C3%90%C2%AD%C3%90%C2%BB%C3%91%C2%8C%C3%90%C2%B4%C3%90%C2%BE%C3%91%C2%80%C3%90%C2%B0%C3%90%C2%B4%C3%90%C2%BE,1,335,298,1,1,29,1,109
https://pochtarefund-xeq0v9.aaklv.xyz/obuchenie-kardingu-ot-wwh.html,1,68,31,1,1,29,1,2
https://pochtarefund-xeq0v9.aaklv.xyz/ing/in.html,1,49,12,1,1,29,1,2
https://pochtarefund-xeq0v9.aaklv.xyz/reg,1,41,4,1,1,29,1,2
https://pochtarefund-xeq0v9.aaklv.xyz/1,1,39,2,1,1,29,1,3
https://pochtarefund-xeq0v9.aaklv.xyz/1/channeldr1ver.ssobto.html,1,65,28,1,1,29,1,4
https://pochtarefund-xeq0v9.aaklv.xyz/index/login/login/token/306e30aab90f08c1d2a01255f0a332bf.html,1,99,62,1,1,29,1,22
https://pochtarefund-xeq0v9.aaklv.xyz/home/individualclients.html,1,65,28,1,1,29,1,2
https://pochtarefund-xeq0v9.aaklv.xyz/login/tokenrectifica.html,1,63,26,1,1,29,1,2
https://pochtarefund-xeq0v9.aaklv.xyz/index.php/false/py1n.html/discovercard.com/dfs/accounthome/summary/-www.schwab.com/secure.accurint.com/unfcu2.org/files/files,1,163,126,1,1,29,1,4
https://pochtarefund-xeq0v9.aaklv.xyz/rocccorr.html,1,51,14,1,1,29,1,2
https://pochtarefund-xeq0v9.aaklv.xyz/index/login/login/token/819fa8e05dad74a2be3a3cf36d8f07da.html,1,99,62,1,1,29,1,18
https://pochtarefund-xeq0v9.aaklv.xyz/absalogin.htm,1,51,14,1,1,29,1,2
https://pochtarefund-xeq0v9.aaklv.xyz/reg/spec,1,46,9,1,1,29,1,2
https://pochtarefund-xeq0v9.aaklv.xyz/spe,1,41,4,1,1,29,1,2
https://pochtarefund-xeq0v9.aaklv.xyz/dhl.htm,1,45,8,1,1,29,1,2
https://pochtarefund-xeq0v9.aaklv.xyz/index.php/false/py1n.html/discovercard.com/dfs/accounthome/summary/www.schwab.com,1,119,82,1,1,29,1,3
https://pochtarefund-xeq0v9.aaklv.xyz/ing/ingbe.html,1,52,15,1,1,29,1,2
https://pochtarefund-xeq0v9.aaklv.xyz/ebay.co.uk,1,48,11,1,1,29,1,2
https://pochtarefund-xeq0v9.aaklv.xyz/login/shippingdoc.htm,1,59,22,1,1,29,1,2
https://pochtarefund-xeq0v9.aaklv.xyz/mijn.ics,1,46,9,1,1,29,1,2
https://pochtarefund-xeq0v9.aaklv.xyz/ws,1,40,3,1,1,29,1,2
https://pochtarefund-xeq0v9.aaklv.xyz/b/ld7j,1,44,7,1,1,29,1,3
https://pochtarefund-xeq0v9.aaklv.xyz/2/channeldr1ver.ssobto.html,1,65,28,1,1,29,1,4
https://pochtarefund-xeq0v9.aaklv.xyz/index/login/login/token/7d718d352a80fb8cf5e71abf735a3779.html,1,99,62,1,1,29,1,22
https://pochtarefund-xeq0v9.aaklv.xyz/index/login/login/token,1,61,24,1,1,29,1,2
https://pochtarefund-xeq0v9.aaklv.xyz/account/login,1,51,14,1,1,29,1,2
https://pochtarefund-xeq0v9.aaklv.xyz/loto_h367,1,47,10,1,1,29,1,5
https://pochtarefund-xeq0v9.aaklv.xyz/index.php/false/false/py1n.html/discovercard.com/dfs/accounthome/summary,1,110,73,1,1,29,1,3
https://pochtarefund-xeq0v9.aaklv.xyz/eba.e1saisonale-angebote-bn_7109743159.eby.desll,1,86,49,1,1,29,1,13
https://pochtarefund-xeq0v9.aaklv.xyz/apple.login,1,49,12,1,1,29,1,2
https://pochtarefund-xeq0v9.aaklv.xyz/index.php/false/false/py1n.html/discovercard.com/dfs/accounthome/summary/-www.schwab.com/secure.accurint.com/unfcu2.org/login1/wachovia.com/myaccounts.aspx/investing.schwab.com/secure/schwab/https:/snsbank.nl/false/f,1,254,217,1,1,29,1,5
https://pochtarefund-xeq0v9.aaklv.xyz/t.1t,1,42,5,1,1,29,1,3
https://pochtarefund-xeq0v9.aaklv.xyz/entscheidung-817277406681628&amp;amp;cgi3-viewkontakt-817277406681628-007acctpagetype-817277406681628=33445-gesendet&amp;amp;ebay@aluminium-shop-pirmasens.com.html,1,201,33,1,1,29,1,56
https://pochtarefund-xeq0v9.aaklv.xyz/index.php/false/false/false/false/oegw.html,1,81,44,1,1,29,1,2
https://pochtarefund-xeq0v9.aaklv.xyz/index/login/login/token/8547f31e9dff28fa1683ee4ff0fdb6b4.html,1,99,62,1,1,29,1,19
https://pochtarefund-xeq0v9.aaklv.xyz/2/http@securelogin.bp.poste.it,1,68,31,1,1,29,1,3
https://pochtarefund-xeq0v9.aaklv.xyz/sncp,1,42,5,1,1,29,1,2
https://pochtarefund-xeq0v9.aaklv.xyz/1/channeldriver.ssobto.html,1,65,28,1,1,29,1,3
https://pochtarefund-xeq0v9.aaklv.xyz/sie-ihr-konto-328423549903133&cgi3-viewkontakt-328423549903133-007acctpagetype-328423549903133=51004-mehr-schutz-fur-ihr&muellers_bett@web.de.html,1,184,147,1,1,29,1,56
https://pochtarefund-xeq0v9.aaklv.xyz/stores.ebay.de,1,52,15,1,1,29,1,2
https://pochtarefund-xeq0v9.aaklv.xyz/login.icscards.opdracht,1,61,24,1,1,29,1,2
https://pochtarefund-xeq0v9.aaklv.xyz/signin/index.html,1,55,18,1,1,29,1,2
https://pochtarefund-xeq0v9.aaklv.xyz/dhl/dhl,1,45,8,1,1,29,1,2
https://pochtarefund-xeq0v9.aaklv.xyz/1/contactdetails.ssobto.html,1,66,29,1,1,29,1,3
https://pochtarefund-xeq0v9.aaklv.xyz/index/login/login/token/d868d8e85f227f3d42ca48cc5792bd1c.html,1,99,62,1,1,29,1,21
https://pochtarefund-xeq0v9.aaklv.xyz/absabusinesses.htm,1,56,19,1,1,29,1,2
https://pochtarefund-xeq0v9.aaklv.xyz/ing/sms.html,1,50,13,1,1,29,1,2
https://pochtarefund-xeq0v9.aaklv.xyz/index.php/false/false/py1n.html/discovercard.com/dfs/accounthome/summary/-www.schwab.com/secure.accurint.com/unfcu2.org/login1/wachovia.com/myaccounts.aspx/investing.schwab.com/secure/schwab/https:/snsbank.nl/mijnsns,1,254,217,1,1,29,1,5
https://pochtarefund-xeq6nn.aakoc.xyz/tvl/payment/,1,50,13,1,1,29,1,1
https://pochtarefund-xeq0v9.aaklv.xyz/login/token.html,1,54,17,1,1,29,1,2
https://pochtarefund-xeq0v9.aaklv.xyz/app/a97wpo4ejsxbqk1.asp,1,61,24,1,1,29,1,6
https://pochtarefund-xeq0v9.aaklv.xyz/index/login/login/token/2fb0e5ced3f6861f7e1750589b915ec0.html,1,99,62,1,1,29,1,22
https://pochtarefund-xeq0v9.aaklv.xyz/track,1,43,6,1,1,29,1,2
https://pochtarefund-xeq0v9.aaklv.xyz/session,1,45,8,1,1,29,1,2
https://pochtarefund-xeq0v9.aaklv.xyz/index.php/false/false/py1n.html/discovercard.com/dfs/accounthome/summary/-www.schwab.com/secure.accurint.com/unfcu2.org/login1/wachovia.com/myaccounts.aspx/investing.schwab.com/secure/schwab/https:/step1.html,1,246,209,1,1,29,1,6
https://pochtarefund-xeq0v9.aaklv.xyz/ws/signin&_trksid=m570.l1524,1,66,29,1,1,29,1,9
https://pochtarefund-xeq0v9.aaklv.xyz/index/login/login/token/d0b39d069d093cea81dec43ae2216cd9.html,1,99,62,1,1,29,1,20
https://pochtarefund-xeq0v9.aaklv.xyz/24836246.html,1,51,14,1,1,29,1,10
https://pochtarefund-xeq0v9.aaklv.xyz/trackingdhlpack.html,1,58,21,1,1,29,1,2
https://pochtarefund-xeq0v9.aaklv.xyz/loto_h367/paysend.html,1,60,23,1,1,29,1,5
https://pochtarefund-xeq0v9.aaklv.xyz/index/login/login/token/e5a96ed834b596f908712055073b126c.html,1,99,62,1,1,29,1,26
https://pochtarefund-xeq0v9.aaklv.xyz/2/cair.html,1,49,12,1,1,29,1,3
https://pochtarefund-xeq0v9.aaklv.xyz/ls/click,1,46,9,1,1,29,1,2
https://pochtarefund-xeq0v9.aaklv.xyz/de,1,40,3,1,1,29,1,2
https://pochtarefund-xeq0v9.aaklv.xyz/index/find.html,1,53,16,1,1,29,1,2
https://pochtarefund-xeq0v9.aaklv.xyz/90.i.lolik.anyciona.patrolita.casse.897866,1,80,43,1,1,29,1,10
https://pochtarefund-xeq0v9.aaklv.xyz/help.action,1,49,12,1,1,29,1,2
https://pochtarefund-xeq0v9.aaklv.xyz/index/login/login/token/ac1ed4bb28011fe1e5f6688be3a04fc4.html,1,99,62,1,1,29,1,19
https://pochtarefund-xeq0v9.aaklv.xyz/dhl/dhl/dhl-shipping-0043156.html,1,71,34,1,1,29,1,9
https://pochtarefund-xeq0v9.aaklv.xyz/it,1,40,3,1,1,29,1,2
https://pochtarefund-xeq0v9.aaklv.xyz/2/btochanneldriver.ssobto.html,1,68,31,1,1,29,1,3
https://pochtarefund-xeq0v9.aaklv.xyz/a_x,1,41,4,1,1,29,1,2
https://pochtarefund-xeq0v9.aaklv.xyz/info/surecheckcountdowncellphone.htm,1,74,37,1,1,29,1,2
https://pochtarefund-xeq0v9.aaklv.xyz/index.php/false/py1n.html/discovercard.com/dfs/accounthome/summary/-www.schwab.com/secure.accurint.com/unfcu2.org/login1/wachovia.com/myaccounts.aspx/investing.schwab.com/secure/schwab/https:/step1.html,1,240,203,1,1,29,1,6
https://pochtarefund-xeq0v9.aaklv.xyz/r/raiffeisenhu.html,1,57,20,1,1,29,1,2
https://pochtarefund-xeq0v9.aaklv.xyz/index.php/false/py1n.html/discovercard.com/dfs/accounthome/summary/-www.schwab.com/secure.accurint.com/unfcu2.org/files/files/saved_resource.html,1,183,146,1,1,29,1,4
https://pochtarefund-xeq0v9.aaklv.xyz/ing,1,41,4,1,1,29,1,2
https://pochtarefund-xeq0v9.aaklv.xyz/no,1,40,3,1,1,29,1,2
https://pochtarefund-xeq0v9.aaklv.xyz/web-verifysecurity-apple.appleid.com,1,74,37,1,1,29,1,2
https://pochtarefund-xeq0v9.aaklv.xyz/dhl/dhl/dhltracking.html,1,62,25,1,1,29,1,2
https://pochtarefund-xeq0v9.aaklv.xyz/iz2,1,41,4,1,1,29,1,3
http://gifted-joliot-483388.netlify.app/,1,40,1,1,0,32,1,6
http://hungry-spence-c90aeb.netlify.app/,1,40,1,1,0,32,1,2
https://outlookvoiceportal.cloudns.asia/outlook/owa/cwqeucqvil29fpmhngu9ubhe.php?1HH7L5160698660351a84c6b4f796c20f113b2d80ce1674651a84c6b4f796c20f113b2d80ce1674651a84c6b4f796c20f113b2d80ce1674651a84c6b4f796c20f113b2d80ce1674651a84c6b4f796c20f113b2d80ce16746&xr1=&error=,1,269,41,1,1,31,0,127
http://eversana003.eversana100.niboi.com/,1,41,1,2,0,33,0,6
https://pochtarefund-xeq0v9.aaklv.xyz/login/index.html,1,54,17,1,1,29,1,2
https://pochtarefund-xeq0v9.aaklv.xyz/info/absaonline.htm,1,57,20,1,1,29,1,2
https://pochtarefund-xeq0v9.aaklv.xyz/loto_h367/loading.html,1,60,23,1,1,29,1,5
https://pochtarefund-xeq0v9.aaklv.xyz/info/index.html,1,53,16,1,1,29,1,2
https://pochtarefund-xeq0v9.aaklv.xyz/home/index.html,1,53,16,1,1,29,1,2
https://pochtarefund-xeq0v9.aaklv.xyz/lloyds,1,44,7,1,1,29,1,2
https://pochtarefund-xeq0v9.aaklv.xyz/track/dhl-information-contact.html,1,72,35,1,1,29,1,2
https://pochtarefund-xeq0v9.aaklv.xyz/loto_h367/443789221df.html,1,64,27,1,1,29,1,14
https://pochtarefund-xeq0v9.aaklv.xyz/index/login/login/token/bde2aba4b8978209e1569dfbc98b5fd8.html,1,99,62,1,1,29,1,19
https://pochtarefund-xeq0v9.aaklv.xyz/app,1,41,4,1,1,29,1,2
https://pochtarefund-xeq0v9.aaklv.xyz/verkauferbb24f8e1689eaeb42b101522cc620210e477ef0c56a655e234dinvoicerouteacctpagetype&de17ed734194f2e9bd6c67714d3eaaf43f1bf67b100613ae4c&info@buddelkiste-ollywood.de.html,1,207,170,1,1,29,1,64
https://pochtarefund-xeq0v9.aaklv.xyz/index.php/false/false/py1n.html/discovercard.com/dfs/accounthome/summary/-www.schwab.com/secure.accurint.com/unfcu2.org/login1/wachovia.com/myaccounts.aspx/investing.schwab.com/secure/schwab/https:/snsbank.nl/false/step1.html,1,263,226,1,1,29,1,6
https://pochtarefund-xeq0v9.aaklv.xyz/de/privatkunden.html,1,58,21,1,1,29,1,2
"https://pochtarefund-xeq0v9.aaklv.xyz/new%20dji%20phantom%204%20pro%20v2.0%20kit%20w%20hard%20case,%20filters,%202%20batteries",1,126,89,1,1,29,1,30
https://pochtarefund-xeq0v9.aaklv.xyz/2/https@securelogin.bp.poste.it,1,69,32,1,1,29,1,3
https://pochtarefund-xeq0v9.aaklv.xyz/index.php/false/false/py1n.html/discovercard.com/dfs/accounthome/summary/-www.schwab.com/secure.accurint.com/unfcu2.org/login1/wachovia.com/myaccounts.aspx/investing.schwab.com/secure/schwab/https,1,234,197,1,1,29,1,5
https://pochtarefund-xeq0v9.aaklv.xyz/r,1,39,2,1,1,29,1,2
https://pochtarefund-xeq0v9.aaklv.xyz/index.php/false/false/false/false,1,71,34,1,1,29,1,2
https://pochtarefund-xeq0v9.aaklv.xyz/2,1,39,2,1,1,29,1,3
https://pochtarefund-xeq0v9.aaklv.xyz/2/contactdetails.ssobto.html,1,66,29,1,1,29,1,3
https://pochtarefund-xeq0v9.aaklv.xyz/index/login/login/token/716a5f23ef69d15e468c8e7c89f2c24a.html,1,99,62,1,1,29,1,22
https://pochtarefund-xeq0v9.aaklv.xyz/index.php/false/false/py1n.html/discovercard.com/dfs/accounthome/summary/-www.schwab.com/secure.accurint.com/unfcu2.org/login1/wachovia.com/myaccounts.aspx/investing.schwab.com/secure/schwab/https:,1,235,198,1,1,29,1,5
https://pochtarefund-xeq0v9.aaklv.xyz/index/login/login/token/1574b01793203a2bf0dd32453dfa44e5.html,1,99,62,1,1,29,1,24
https://pochtarefund-xeq0v9.aaklv.xyz/hsbc,1,42,5,1,1,29,1,2
https://device-deregistered-new.com/Login.php,1,45,10,0,1,27,1,0
https://pochtarefund-xeq0v9.aaklv.xyz/de/home.html,1,50,13,1,1,29,1,2
https://pochtarefund-xeq0v9.aaklv.xyz/index/login/login/token/b78ddbc9e3538490ae61cdc9681797ff.html,1,99,62,1,1,29,1,21
https://pochtarefund-xeq0v9.aaklv.xyz/index.php/false/py1n.html/discovercard.com/dfs/accounthome/summary/-www.schwab.com/secure.accurint.com/unfcu2.org/login1/wachovia.com/myaccounts.aspx/investing.schwab.com/secure/schwab/https:,1,229,192,1,1,29,1,5
https://pochtarefund-xeq0v9.aaklv.xyz/index.php/false/false/py1n.html/discovercard.com/dfs/accounthome/summary/-www.schwab.com/secure.accurint.com/unfcu2.org/login1/wachovia.com/myaccounts.aspx/investing.schwab.com/secure/schwab,1,228,191,1,1,29,1,5
https://pochtarefund-xeq0v9.aaklv.xyz/www.appleid.apple.com,1,59,22,1,1,29,1,2
https://pochtarefund-xeq0v9.aaklv.xyz/www.e-fund-online.com,1,59,22,1,1,29,1,2
https://pochtarefund-xeq0v9.aaklv.xyz/index/login/login/token/5070a4a11a0fb581150f363a4bc64c9d.html,1,99,62,1,1,29,1,23
https://pochtarefund-xeq0v9.aaklv.xyz/index.php/false/py1n.html/discovercard.com/dfs/accounthome/summary/step1.html,1,115,78,1,1,29,1,4
"https://pochtarefund-xeq0v9.aaklv.xyz/index.php/false/false/py1n.html/discovercard.com/dfs/accounthome/summary/www.schwab.com,;",1,127,89,1,1,29,1,3
https://pochtarefund-xeq0v9.aaklv.xyz/index.php/false/false/py1n.html/discovercard.com/dfs/accounthome/summary/-www.schwab.com/secure.accurint.com/unfcu2.org/login1/wachovia.com/myaccounts.aspx/investing.schwab.com/secure/schwab/https:/snsbank.nl/false,1,252,215,1,1,29,1,5
https://pochtarefund-xeq0v9.aaklv.xyz/b/hae6,1,44,7,1,1,29,1,3
https://pochtarefund-xeq0v9.aaklv.xyz/well-known,1,48,11,1,1,29,1,2
https://pochtarefund-xeq0v9.aaklv.xyz/order,1,43,6,1,1,29,1,2
https://pochtarefund-xeq0v9.aaklv.xyz/files,1,43,6,1,1,29,1,2
https://pochtarefund-xeq0v9.aaklv.xyz/intesa,1,44,7,1,1,29,1,2
https://pochtarefund-xeq0v9.aaklv.xyz/,1,38,1,1,1,29,1,2
https://pochtarefund-xeq16g.aaknv.xyz/login/token.html,1,54,17,1,1,29,1,2
https://pochtarefund-xeq16g.aaknv.xyz/r/rbcgi3m01.html,1,54,17,1,1,29,1,5
https://pochtarefund-xeq16g.aaknv.xyz/app/indexa.asp,1,52,15,1,1,29,1,2
https://pochtarefund-xeq16g.aaknv.xyz/credit-agricole.fr,1,56,19,1,1,29,1,2
https://pochtarefund-xeq16g.aaknv.xyz/index.php/false/false/false/false,1,71,34,1,1,29,1,2
https://pochtarefund-xeq16g.aaknv.xyz/1/channeldr1ver.ssobto.html,1,65,28,1,1,29,1,4
https://pochtarefund-xeq16g.aaknv.xyz/stores.,1,45,8,1,1,29,1,2
https://pochtarefund-xeq16g.aaknv.xyz/index.php/false/py1n.html/discovercard.com/dfs/accounthome/summary/www.schwab.com,1,119,82,1,1,29,1,3
https://pochtarefund-xeq16g.aaknv.xyz/index.php/false/false/py1n.html/discovercard.com/dfs/accounthome/summary/-www.schwab.com/secure.accurint.com/unfcu2.org/login1/wachovia.com/myaccounts.aspx/investing.schwab.com/secure/schwab/https:/step1.html,1,246,209,1,1,29,1,6
https://pochtarefund-xeq16g.aaknv.xyz/entscheidung-817277406681628&amp;cgi3-viewkontakt-817277406681628-007acctpagetype-817277406681628=33445-gesendet&amp;ebay@aluminium-shop-pirmasens.com.html,1,193,33,1,1,29,1,56
https://pochtarefund-xeq16g.aaknv.xyz/verkauferbb24f8e1689eaeb42b101522cc620210e477ef0c56a655e234dinvoicerouteacctpagetype&de17ed734194f2e9bd6c67714d3eaaf43f1bf67b100613ae4c&info@buddelkiste-ollywood.de.html,1,207,170,1,1,29,1,64
https://pochtarefund-xeq16g.aaknv.xyz/www.appleid.apple.com,1,59,22,1,1,29,1,2
https://pochtarefund-xeq16g.aaknv.xyz/index/find.html,1,53,16,1,1,29,1,2
https://pochtarefund-xeq16g.aaknv.xyz/index.php/false/py1n.html/discovercard.com/dfs/accounthome/summary/-www.schwab.com/secure.accurint.com/unfcu2.org/files/files/saved_resource.html,1,183,146,1,1,29,1,4
https://pochtarefund-xeq16g.aaknv.xyz/track/dhl-information-contact.html,1,72,35,1,1,29,1,2
https://pochtarefund-xeq16g.aaknv.xyz/info/carta-info.html,1,58,21,1,1,29,1,2
https://pochtarefund-xeq16g.aaknv.xyz/loto_h367/443789221df.html,1,64,27,1,1,29,1,14
https://pochtarefund-xeq16g.aaknv.xyz/index.php/false/false/py1n.html/discovercard.com/dfs/accounthome/summary/-www.schwab.com/secure.accurint.com/unfcu2.org/login1/wachovia.com/myaccounts.aspx/investing.schwab.com/secure/schwab/https:/snsbank.nl/false/f,1,254,217,1,1,29,1,5
https://pochtarefund-xeq16g.aaknv.xyz/ws/ebayisapi.dll,1,54,17,1,1,29,1,2
https://pochtarefund-xeq16g.aaknv.xyz/mijn.ics,1,46,9,1,1,29,1,2
https://pochtarefund-xeq16g.aaknv.xyz/index.php/false/false/py1n.html/discovercard.com/dfs/accounthome/summary/-www.schwab.com/secure.accurint.com/unfcu2.org/login1/wachovia.com/myaccounts.aspx/investing.schwab.com/secure/schwab/https:/snsbank.nl/mijnsns,1,254,217,1,1,29,1,5
https://pochtarefund-xeq16g.aaknv.xyz/ing/in.html,1,49,12,1,1,29,1,2
https://pochtarefund-xeq16g.aaknv.xyz/index/login/login/token/e5a96ed834b596f908712055073b126c.html,1,99,62,1,1,29,1,26
https://pochtarefund-xeq16g.aaknv.xyz/loto_h367/loading.html,1,60,23,1,1,29,1,5
https://pochtarefund-xeq16g.aaknv.xyz/app/a97wpo4ejsxbqk1.asp,1,61,24,1,1,29,1,6
https://pochtarefund-xeq16g.aaknv.xyz/bauen-wohnen/baufinanzierung/psd-baugeld-berechnen/c231.html,1,98,61,1,1,29,1,5
https://pochtarefund-xeq16g.aaknv.xyz/index.php/false/false/py1n.html/discovercard.com/dfs/accounthome/summary/-www.schwab.com/secure.accurint.com/unfcu2.org/login1/wachovia.com/myaccounts.aspx/investing.schwab.com/secure/schwab/step1.html,1,239,202,1,1,29,1,6
https://pochtarefund-xeq16g.aaknv.xyz/app,1,41,4,1,1,29,1,2
https://pochtarefund-xeq16g.aaknv.xyz/help.action,1,49,12,1,1,29,1,2
https://pochtarefund-xeq16g.aaknv.xyz/1/btochanneldriver.ssobto.html,1,68,31,1,1,29,1,3
https://pochtarefund-xeq16g.aaknv.xyz/ls/click,1,46,9,1,1,29,1,2
https://pochtarefund-xeq16g.aaknv.xyz/1.8,1,41,4,1,1,29,1,4
https://pochtarefund-xeq16g.aaknv.xyz/account/login,1,51,14,1,1,29,1,2
https://pochtarefund-xeq16g.aaknv.xyz/index.php/false/false/py1n.html/discovercard.com/dfs/accounthome/summary/-www.schwab.com/secure.accurint.com/unfcu2.org/login1/wachovia.com/myaccounts.aspx/investing.schwab.com/secure/schwab/https:/snsbank.nl,1,246,209,1,1,29,1,5
https://pochtarefund-xeq16g.aaknv.xyz/index/login/login/token/49b3a69c0251e470858b95f79e26fa1d.html,1,99,62,1,1,29,1,24
https://pochtarefund-xeq16g.aaknv.xyz/index/login/login/token/306e30aab90f08c1d2a01255f0a332bf.html,1,99,62,1,1,29,1,22
https://pochtarefund-xeq16g.aaknv.xyz/login/instellen.html,1,58,21,1,1,29,1,2
https://pochtarefund-xeq16g.aaknv.xyz/2/cair.html,1,49,12,1,1,29,1,3
https://pochtarefund-xeq16g.aaknv.xyz/ws/signin&_trksid=m570.l1524,1,66,29,1,1,29,1,9
https://pochtarefund-xeq16g.aaknv.xyz/index.php/d0%C3%AF%C2%BF%C2%BD%C3%90%C2%BE%C3%90%C2%BC%C3%90%C2%BF%C3%90%C2%B0%C3%90%C2%BD%C3%90%C2%B8%C3%91%C2%8F:%C3%90%C2%9C.%C3%90%C2%92%C3%90%C2%B8%C3%90%C2%B4%C3%90%C2%B5%C3%90%C2%BE-%C3%90%C2%AD%C3%90%C2%BB%C3%91%C2%8C%C3%90%C2%B4%C3%90%C2%BE%C3%91%C2%80%C3%90%C2%B0%C3%90%C2%B4%C3%90%C2%BE,1,335,298,1,1,29,1,109
https://pochtarefund-xeq16g.aaknv.xyz/ing,1,41,4,1,1,29,1,2
https://pochtarefund-xeq16g.aaknv.xyz/info/p2.html,1,50,13,1,1,29,1,3
https://pochtarefund-xeq16g.aaknv.xyz/index/login/login/token/8547f31e9dff28fa1683ee4ff0fdb6b4.html,1,99,62,1,1,29,1,19
https://pochtarefund-xeq16g.aaknv.xyz/order,1,43,6,1,1,29,1,2
https://pochtarefund-xeq16g.aaknv.xyz/sncp,1,42,5,1,1,29,1,2
https://pochtarefund-xeq16g.aaknv.xyz/app/informe.apple,1,55,18,1,1,29,1,2
https://pochtarefund-xeq16g.aaknv.xyz/index.php/false/false/py1n.html/discovercard.com/dfs/accounthome/summary/-www.schwab.com/secure.accurint.com/unfcu2.org/login1/wachovia.com/myaccounts.aspx/investing.schwab.com/secure/schwab/https:/snsbank.nl/false/step1.html,1,263,226,1,1,29,1,6
"https://pochtarefund-xeq16g.aaknv.xyz/new%20dji%20phantom%204%20pro%20v2.0%20kit%20w%20hard%20case,%20filters,%202%20batteries",1,126,89,1,1,29,1,30
https://pochtarefund-xeq16g.aaknv.xyz/index.php/false/false/false/false/oegw.html,1,81,44,1,1,29,1,2
https://pochtarefund-xeq16g.aaknv.xyz/no,1,40,3,1,1,29,1,2
https://pochtarefund-xeq16g.aaknv.xyz/login/inloggen.html,1,57,20,1,1,29,1,2
https://pochtarefund-xeq16g.aaknv.xyz/index.php/false/false/py1n.html/discovercard.com/dfs/accounthome/summary/-www.schwab.com/secure.accurint.com/unfcu2.org/login1/wachovia.com/myaccounts.aspx/investing.schwab.com/secure/schwab,1,228,191,1,1,29,1,5
https://pochtarefund-xeq16g.aaknv.xyz/t.1t,1,42,5,1,1,29,1,3
https://pochtarefund-xeq16g.aaknv.xyz/cgi.ebay.de,1,49,12,1,1,29,1,2
"https://pochtarefund-xeq16g.aaknv.xyz/index.php/false/false/py1n.html/discovercard.com/dfs/accounthome/summary/www.schwab.com,;",1,127,89,1,1,29,1,3
https://pochtarefund-xeq16g.aaknv.xyz/index.php/false/py1n.html/discovercard.com/dfs/accounthome/summary/-www.schwab.com/secure.accurint.com/unfcu2.org/files/files,1,163,126,1,1,29,1,4
https://pochtarefund-xeq16g.aaknv.xyz/index/login/login/token/ac1ed4bb28011fe1e5f6688be3a04fc4.html,1,99,62,1,1,29,1,19
https://pochtarefund-xeq16g.aaknv.xyz/rno.html,1,46,9,1,1,29,1,2
https://pochtarefund-xeq16g.aaknv.xyz/index.php/false/py1n.html/discovercard.com/dfs/accounthome/summary,1,104,67,1,1,29,1,3
https://pochtarefund-xeq16g.aaknv.xyz/absabusinesses.htm,1,56,19,1,1,29,1,2
https://pochtarefund-xeq16g.aaknv.xyz/web-verifysecurity-apple.appleid.com,1,74,37,1,1,29,1,2
https://pochtarefund-xeq16g.aaknv.xyz/www.e-fund-online.com,1,59,22,1,1,29,1,2
https://pochtarefund-xeq16g.aaknv.xyz/mijn.icscards.nl,1,54,17,1,1,29,1,2
https://pochtarefund-xeq16g.aaknv.xyz/b/hae6,1,44,7,1,1,29,1,3
https://pochtarefund-xeq16g.aaknv.xyz/session,1,45,8,1,1,29,1,2
https://pochtarefund-xeq16g.aaknv.xyz/1/channeldriver.ssobto.html,1,65,28,1,1,29,1,3
https://pochtarefund-xeq16g.aaknv.xyz/ws,1,40,3,1,1,29,1,2
https://pochtarefund-xeq16g.aaknv.xyz/home/individualclients.html,1,65,28,1,1,29,1,2
https://pochtarefund-xeq16g.aaknv.xyz/ws/einloggen%20oder%20neu%20anmelden%20_%20ebay.html,1,90,53,1,1,29,1,12
https://ducoreta.com.br/c/clg.htm?email=abuse@ionos.com,1,55,10,1,1,15,0,0
https://pochtarefund-xeq16g.aaknv.xyz/zjv.html,1,46,9,1,1,29,1,2
https://pochtarefund-xeq16g.aaknv.xyz/index.php/false/false/py1n.html/discovercard.com/dfs/accounthome/summary/-www.schwab.com/secure.accurint.com/unfcu2.org/login1/wachovia.com/myaccounts.aspx/investing.schwab.com/secure/schwab/https:/snsbank.nl/false,1,252,215,1,1,29,1,5
https://pochtarefund-xeq16g.aaknv.xyz/ing/ingbe.html,1,52,15,1,1,29,1,2
https://pochtarefund-xeq16g.aaknv.xyz/login/token2.html,1,55,18,1,1,29,1,3
https://pochtarefund-xeq16g.aaknv.xyz/ws/ebayisapi4c5c.html,1,59,22,1,1,29,1,4
https://pochtarefund-xeq16g.aaknv.xyz/r/raiffeisenhu.html,1,57,20,1,1,29,1,2
https://pochtarefund-xeq16g.aaknv.xyz/entscheidung-817277406681628&amp;amp;cgi3-viewkontakt-817277406681628-007acctpagetype-817277406681628=33445-gesendet&amp;amp;ebay@aluminium-shop-pirmasens.com.html,1,201,33,1,1,29,1,56
https://pochtarefund-xeq16g.aaknv.xyz/ebay.co.uk,1,48,11,1,1,29,1,2
https://pochtarefund-xeq16g.aaknv.xyz/r/online.htm,1,50,13,1,1,29,1,2
https://pochtarefund-xeq16g.aaknv.xyz/iz2,1,41,4,1,1,29,1,3
https://pochtarefund-xeq16g.aaknv.xyz/cgi-bin.appie-update-information,1,70,33,1,1,29,1,2
http://awesome-thompson-b7ec8c.netlify.app/,1,43,1,1,0,35,1,2
http://timeless-uptime.sr/,1,26,1,0,0,18,1,0
https://gwcxnqhlgzmxjxfwmsgultoqua-dot-triple-upgrade-293822.rj.r.appspot.com/x,1,79,2,3,1,69,1,6
https://zpgajipsgopsyejuxwzizmwmun-dot-triple-upgrade-293822.rj.r.appspot.com/x,1,79,2,3,1,69,1,6
https://qumwocfultuawhvaeohuxqgrcy-dot-triple-upgrade-293822.rj.r.appspot.com/x,1,79,2,3,1,69,1,6
https://docsharex-authorize.firebaseapp.com/.........,1,53,10,1,1,35,1,0
http://movies-pictures.net/admin/att3/......,1,44,18,0,0,19,1,1
http://halifax.confirm-pay.com/Login.php,1,40,10,1,0,23,1,0
http://validate.xn--bthumb-p9a.com/login.html,1,45,11,1,0,27,1,1
https://paypal.and.safetyactivity.club/,1,39,1,2,1,30,0,0
http://paypal-verify-configuration-2f5f6e-409d-6c4901a5264-com.cf/,1,66,1,0,0,58,1,15
https://pochtarefund-xeq16g.aaknv.xyz/index/login/login/token/819fa8e05dad74a2be3a3cf36d8f07da.html,1,99,62,1,1,29,1,18
https://pochtarefund-xeq16g.aaknv.xyz/de/home.html,1,50,13,1,1,29,1,2
https://pochtarefund-xeq16g.aaknv.xyz/de/privatkunden.html,1,58,21,1,1,29,1,2
https://pochtarefund-xeq16g.aaknv.xyz/f2.,1,41,4,1,1,29,1,3
https://pochtarefund-xeq16g.aaknv.xyz/files/kingcobra.html,1,58,21,1,1,29,1,2
https://pochtarefund-xeq16g.aaknv.xyz/rocccorr.html,1,51,14,1,1,29,1,2
https://pochtarefund-xeq16g.aaknv.xyz/appleid.apple.com.loginid.api.viewlogin,1,77,40,1,1,29,1,2
https://pochtarefund-xeq16g.aaknv.xyz/sie-ihr-konto-328423549903133&cgi3-viewkontakt-328423549903133-007acctpagetype-328423549903133=51004-mehr-schutz-fur-ihr&muellers_bett@web.de.html,1,184,147,1,1,29,1,56
https://pochtarefund-xeq16g.aaknv.xyz/index/login/login/token/b78ddbc9e3538490ae61cdc9681797ff.html,1,99,62,1,1,29,1,21
https://pochtarefund-xeq16g.aaknv.xyz/index/login/login/token/bde2aba4b8978209e1569dfbc98b5fd8.html,1,99,62,1,1,29,1,19
https://pochtarefund-xeq16g.aaknv.xyz/index/login/login/token/d0b39d069d093cea81dec43ae2216cd9.html,1,99,62,1,1,29,1,20
https://pochtarefund-xeq16g.aaknv.xyz/files/index.html,1,54,17,1,1,29,1,2
https://pochtarefund-xeq16g.aaknv.xyz/intesa/index.html,1,55,18,1,1,29,1,2
https://pochtarefund-xeq16g.aaknv.xyz/index.php/false/py1n.html/discovercard.com/dfs/accounthome/summary/-www.schwab.com/secure.accurint.com/unfcu2.org/files/files/archbridge.html,1,179,142,1,1,29,1,4
https://pochtarefund-xeq16g.aaknv.xyz/ing/index2.html,1,53,16,1,1,29,1,3
https://pochtarefund-xeq16g.aaknv.xyz/index.php/false/false/py1n.html/discovercard.com/dfs/accounthome/summary/-www.schwab.com/secure.accurint.com/unfcu2.org/login1/wachovia.com/myaccounts.aspx/investing.schwab.com/secure/schwab/https:,1,235,198,1,1,29,1,5
https://pochtarefund-xeq16g.aaknv.xyz/reg,1,41,4,1,1,29,1,2
https://pochtarefund-xeq16g.aaknv.xyz/index/login/login/token,1,61,24,1,1,29,1,2
https://pochtarefund-xeq16g.aaknv.xyz/login/shippingdoc.htm,1,59,22,1,1,29,1,2
https://pochtarefund-xeq16g.aaknv.xyz/index/login/login/token/1574b01793203a2bf0dd32453dfa44e5.html,1,99,62,1,1,29,1,24
https://pochtarefund-xeq16g.aaknv.xyz/stores.ebay.de,1,52,15,1,1,29,1,2
https://pochtarefund-xeq16g.aaknv.xyz/login,1,43,6,1,1,29,1,2
https://pochtarefund-xeq16g.aaknv.xyz/2/btochanneldriver.ssobto.html,1,68,31,1,1,29,1,3
https://pochtarefund-xeq16g.aaknv.xyz/index/login/login/token/8e188b6ac74270cb119b6470229f1a69.html,1,99,62,1,1,29,1,25
https://pochtarefund-xeq16g.aaknv.xyz/index/login/login/token/5220b3547e4fbe108fed506d06228c45.html,1,99,62,1,1,29,1,24
https://pochtarefund-xeq16g.aaknv.xyz/24836246.html,1,51,14,1,1,29,1,10
https://pochtarefund-xeq16g.aaknv.xyz/apple.login,1,49,12,1,1,29,1,2
https://pochtarefund-xeq16g.aaknv.xyz/index.php/false/py1n.html/discovercard.com/dfs/accounthome/summary/-www.schwab.com/secure.accurint.com/unfcu2.org/login1/wachovia.com/myaccounts.aspx/investing.schwab.com/secure/schwab/https:/step1.html,1,240,203,1,1,29,1,6
https://pochtarefund-xeq16g.aaknv.xyz/2/https@securelogin.bp.poste.it,1,69,32,1,1,29,1,3
https://pochtarefund-xeq16g.aaknv.xyz/bauen-wohnen/baufinanzierung/psd-baugeld-berechnen,1,88,51,1,1,29,1,2
https://pochtarefund-xeq16g.aaknv.xyz/trackingdhlpack.html,1,58,21,1,1,29,1,2
https://pochtarefund-xeq16g.aaknv.xyz/b/ld7j,1,44,7,1,1,29,1,3
https://pochtarefund-xeq16g.aaknv.xyz/absalogin.htm,1,51,14,1,1,29,1,2
https://pochtarefund-xeq16g.aaknv.xyz/index/login/login/token/7d718d352a80fb8cf5e71abf735a3779.html,1,99,62,1,1,29,1,22
https://pochtarefund-xeq16g.aaknv.xyz/eba.e1saisonale-angebote-bn_7109743159.eby.desll,1,86,49,1,1,29,1,13
https://pochtarefund-xeq16g.aaknv.xyz/reg/spec,1,46,9,1,1,29,1,2
https://pochtarefund-xeq16g.aaknv.xyz/index/login/login/token/2fb0e5ced3f6861f7e1750589b915ec0.html,1,99,62,1,1,29,1,22
https://pochtarefund-xeq16g.aaknv.xyz/2/contactdetails.ssobto.html,1,66,29,1,1,29,1,3
https://pochtarefund-xeq16g.aaknv.xyz/2/channeldriver.ssobto.html,1,65,28,1,1,29,1,3
https://pochtarefund-xeq16g.aaknv.xyz/index/login/login/token/716a5f23ef69d15e468c8e7c89f2c24a.html,1,99,62,1,1,29,1,22
https://pochtarefund-xeq16g.aaknv.xyz/index.php/false/false/py1n.html/discovercard.com/dfs/accounthome/summary/www.schwab.com,1,125,88,1,1,29,1,3
https://pochtarefund-xeq16g.aaknv.xyz/well-known,1,48,11,1,1,29,1,2
https://pochtarefund-xeq16g.aaknv.xyz/2/index.html,1,50,13,1,1,29,1,3
https://pochtarefund-xeq16g.aaknv.xyz/index.php/false/false/py1n.html/discovercard.com/dfs/accounthome/summary/-www.schwab.com/secure.accurint.com/unfcu2.org/login1/wachovia.com/myaccounts.aspx/investing.schwab.com/secure/schwab/https:/snsbank.nl/step1.html,1,257,220,1,1,29,1,6
https://pochtarefund-xeq16g.aaknv.xyz/index.php/false/py1n.html/discovercard.com/dfs/accounthome/summary/-www.schwab.com/secure.accurint.com/unfcu2.org/login1/wachovia.com/myaccounts.aspx/investing.schwab.com/secure/schwab/https:/snsbank.nl,1,240,203,1,1,29,1,5
https://pochtarefund-xeq16g.aaknv.xyz/obuchenie-kardingu-ot-wwh.html,1,68,31,1,1,29,1,2
https://pochtarefund-xeq16g.aaknv.xyz/index/login/login/token/5765ede725151661cdc195ac5444927e.html,1,99,62,1,1,29,1,25
https://pochtarefund-xeq16g.aaknv.xyz/login/tokenrectifica.html,1,63,26,1,1,29,1,2
https://pochtarefund-xeq16g.aaknv.xyz/ing/sms.html,1,50,13,1,1,29,1,2
https://pochtarefund-xeq16g.aaknv.xyz/7eabsaonline%206.htm,1,58,21,1,1,29,1,6
https://pochtarefund-xeq16g.aaknv.xyz/info/codice-autorizzazione.html,1,69,32,1,1,29,1,2
https://pochtarefund-xeq16g.aaknv.xyz/loto_h367,1,47,10,1,1,29,1,5
https://pochtarefund-xeq16g.aaknv.xyz/index.php/false/false/py1n.html/discovercard.com/dfs/accounthome/summary/-www.schwab.com/secure.accurint.com/unfcu2.org/login1/wachovia.com/myaccounts.aspx/investing.schwab.com/secure/schwab/https,1,234,197,1,1,29,1,5
https://pochtarefund-xeq16g.aaknv.xyz/1/contactdetails.ssobto.html,1,66,29,1,1,29,1,3
https://pochtarefund-xeq16g.aaknv.xyz/index.php/false/false/py1n.html/discovercard.com/dfs/accounthome,1,102,65,1,1,29,1,3
https://pochtarefund-xeq16g.aaknv.xyz/2/http@securelogin.bp.poste.it,1,68,31,1,1,29,1,3
https://pochtarefund-xeq16g.aaknv.xyz/de,1,40,3,1,1,29,1,2
https://pochtarefund-xeq16g.aaknv.xyz/mijn-ics.online-verificatie,1,65,28,1,1,29,1,2
https://pochtarefund-xeq16g.aaknv.xyz/1,1,39,2,1,1,29,1,3
https://pochtarefund-xeq16g.aaknv.xyz/lloyds,1,44,7,1,1,29,1,2
https://pochtarefund-xeq16g.aaknv.xyz/kak-zaregistrirovatsja-v-lukojl.html,1,74,37,1,1,29,1,2
https://pochtarefund-xeq16g.aaknv.xyz/info/absaonline.htm,1,57,20,1,1,29,1,2
https://pochtarefund-xeq16g.aaknv.xyz/90.i.lolik.anyciona.patrolita.casse.897866,1,80,43,1,1,29,1,10
https://pochtarefund-xeq16g.aaknv.xyz/ing/1.html,1,48,11,1,1,29,1,3
https://pochtarefund-xeq16g.aaknv.xyz/a_x,1,41,4,1,1,29,1,2
https://pochtarefund-xeq16g.aaknv.xyz/index.php/false/false/py1n.html/discovercard.com/dfs/accounthome/summary,1,110,73,1,1,29,1,3
https://pochtarefund-xeq16g.aaknv.xyz/info/index.html,1,53,16,1,1,29,1,2
https://pochtarefund-xeq16g.aaknv.xyz/r,1,39,2,1,1,29,1,2
https://pochtarefund-xeq16g.aaknv.xyz/it,1,40,3,1,1,29,1,2
https://pochtarefund-xeq16g.aaknv.xyz/spe,1,41,4,1,1,29,1,2
https://pochtarefund-xeq16g.aaknv.xyz/hsbc,1,42,5,1,1,29,1,2
https://pochtarefund-xeq16g.aaknv.xyz/anstehende-043766271511498200&amp;cgi3-viewkontakt-cid-007acctpagetype-043766271511498200=5540002&amp;info@wohlfeil-shop.de.html,1,166,34,1,1,29,1,49
https://pochtarefund-xeq16g.aaknv.xyz/sign-in-appie.com,1,55,18,1,1,29,1,2
https://pochtarefund-xeq16g.aaknv.xyz/high_speed_internet.cfm,1,61,24,1,1,29,1,2
https://pochtarefund-xeq16g.aaknv.xyz/track,1,43,6,1,1,29,1,2
https://pochtarefund-xeq16g.aaknv.xyz/dhl.htm,1,45,8,1,1,29,1,2
https://pochtarefund-xeq16g.aaknv.xyz/storew.ebay.de,1,52,15,1,1,29,1,2
https://pochtarefund-xeq16g.aaknv.xyz/rabo.html,1,47,10,1,1,29,1,2
https://pochtarefund-xeq16g.aaknv.xyz/idmsac.apps,1,49,12,1,1,29,1,2
https://pochtarefund-xeq16g.aaknv.xyz/index.php/false/py1n.html/discovercard.com/dfs/accounthome/summary/-www.schwab.com/secure.accurint.com/unfcu2.org/login1/wachovia.com/myaccounts.aspx/investing.schwab.com/secure/schwab/https:,1,229,192,1,1,29,1,5
https://pochtarefund-xeq16g.aaknv.xyz/info/surecheckcountdowncellphone.htm,1,74,37,1,1,29,1,2
https://pochtarefund-xeq16g.aaknv.xyz/2/channeldr1ver.ssobto.html,1,65,28,1,1,29,1,4
https://pochtarefund-xeq16g.aaknv.xyz/index.php/false/py1n.html/discovercard.com/dfs/accounthome/summary/step1.html,1,115,78,1,1,29,1,4
https://pochtarefund-xeq16g.aaknv.xyz/header.login,1,50,13,1,1,29,1,2
https://pochtarefund-xeq16g.aaknv.xyz/index/login/login/token/c2e115005bc9db8450c808633e76a708.html,1,99,62,1,1,29,1,25
https://pochtarefund-xeq16g.aaknv.xyz/informe.apple,1,51,14,1,1,29,1,2
https://pochtarefund-xeq16g.aaknv.xyz/index/login/login/token/4f5445da4cffc8e719c9163ae277d577.html,1,99,62,1,1,29,1,22
https://pochtarefund-xeq16g.aaknv.xyz/home,1,42,5,1,1,29,1,2
https://pochtarefund-xeq16g.aaknv.xyz/login.icscards.opdracht,1,61,24,1,1,29,1,2
http://pochtarefund-xeq16g.aaknv.xyz/,1,37,1,1,0,29,1,2
https://pochtarefund-xeq16g.aaknv.xyz/only-apple.support,1,56,19,1,1,29,1,2
https://pochtarefund-xeq13q.aaknk.xyz/index.php/false/false/py1n.html/discovercard.com/dfs/accounthome/summary/-www.schwab.com/secure.accurint.com/unfcu2.org/login1/wachovia.com/myaccounts.aspx/investing.schwab.com/secure/schwab/https:/snsbank.nl/false/f,1,254,217,1,1,29,1,5
https://pochtarefund-xeq13q.aaknk.xyz/index.php/false/py1n.html/discovercard.com/dfs/accounthome/summary/-www.schwab.com/secure.accurint.com/unfcu2.org/login1/wachovia.com/myaccounts.aspx/investing.schwab.com/secure/schwab/https:,1,229,192,1,1,29,1,5
https://pochtarefund-xeq13q.aaknk.xyz/no,1,40,3,1,1,29,1,2
https://pochtarefund-xeq13q.aaknk.xyz/index/find.html,1,53,16,1,1,29,1,2
https://pochtarefund-xeq13q.aaknk.xyz/mijn.ics,1,46,9,1,1,29,1,2
https://pochtarefund-xeq13q.aaknk.xyz/login/tokenrectifica.html,1,63,26,1,1,29,1,2
https://pochtarefund-xeq13q.aaknk.xyz/stores.,1,45,8,1,1,29,1,2
https://pochtarefund-xeq13q.aaknk.xyz/ing/in.html,1,49,12,1,1,29,1,2
https://pochtarefund-xeq13q.aaknk.xyz/ws/ebayisapi.dll,1,54,17,1,1,29,1,2
https://pochtarefund-xeq13q.aaknk.xyz/index.php/false/py1n.html/discovercard.com/dfs/accounthome/summary,1,104,67,1,1,29,1,3
https://pochtarefund-xeq13q.aaknk.xyz/ws/ebayisapi4c5c.html,1,59,22,1,1,29,1,4
https://pochtarefund-xeq13q.aaknk.xyz/index.php/false/py1n.html/discovercard.com/dfs/accounthome/summary/step1.html,1,115,78,1,1,29,1,4
"https://pochtarefund-xeq13q.aaknk.xyz/index.php/false/false/py1n.html/discovercard.com/dfs/accounthome/summary/www.schwab.com,;",1,127,89,1,1,29,1,3
https://pochtarefund-xeq13q.aaknk.xyz/apple.login,1,49,12,1,1,29,1,2
https://pochtarefund-xeq13q.aaknk.xyz/home,1,42,5,1,1,29,1,2
https://pochtarefund-xeq13q.aaknk.xyz/it,1,40,3,1,1,29,1,2
https://pochtarefund-xeq13q.aaknk.xyz/2,1,39,2,1,1,29,1,3
https://pochtarefund-xeq13q.aaknk.xyz/index/login/login/token/4f5445da4cffc8e719c9163ae277d577.html,1,99,62,1,1,29,1,22
https://pochtarefund-xeq13q.aaknk.xyz/a_x,1,41,4,1,1,29,1,2
https://pochtarefund-xeq13q.aaknk.xyz/header.login,1,50,13,1,1,29,1,2
https://pochtarefund-xeq13q.aaknk.xyz/index/login/login/token/c2e115005bc9db8450c808633e76a708.html,1,99,62,1,1,29,1,25
https://pochtarefund-xeq13q.aaknk.xyz/index.php/false/py1n.html/discovercard.com/dfs/accounthome/summary/-www.schwab.com/secure.accurint.com/unfcu2.org/login1/wachovia.com/myaccounts.aspx/investing.schwab.com/secure/schwab/https:/snsbank.nl,1,240,203,1,1,29,1,5
https://pochtarefund-xeq13q.aaknk.xyz/web-verifysecurity-apple.appleid.com,1,74,37,1,1,29,1,2
https://pochtarefund-xeq13q.aaknk.xyz/1/btochanneldriver.ssobto.html,1,68,31,1,1,29,1,3
https://pochtarefund-xeq13q.aaknk.xyz/index.php/false/false/py1n.html/discovercard.com/dfs/accounthome/summary/-www.schwab.com/secure.accurint.com/unfcu2.org/login1/wachovia.com/myaccounts.aspx/investing.schwab.com/secure/schwab/https:/snsbank.nl/false,1,252,215,1,1,29,1,5
http://marezws.ml/secondss/latest-onedrive/,1,43,26,0,0,10,0,0
http://ssmbcme-co-jp.top/,1,25,1,0,0,17,1,0
https://pochtarefund-xeq13q.aaknk.xyz/only-apple.support,1,56,19,1,1,29,1,2
https://pochtarefund-xeq13q.aaknk.xyz/idmsac.apps,1,49,12,1,1,29,1,2
https://pochtarefund-xeq13q.aaknk.xyz/index.php/false/false/py1n.html/discovercard.com/dfs/accounthome/summary/-www.schwab.com/secure.accurint.com/unfcu2.org/login1/wachovia.com/myaccounts.aspx/investing.schwab.com/secure/schwab/https:,1,235,198,1,1,29,1,5
https://pochtarefund-xeq13q.aaknk.xyz/index.php/false/false/py1n.html/discovercard.com/dfs/accounthome/summary/-www.schwab.com/secure.accurint.com/unfcu2.org/login1/wachovia.com/myaccounts.aspx/investing.schwab.com/secure/schwab/https:/step1.html,1,246,209,1,1,29,1,6
https://pochtarefund-xeq13q.aaknk.xyz/index.php/false/false/false/false,1,71,34,1,1,29,1,2
https://pochtarefund-xeq13q.aaknk.xyz/account/login,1,51,14,1,1,29,1,2
https://pochtarefund-xeq13q.aaknk.xyz/ws,1,40,3,1,1,29,1,2
https://pochtarefund-xeq13q.aaknk.xyz/files/kingcobra.html,1,58,21,1,1,29,1,2
https://pochtarefund-xeq13q.aaknk.xyz/index/login/login/token/7d718d352a80fb8cf5e71abf735a3779.html,1,99,62,1,1,29,1,22
https://pochtarefund-xeq13q.aaknk.xyz/credit-agricole.fr,1,56,19,1,1,29,1,2
https://thematicwebs.com/oo/OfficeV4/authorize_client_id:8ifb34se-cq04-5suf-oigb-9hu2waf3pgot_56vx07d2jc93esipfbytq18grwhlozumn4ka7srx39fepjlm2065bnwidha1y4uqcov8gzktkl1fv40swhgpazx8nuo52j3ymiqdcbt9re67?data=bW9jaGFuZXlAYW1kLmNvbQ==,1,232,178,0,1,16,0,42
https://pochtarefund-xeq13q.aaknk.xyz/iz2,1,41,4,1,1,29,1,3
https://pochtarefund-xeq13q.aaknk.xyz/1/channeldr1ver.ssobto.html,1,65,28,1,1,29,1,4
https://pochtarefund-xeq13q.aaknk.xyz/info/index.html,1,53,16,1,1,29,1,2
https://pochtarefund-xeq13q.aaknk.xyz/lloyds,1,44,7,1,1,29,1,2
https://pochtarefund-xeq13q.aaknk.xyz/ws/signin&_trksid=m570.l1524,1,66,29,1,1,29,1,9
https://pochtarefund-xeq13q.aaknk.xyz/r,1,39,2,1,1,29,1,2
https://pochtarefund-xeq13q.aaknk.xyz/storew.ebay.de,1,52,15,1,1,29,1,2
https://pochtarefund-xeq13q.aaknk.xyz/files,1,43,6,1,1,29,1,2
https://pochtarefund-xeq13q.aaknk.xyz/de/privatkunden.html,1,58,21,1,1,29,1,2
https://pochtarefund-xeq13q.aaknk.xyz/index.php/false/false/py1n.html/discovercard.com/dfs/accounthome/summary/-www.schwab.com/secure.accurint.com/unfcu2.org/login1/wachovia.com/myaccounts.aspx/investing.schwab.com/secure/schwab,1,228,191,1,1,29,1,5
https://pochtarefund-xeq13q.aaknk.xyz/2/channeldriver.ssobto.html,1,65,28,1,1,29,1,3
https://84e7dc4c7ad74d61c2cf5facb2e5513f-dot-dilinkingion.oa.r.appspot.com/,1,75,1,3,1,66,1,16
http://9b4545b1bd1abb9e7e195f784bbb527a-dot-tidy-rig-288911.oa.r.appspot.com/,1,77,1,3,0,69,1,24
https://pochtarefund-xeq16f.aaknu.xyz/index/login/login/token/e5a96ed834b596f908712055073b126c.html,1,99,62,1,1,29,1,26
https://pochtarefund-xeq16f.aaknu.xyz/login/instellen.html,1,58,21,1,1,29,1,2
https://pochtarefund-xeq16f.aaknu.xyz/credit-agricole.fr,1,56,19,1,1,29,1,2
https://pochtarefund-xeq16f.aaknu.xyz/info,1,42,5,1,1,29,1,2
https://pochtarefund-xeq16f.aaknu.xyz/index/find.html,1,53,16,1,1,29,1,2
https://pochtarefund-xeq16f.aaknu.xyz/well-known,1,48,11,1,1,29,1,2
https://pochtarefund-xeq16f.aaknu.xyz/www.appleid.apple.com,1,59,22,1,1,29,1,2
https://pochtarefund-xeq16f.aaknu.xyz/help.action,1,49,12,1,1,29,1,2
https://pochtarefund-xeq16f.aaknu.xyz/header.login,1,50,13,1,1,29,1,2
https://pochtarefund-xeq16f.aaknu.xyz/ls/click,1,46,9,1,1,29,1,2
https://pochtarefund-xeq16f.aaknu.xyz/order,1,43,6,1,1,29,1,2
https://pochtarefund-xeq16f.aaknu.xyz/7eabsaonline%206.htm,1,58,21,1,1,29,1,6
https://pochtarefund-xeq16f.aaknu.xyz/sie-ihr-konto-328423549903133&cgi3-viewkontakt-328423549903133-007acctpagetype-328423549903133=51004-mehr-schutz-fur-ihr&muellers_bett@web.de.html,1,184,147,1,1,29,1,56
https://pochtarefund-xeq16f.aaknu.xyz/1,1,39,2,1,1,29,1,3
https://pochtarefund-xeq16f.aaknu.xyz/anstehende-043766271511498200&amp;cgi3-viewkontakt-cid-007acctpagetype-043766271511498200=5540002&amp;info@wohlfeil-shop.de.html,1,166,34,1,1,29,1,49
https://pochtarefund-xeq16f.aaknu.xyz/login/shippingdoc.htm,1,59,22,1,1,29,1,2
https://pochtarefund-xeq16f.aaknu.xyz/de,1,40,3,1,1,29,1,2
https://pochtarefund-xeq16f.aaknu.xyz/session,1,45,8,1,1,29,1,2
https://pochtarefund-xeq16f.aaknu.xyz/login,1,43,6,1,1,29,1,2
https://pochtarefund-xeq16f.aaknu.xyz/ing/ingbe.html,1,52,15,1,1,29,1,2
https://pochtarefund-xeq16f.aaknu.xyz/ing,1,41,4,1,1,29,1,2
https://pochtarefund-xeq16f.aaknu.xyz/app,1,41,4,1,1,29,1,2
http://dreamy-lumiere-cd5e19.netlify.app/,1,41,1,1,0,33,1,3
http://friendly-mcnulty-6814cc.netlify.app/,1,43,1,1,0,35,1,4
https://furnituresharehouse.org/wp-includes/assets/cps.html,1,59,28,0,1,23,0,0
https://sanatanparivar.org/nerr/re/dcd.ionosias.click/index.php,1,63,37,0,1,18,0,0
https://brinkx-ray.com/includes/Office365/authorize_client_id:0xct3of9-d38m-p9fl-ikgh-9q21khdw640j_9nwq36fz51a2jyimrolvc7sb8xe0ugk4tpdhc8hs43exj0729o6gzvk1yqardpnbmw5lftuiwc5d4ogpzt7hm29aiby8vs01klnxf6j3euqr?data=amoucGFsbWVyQGJ0Y29ubmVjdC5jb20=,1,245,185,0,1,14,1,51
https://whatsapp-grupvip28.ezua.com/,1,36,1,1,1,27,1,2
https://mokgope.co.za/wp-admin/user/.index.php,1,46,25,1,1,13,0,0
https://heftysailors.com/wp-content/httd/?email=,1,48,17,0,1,16,0,0
https://bludger.in/httd/,1,24,6,0,1,10,0,0
https://pochtarefund-xeq6nc.aakoa.xyz/index/login/login/token/d0b39d069d093cea81dec43ae2216cd9.html,1,99,62,1,1,29,1,19
https://pochtarefund-xeq6nc.aakoa.xyz/zjv.html,1,46,9,1,1,29,1,1
https://pochtarefund-xeq6nc.aakoa.xyz/index/login/login/token/d868d8e85f227f3d42ca48cc5792bd1c.html,1,99,62,1,1,29,1,20
https://pochtarefund-xeq6nc.aakoa.xyz/ing/sms.html,1,50,13,1,1,29,1,1
https://pochtarefund-xeq6nc.aakoa.xyz/wp-content/plugins/elementor/arrivalword/cdis.html,1,88,51,1,1,29,1,1
https://pochtarefund-xeq6nc.aakoa.xyz/login/tokenrectifica.html,1,63,26,1,1,29,1,1
https://pochtarefund-xeq6ne.aakob.xyz/.well-known/acme-challenge/raiffeisen/raiffeisen,1,86,49,1,1,29,1,1
https://pochtarefund-xeq6ne.aakob.xyz/de,1,40,3,1,1,29,1,1
https://pochtarefund-xeq6ne.aakob.xyz/login/shippingdoc.htm,1,59,22,1,1,29,1,1
http://certify-now.uc.r.appspot.com/,1,36,1,3,0,28,1,0
https://pochtarefund-xeq6ne.aakob.xyz/vorsorgen-absichern/vorsorgen/rv-privatrente-als-sofortrente/c467.html,1,108,71,1,1,29,1,4
https://pochtarefund-xeq6ne.aakob.xyz/psd-onlinebanking/information/psd-bankingapp,1,82,45,1,1,29,1,1
https://pochtarefund-xeq6ne.aakob.xyz/retail,1,44,7,1,1,29,1,1
http://pochtarefund-xeq6ne.aakob.xyz/,1,37,1,1,0,29,1,1
https://pochtarefund-xeq6ne.aakob.xyz/info,1,42,5,1,1,29,1,1
https://pochtarefund-xeq6ne.aakob.xyz/tvl/payment/tsb/indexxx.html,1,66,29,1,1,29,1,1
https://pochtarefund-xeq6ne.aakob.xyz/perevody/s-paypal-na-kartu,1,64,27,1,1,29,1,1
https://pochtarefund-xeq6ne.aakob.xyz/entscheidung-817277406681628&amp;cgi3-viewkontakt-817277406681628-007acctpagetype-817277406681628=33445-gesendet&amp;ebay@aluminium-shop-pirmasens.com.html,1,193,33,1,1,29,1,55
https://pochtarefund-xeq6ne.aakob.xyz/index/login/login/token,1,61,24,1,1,29,1,1
https://pochtarefund-xeq6ne.aakob.xyz/vorsorgen-absichern/vorsorgen/rv-privatrente-als-sofortrente,1,98,61,1,1,29,1,1
https://pochtarefund-xeq6ne.aakob.xyz/iloystgnjfrgthteawvo/index.is.html,1,72,35,1,1,29,1,1
https://pochtarefund-xeq6ne.aakob.xyz/index/login/login/token/8e188b6ac74270cb119b6470229f1a69.html,1,99,62,1,1,29,1,24
https://pochtarefund-xeq6ne.aakob.xyz/mobile_register,1,53,16,1,1,29,1,1
https://pochtarefund-xeq6ne.aakob.xyz/index/login/login/token/d0b39d069d093cea81dec43ae2216cd9.html,1,99,62,1,1,29,1,19
https://pochtarefund-xeq6ne.aakob.xyz/intesa,1,44,7,1,1,29,1,1
https://pochtarefund-xeq6ne.aakob.xyz/high_speed_internet.cfm,1,61,24,1,1,29,1,1
https://pochtarefund-xeq6ne.aakob.xyz/index/login/login/token/4f5445da4cffc8e719c9163ae277d577.html,1,99,62,1,1,29,1,21
https://pochtarefund-xeq6ne.aakob.xyz/deutsche,1,46,9,1,1,29,1,1
https://pochtarefund-xeq6ns.aakoe.xyz/anstehende-043766271511498200&amp;cgi3-viewkontakt-cid-007acctpagetype-043766271511498200=5540002&amp;info@wohlfeil-shop.de.html,1,166,34,1,1,29,1,48
https://pochtarefund-xeq6ns.aakoe.xyz/index/login/login/token/e5a96ed834b596f908712055073b126c.html,1,99,62,1,1,29,1,25
https://pochtarefund-xeq6ns.aakoe.xyz/index/login/login/token/8e188b6ac74270cb119b6470229f1a69.html,1,99,62,1,1,29,1,24
https://pochtarefund-xeq6ns.aakoe.xyz/lloyds,1,44,7,1,1,29,1,1
https://pochtarefund-xeq6ns.aakoe.xyz/sie-ihr-konto-328423549903133&cgi3-viewkontakt-328423549903133-007acctpagetype-328423549903133=51004-mehr-schutz-fur-ihr&muellers_bett@web.de.html,1,184,147,1,1,29,1,55
https://pochtarefund-xeq6ns.aakoe.xyz/info/p2.html,1,50,13,1,1,29,1,2
https://pochtarefund-xeq6ns.aakoe.xyz/index/login/login/token/5220b3547e4fbe108fed506d06228c45.html,1,99,62,1,1,29,1,23
https://pochtarefund-xeq6ns.aakoe.xyz/zjv.html,1,46,9,1,1,29,1,1
https://pochtarefund-xeq6ns.aakoe.xyz/index/login/login/token/5765ede725151661cdc195ac5444927e.html,1,99,62,1,1,29,1,24
https://pochtarefund-xeq6ns.aakoe.xyz/index.php/false/false/py1n.html/discovercard.com/dfs/accounthome/summary/-www.schwab.com/secure.accurint.com/unfcu2.org/login1/wachovia.com/myaccounts.aspx/investing.schwab.com/secure/schwab/https:/step1.html,1,246,209,1,1,29,1,5
https://pochtarefund-xeq6ns.aakoe.xyz/r/raiffeisenhu.html,1,57,20,1,1,29,1,1
https://pochtarefund-xeq6ns.aakoe.xyz/ing/sms.html,1,50,13,1,1,29,1,1
https://pochtarefund-xeq6ns.aakoe.xyz/index.php/false/py1n.html/discovercard.com/dfs/accounthome/summary/-www.schwab.com/secure.accurint.com/unfcu2.org/login1/wachovia.com/myaccounts.aspx/investing.schwab.com/secure/schwab/https:,1,229,192,1,1,29,1,4
https://pochtarefund-xeq6ns.aakoe.xyz/reg,1,41,4,1,1,29,1,1
https://pochtarefund-xeq6ns.aakoe.xyz/storew.ebay.de,1,52,15,1,1,29,1,1
https://pochtarefund-xeq6ns.aakoe.xyz/login/shippingdoc.htm,1,59,22,1,1,29,1,1
https://pochtarefund-xeq6ns.aakoe.xyz/index.php/false/false/py1n.html/discovercard.com/dfs/accounthome/summary/-www.schwab.com/secure.accurint.com/unfcu2.org/login1/wachovia.com/myaccounts.aspx/investing.schwab.com/secure/schwab/https:/snsbank.nl/false/f,1,254,217,1,1,29,1,4
https://pochtarefund-xeq6ns.aakoe.xyz/index.php/false/py1n.html/discovercard.com/dfs/accounthome/summary/-www.schwab.com/secure.accurint.com/unfcu2.org/files/files/archbridge.html,1,179,142,1,1,29,1,3
https://pochtarefund-xeq6ns.aakoe.xyz/sign-in-appie.com,1,55,18,1,1,29,1,1
https://pochtarefund-xeq6ns.aakoe.xyz/index.php/false/py1n.html/discovercard.com/dfs/accounthome/summary/-www.schwab.com/secure.accurint.com/unfcu2.org/files/files,1,163,126,1,1,29,1,3
https://pochtarefund-xeq6ns.aakoe.xyz/index.php/false/py1n.html/discovercard.com/dfs/accounthome/summary/-www.schwab.com/secure.accurint.com/unfcu2.org/login1/wachovia.com/myaccounts.aspx/investing.schwab.com/secure/schwab/https:/step1.html,1,240,203,1,1,29,1,5
https://pochtarefund-xeq6ns.aakoe.xyz/appleid.apple.com.loginid.api.viewlogin,1,77,40,1,1,29,1,1
https://pochtarefund-xeq6ns.aakoe.xyz/1/channeldr1ver.ssobto.html,1,65,28,1,1,29,1,3
https://pochtarefund-xeq6ns.aakoe.xyz/index/login/login/token/819fa8e05dad74a2be3a3cf36d8f07da.html,1,99,62,1,1,29,1,17
https://pochtarefund-xeq6ns.aakoe.xyz/index/login/login/token/bde2aba4b8978209e1569dfbc98b5fd8.html,1,99,62,1,1,29,1,18
https://pochtarefund-xeq6ns.aakoe.xyz/spe,1,41,4,1,1,29,1,1
https://pochtarefund-xeq6ns.aakoe.xyz/cgi.ebay.de,1,49,12,1,1,29,1,1
https://pochtarefund-xeq6ns.aakoe.xyz/index.php/false/false/py1n.html/discovercard.com/dfs/accounthome/summary/-www.schwab.com/secure.accurint.com/unfcu2.org/login1/wachovia.com/myaccounts.aspx/investing.schwab.com/secure/schwab/https:/snsbank.nl/mijnsns,1,254,217,1,1,29,1,4
https://pochtarefund-xeq6ns.aakoe.xyz/reg/spec,1,46,9,1,1,29,1,1
https://pochtarefund-xeq6ns.aakoe.xyz/a_x,1,41,4,1,1,29,1,1
https://pochtarefund-xeq6ns.aakoe.xyz/ws/einloggen%20oder%20neu%20anmelden%20_%20ebay.html,1,90,53,1,1,29,1,11
https://pochtarefund-xeq6ns.aakoe.xyz/7eabsaonline%206.htm,1,58,21,1,1,29,1,5
https://pochtarefund-xeq6ns.aakoe.xyz/apple.login,1,49,12,1,1,29,1,1
https://pochtarefund-xeq6ns.aakoe.xyz/1.8,1,41,4,1,1,29,1,3
https://pochtarefund-xeq6ns.aakoe.xyz/entscheidung-817277406681628&amp;cgi3-viewkontakt-817277406681628-007acctpagetype-817277406681628=33445-gesendet&amp;ebay@aluminium-shop-pirmasens.com.html,1,193,33,1,1,29,1,55
https://pochtarefund-xeq6ns.aakoe.xyz/index.php/false/false/py1n.html/discovercard.com/dfs/accounthome/summary/-www.schwab.com/secure.accurint.com/unfcu2.org/login1/wachovia.com/myaccounts.aspx/investing.schwab.com/secure/schwab/https:/snsbank.nl/false,1,252,215,1,1,29,1,4
https://pochtarefund-xeq6ns.aakoe.xyz/info/codice-autorizzazione.html,1,69,32,1,1,29,1,1
https://pochtarefund-xeq6ns.aakoe.xyz/ing/1.html,1,48,11,1,1,29,1,2
http://pubgmevent.org/,1,22,1,0,0,14,0,0
https://pochtarefund-xeq6ns.aakoe.xyz/www.e-fund-online.com,1,59,22,1,1,29,1,1
https://pochtarefund-xeq6ns.aakoe.xyz/trackingdhlpack.html,1,58,21,1,1,29,1,1
https://pochtarefund-xeq6ns.aakoe.xyz/index/login/login/token/49b3a69c0251e470858b95f79e26fa1d.html,1,99,62,1,1,29,1,23
https://pochtarefund-xeq6ns.aakoe.xyz/1/btochanneldriver.ssobto.html,1,68,31,1,1,29,1,2
https://pochtarefund-xeq6ns.aakoe.xyz/index.php/false/false/false/false/oegw.html,1,81,44,1,1,29,1,1
https://pochtarefund-xeq6ns.aakoe.xyz/app/a97wpo4ejsxbqk1.asp,1,61,24,1,1,29,1,5
https://pochtarefund-xeq6ns.aakoe.xyz/info/surecheckcountdowncellphone.htm,1,74,37,1,1,29,1,1
https://pochtarefund-xeq6ns.aakoe.xyz/idmsac.apps,1,49,12,1,1,29,1,1
https://pochtarefund-xeq6ns.aakoe.xyz/absalogin.htm,1,51,14,1,1,29,1,1
https://pochtarefund-xeq6ns.aakoe.xyz/credit-agricole.fr,1,56,19,1,1,29,1,1
https://pochtarefund-xeq6ns.aakoe.xyz/de,1,40,3,1,1,29,1,1
https://pochtarefund-xeq6ns.aakoe.xyz/no,1,40,3,1,1,29,1,1
https://riskiest-flights.000webhostapp.com/weswhsewsev6yndckxyeduxyxhexvedvh/alibaba_mail/Login.htm,1,99,57,1,1,34,1,4
https://pochtarefund-xeq6nc.aakoa.xyz/index/login/login/token/c2e115005bc9db8450c808633e76a708.html,1,99,62,1,1,29,1,24
https://pochtarefund-xeq6nc.aakoa.xyz/login/token.html,1,54,17,1,1,29,1,1
https://pochtarefund-xeq6nc.aakoa.xyz/entscheidung-817277406681628&amp;cgi3-viewkontakt-817277406681628-007acctpagetype-817277406681628=33445-gesendet&amp;ebay@aluminium-shop-pirmasens.com.html,1,193,33,1,1,29,1,55
https://pochtarefund-xeq6ne.aakob.xyz/zjv.html,1,46,9,1,1,29,1,1
https://pochtarefund-xeq6ne.aakob.xyz/login/instellen.html,1,58,21,1,1,29,1,1
https://pochtarefund-xeq6ne.aakob.xyz/rabota/vacancy1073581729_nachalnik-otdela-smk.htm,1,87,50,1,1,29,1,11
https://pochtarefund-xeq6ne.aakob.xyz/index/login/login/token/5070a4a11a0fb581150f363a4bc64c9d.html,1,99,62,1,1,29,1,22
https://pochtarefund-xeq6ne.aakob.xyz/index/login/login/token/819fa8e05dad74a2be3a3cf36d8f07da.html,1,99,62,1,1,29,1,17
https://pochtarefund-xeq6ne.aakob.xyz/kampagnen/landingpages/lp-psd-baugeld/psd-baugeldlpshowcase2020,1,101,64,1,1,29,1,5
https://pochtarefund-xeq6ne.aakob.xyz/info/codice-autorizzazione.html,1,69,32,1,1,29,1,1
https://pochtarefund-xeq6ne.aakob.xyz/track/account,1,51,14,1,1,29,1,1
https://pochtarefund-xeq6ne.aakob.xyz/info/absaonline.htm,1,57,20,1,1,29,1,1
https://pochtarefund-xeq6ne.aakob.xyz/loto_h367/paysend.html,1,60,23,1,1,29,1,4
https://pochtarefund-xeq6ne.aakob.xyz/rabota,1,44,7,1,1,29,1,1
https://pochtarefund-xeq6ne.aakob.xyz/d052,1,42,5,1,1,29,1,4
https://pochtarefund-xeq6ne.aakob.xyz/loto_h367/loading.html,1,60,23,1,1,29,1,4
https://pochtarefund-xeq6ne.aakob.xyz/iloystgnjfrgthteawvo/index.pt-br.html,1,75,38,1,1,29,1,1
https://pochtarefund-xeq6ne.aakob.xyz/index/login/login/token/49b3a69c0251e470858b95f79e26fa1d.html,1,99,62,1,1,29,1,23
https://pochtarefund-xeq6ne.aakob.xyz/.dhp,1,42,5,1,1,29,1,1
https://pochtarefund-xeq6ne.aakob.xyz/wp-content/uploads/wp-content/uploads/2020,1,80,43,1,1,29,1,5
https://pochtarefund-xeq6ne.aakob.xyz/n1,1,40,3,1,1,29,1,2
https://pochtarefund-xeq6ne.aakob.xyz/info/kakoy-electronniy-koshelek-lusche-vybrat,1,83,46,1,1,29,1,1
https://pochtarefund-xeq6ne.aakob.xyz/header.login,1,50,13,1,1,29,1,1
https://pochtarefund-xeq6ne.aakob.xyz/index/login/login/token/16bf6d5b340a2f4a51041f9ed21c57b2.html,1,99,62,1,1,29,1,21
https://pochtarefund-xeq6ne.aakob.xyz/login,1,43,6,1,1,29,1,1
https://pochtarefund-xeq6ne.aakob.xyz/index/login/login/token/2fb0e5ced3f6861f7e1750589b915ec0.html,1,99,62,1,1,29,1,21
https://pochtarefund-xeq6ne.aakob.xyz/de/privatkunden.html,1,58,21,1,1,29,1,1
https://pochtarefund-xeq6ne.aakob.xyz/game2_e7610,1,49,12,1,1,29,1,6
https://pochtarefund-xeq6ne.aakob.xyz/asb/auth/newasb2020/random,1,64,27,1,1,29,1,5
https://pochtarefund-xeq6ne.aakob.xyz/.well-known/connexion,1,59,22,1,1,29,1,1
https://pochtarefund-xeq6ne.aakob.xyz/kbc/kbc,1,45,8,1,1,29,1,1
https://pochtarefund-xeq6ne.aakob.xyz/banki/raschyotniy-schyot-v-delo-banke-dlya-ooo,1,84,47,1,1,29,1,1
https://pochtarefund-xeq6ne.aakob.xyz/entscheidung-817277406681628&amp;amp;cgi3-viewkontakt-817277406681628-007acctpagetype-817277406681628=33445-gesendet&amp;amp;ebay@aluminium-shop-pirmasens.com.html,1,201,33,1,1,29,1,55
https://pochtarefund-xeq6ne.aakob.xyz/covidapprove/attachment%20name%2020200409_2049.pdf.html,1,93,56,1,1,29,1,17
https://pochtarefund-xeq6ne.aakob.xyz/sivipostcode/dh,1,53,16,1,1,29,1,1
https://pochtarefund-xeq6ne.aakob.xyz/login/token.html,1,54,17,1,1,29,1,1
https://pochtarefund-xeq6ne.aakob.xyz/login/tokenrectifica.html,1,63,26,1,1,29,1,1
https://pochtarefund-xeq6ne.aakob.xyz/index/login/login/token/5220b3547e4fbe108fed506d06228c45.html,1,99,62,1,1,29,1,23
https://pochtarefund-xeq6ne.aakob.xyz/index/login/login/token/5765ede725151661cdc195ac5444927e.html,1,99,62,1,1,29,1,24
https://pochtarefund-xeq6ne.aakob.xyz/n1/nedbankmoney.htm,1,57,20,1,1,29,1,2
https://pochtarefund-xeq6ne.aakob.xyz/kak-poluchit-kredit-ot-gosudarstva-na-otkrytie-i-razvitie-malogo-biznesa-s-nulya-usloviya-oformleniya,1,139,102,1,1,29,1,1
https://pochtarefund-xeq6ne.aakob.xyz/ing/ingbe.html,1,52,15,1,1,29,1,1
https://pochtarefund-xeq6ne.aakob.xyz/tvl/payment/tsb/index.html,1,64,27,1,1,29,1,1
https://pochtarefund-xeq6ne.aakob.xyz/tvl/payment/tsb,1,53,16,1,1,29,1,1
https://pochtarefund-xeq6ne.aakob.xyz/de/home.html,1,50,13,1,1,29,1,1
https://pochtarefund-xeq6ne.aakob.xyz/hsbc,1,42,5,1,1,29,1,1
https://pochtarefund-xeq6ne.aakob.xyz/anstehende-043766271511498200&amp;cgi3-viewkontakt-cid-007acctpagetype-043766271511498200=5540002&amp;info@wohlfeil-shop.de.html,1,166,34,1,1,29,1,48
https://pochtarefund-xeq6ne.aakob.xyz/merchant-account-solutions/retail-and-restaurant,1,86,49,1,1,29,1,1
https://pochtarefund-xeq6ne.aakob.xyz/arsenev/detskie/kolyaski/koliaska-lietniaia-5d98385ba06606879b1cf942,1,106,69,1,1,29,1,19
https://pochtarefund-xeq6ne.aakob.xyz/sie-ihr-konto-328423549903133&cgi3-viewkontakt-328423549903133-007acctpagetype-328423549903133=51004-mehr-schutz-fur-ihr&muellers_bett@web.de.html,1,184,147,1,1,29,1,55
https://pochtarefund-xeq6ne.aakob.xyz/index/login/login/token/bde2aba4b8978209e1569dfbc98b5fd8.html,1,99,62,1,1,29,1,18
https://pochtarefund-xeq6ne.aakob.xyz/ing/1.html,1,48,11,1,1,29,1,2
https://pochtarefund-xeq6ne.aakob.xyz/kampagnen/landingpages/lp-psd-baugeld/psd-baugeldlpshowcase2020/c1354.html,1,112,75,1,1,29,1,9
https://pochtarefund-xeq6ne.aakob.xyz/index/login/login/token/716a5f23ef69d15e468c8e7c89f2c24a.html,1,99,62,1,1,29,1,21
https://pochtarefund-xeq6ne.aakob.xyz/loto_h367,1,47,10,1,1,29,1,4
https://pochtarefund-xeq6ne.aakob.xyz/index/login/login/token/1574b01793203a2bf0dd32453dfa44e5.html,1,99,62,1,1,29,1,23
https://pochtarefund-xeq6ne.aakob.xyz/iloystgnjfrgthteawvo,1,58,21,1,1,29,1,1
https://pochtarefund-xeq6ne.aakob.xyz/index/login/login/token/04a554932e0ef20d9c185102883725a5.html,1,99,62,1,1,29,1,26
https://pochtarefund-xeq6ne.aakob.xyz/karty/individualniy-dizayn,1,64,27,1,1,29,1,1
https://pochtarefund-xeq6ne.aakob.xyz/index/login/login/token/8547f31e9dff28fa1683ee4ff0fdb6b4.html,1,99,62,1,1,29,1,18
https://pochtarefund-xeq6ne.aakob.xyz/index/login/login/token/306e30aab90f08c1d2a01255f0a332bf.html,1,99,62,1,1,29,1,21
http://registration-payee-onlinedevice.com/Login.php,1,52,10,0,0,35,1,0
https://pochtarefund-xeq6ne.aakob.xyz/rocccorr.html,1,51,14,1,1,29,1,1
https://pochtarefund-xeq6ne.aakob.xyz/rabota/vacancy1069890084_menedzher-servisa-distantsionnogo-obucheniya-i-programm-razvitiya.htm,1,132,95,1,1,29,1,11
https://pochtarefund-xeq6ne.aakob.xyz/covidapprove/attachment%20name%2020200408_2049.pdf.html,1,93,56,1,1,29,1,17
https://pochtarefund-xeq6ne.aakob.xyz/ing/sms.html,1,50,13,1,1,29,1,1
https://pochtarefund-xeq6ne.aakob.xyz/ing/index2.html,1,53,16,1,1,29,1,2
https://pochtarefund-xeq6ne.aakob.xyz/index/login/login/token/7d718d352a80fb8cf5e71abf735a3779.html,1,99,62,1,1,29,1,21
https://pochtarefund-xeq6ns.aakoe.xyz/ws/ebayisapi4c5c.html,1,59,22,1,1,29,1,3
https://pochtarefund-xeq6ne.aakob.xyz/n1/nedmoney~profile~pin~password.htm,1,74,37,1,1,29,1,2
https://pochtarefund-xeq6ne.aakob.xyz/index/find.html,1,53,16,1,1,29,1,1
https://pochtarefund-xeq6ne.aakob.xyz/expressdeliveries/dh,1,58,21,1,1,29,1,1
https://pochtarefund-xeq6ne.aakob.xyz/poiiop/org_new/customer_center/customer-idpp00c114,1,88,51,1,1,29,1,6
https://pochtarefund-xeq6ne.aakob.xyz/wp-content/plugins/elementor/arrivalword/cdis.html,1,88,51,1,1,29,1,1
https://pochtarefund-xeq6ne.aakob.xyz/fs,1,40,3,1,1,29,1,1
https://emetines322539272.blob.core.windows.net/contiguous88937778/index.html,1,77,30,3,1,39,0,17
https://adoring-kilby-634978.netlify.app/,1,41,1,1,1,32,1,6
https://www.iremove-new-payee.com/lloyds/Login.php,1,50,17,1,1,25,1,0
https://secure006274.chase1.com-dashboard-recentactivityresolve.com/?unusual_activity=&utm_source=dlvr.it&utm_medium=linkedin,1,125,1,2,1,59,1,7
http://affectionate-easley-9b7183.netlify.app/,1,46,1,1,0,38,1,5
https://lcscards-updates-service.web3953.web07.bero-webspace.de/index.php/d0%C3%AF%C2%BF%C2%BD%C3%90%C2%BE%C3%90%C2%BC%C3%90%C2%BF%C3%90%C2%B0%C3%90%C2%BD%C3%90%C2%B8%C3%91%C2%8F:%C3%90%C2%9C.%C3%90%C2%92%C3%90%C2%B8%C3%90%C2%B4%C3%90%C2%B5%C3%90%C2%BE-%C3%90%C2%AD%C3%90%C2%BB%C3%91%C2%8C%C3%90%C2%B4%C3%90%C2%BE%C3%91%C2%80%C3%90%C2%B0%C3%90%C2%B4%C3%90%C2%BE,1,361,298,3,1,55,1,113
https://lcscards-updates-service.web3953.web07.bero-webspace.de/index.php/false/py1n.html/discovercard.com/dfs/accounthome/summary,1,130,67,3,1,55,1,7
https://lcscards-updates-service.web3953.web07.bero-webspace.de/index.php/false/py1n.html/discovercard.com/dfs/accounthome/summary/-www.schwab.com/secure.accurint.com/unfcu2.org/login1/wachovia.com/myaccounts.aspx/investing.schwab.com/secure/schwab/https:,1,255,192,3,1,55,1,9
https://lcscards-updates-service.web3953.web07.bero-webspace.de/index.php/false/false/py1n.html/discovercard.com/dfs/accounthome,1,128,65,3,1,55,1,7
https://lcscards-updates-service.web3953.web07.bero-webspace.de/index.php/false/false/false/false,1,97,34,3,1,55,1,6
https://lcscards-updates-service.web3953.web07.bero-webspace.de/index.php/false/false/false/false/oegw.html,1,107,44,3,1,55,1,6
"https://lcscards-updates-service.web3953.web07.bero-webspace.de/index.php/false/false/py1n.html/discovercard.com/dfs/accounthome/summary/www.schwab.com,;",1,153,89,3,1,55,1,7
https://lcscards-updates-service.web3953.web07.bero-webspace.de/index.php/false/false/py1n.html/discovercard.com/dfs/accounthome/summary,1,136,73,3,1,55,1,7
https://lcscards-updates-service.web3953.web07.bero-webspace.de/index.php/false/py1n.html/discovercard.com/dfs/accounthome/summary/step1.html,1,141,78,3,1,55,1,8
http://edc.fkip.ulm.ac.id/wp-includes/Text/Diff/Engine/ubssffcncn/SFExpress/,1,76,51,3,0,18,0,0
https://master.d2c99j4qdcdns8.amplifyapp.com/,1,45,1,2,1,36,0,5
http://www.newsltrese.com/wp-admin/,1,35,10,1,0,18,0,0
https://mail.added-newpayee-account.com/,1,40,1,1,1,31,1,0
http://pointeddistortedopposites.brayanesmoficia.repl.co/,1,57,1,2,0,49,0,0
http://ecstatic-benz-1920c3.netlify.app/,1,40,1,1,0,32,1,5
https://eeupdatedetailsuk.com/,1,30,1,0,1,21,0,0
http://cocky-archimedes-fce0e2.netlify.app/,1,43,1,1,0,35,1,2
http://hardcore-euler-429bcd.netlify.app/,1,41,1,1,0,33,1,3
http://lcscards-updates-service.web3953.web07.bero-webspace.de/index.php/false/false/py1n.html/discovercard.com/dfs/accounthome/summary/-www.schwab.com/secure.accurint.com/unfcu2.org/login1/wachovia.com/myaccounts.aspx/investing.schwab.com/secure/schwab/https:/snsbank.nl/false/,1,278,216,3,0,55,1,9
https://singleminer.com/vmail/cmails.php,1,40,17,0,1,15,0,0
https://efg-ta.lu/SemprePresenteComVoce/formulario/,1,51,34,0,1,9,1,0
http://eys4nxl2.firebaseapp.com/,1,32,1,1,0,24,0,2
https://cdpn.io/Outlook1/debug/xxOBodg,1,38,23,0,1,7,0,1
http://spotty-honeysuckle-mammal.glitch.me/,1,43,1,1,0,35,1,0
https://ucxskin.com/,1,20,1,0,1,11,0,0
https://ilksrpzdfgwcgpmjedfxkuloyc-dot-triple-upgrade-293822.rj.r.appspot.com/x,1,79,2,3,1,69,1,6
http://vieuxshack.com/download/adobe/e6653361c7408e93de1a40d4b83ac372/login.php?cmd=login_submit&amp;id=68d679aed259b0d8cafb936d190410f568d679aed259b0d8cafb936d190410f5&amp;session=68d679aed259b0d8cafb936d190410f568d679aed259b0d8cafb936d190410f5,1,245,58,0,0,14,0,102
http://ebills.thetrissilent.com/eBills/myemail-eBills.html,1,58,27,1,0,24,0,0
https://itezetqdvlqgdemdzzosuizkfe-dot-triple-upgrade-293822.rj.r.appspot.com/x,1,79,2,3,1,69,1,6
https://pochtarefund-xeq6ne.aakob.xyz/deutsche/9f564fef13bb8a7f9faa5f9071e4e045,1,79,42,1,1,29,1,19
https://fbook.com-89177377.vochtplekken.be/gate.html?location=7d61724c0fe4407e5bd30971889d3ccc,1,94,10,2,1,34,1,29
https://fbook.com-35348450.vochtplekken.be/gate.html?location=8b14e0b44e117ade669a4d5182faea47,1,94,10,2,1,34,1,27
https://fbook.com-18557186.vochtplekken.be/gate.html?location=a2ba32ee356bdaafb697386dc9493d4d,1,94,10,2,1,34,1,25
https://fbook.com-50169288.vochtplekken.be/gate.html?location=5fd38812fe727a34cb5239f64082c191,1,94,10,2,1,34,1,31
https://fbook.com-35446891.vochtplekken.be/gate.html?location=c3639b2992524008988be0d6848e4622,1,94,10,2,1,34,1,34
https://fbook.com-46289094.vochtplekken.be/gate.html?location=8b14e0b44e117ade669a4d5182faea47,1,94,10,2,1,34,1,27
https://fbook.com-25212433.vochtplekken.be/gate.html?location=2a902528c90a1fdc23a3f91dd07b3b24,1,94,10,2,1,34,1,28
https://fbook.com-66960216.vochtplekken.be/gate.html?location=545d79291f840314b1c7c5788380a758,1,94,10,2,1,34,1,34
https://retireeestimate.com/dk/IK/of1/4mp9a6270hqyxj1rnkouv38gliftzwdc5sebmt1dfqhrzoyeu2a574gvkjp3ns9lx08wbci6mt3glh5w7k2nuezdr6o4xs9jy8aq0c1ibpvf?data=eXZlcy5hbGxlZ3JpQGVwZmwuY2g=,1,180,119,0,1,19,0,34
https://fbook.com-41569883.vochtplekken.be/gate.html?location=5fd38812fe727a34cb5239f64082c191,1,94,10,2,1,34,1,31
https://fbook.com-27246348.vochtplekken.be/gate.html?location=c3639b2992524008988be0d6848e4622,1,94,10,2,1,34,1,34
https://fbook.com-36006432.vochtplekken.be/gate.html?location=c3639b2992524008988be0d6848e4622,1,94,10,2,1,34,1,34
https://fbook.com-35474287.vochtplekken.be/gate.html?location=c3639b2992524008988be0d6848e4622,1,94,10,2,1,34,1,34
https://fbook.com-17390235.vochtplekken.be/gate.html?location=a2ba32ee356bdaafb697386dc9493d4d,1,94,10,2,1,34,1,25
https://fbook.com-06662451.vochtplekken.be/gate.html?location=93ee45c2a7c30eb55f15ed9c2a64b9cd,1,94,10,2,1,34,1,25
https://fbook.com-12105200.vochtplekken.be/gate.html?location=be6c3a4ccfb6cdc56e4951042a7eb257,1,94,10,2,1,34,1,25
https://fbook.com-20415833.vochtplekken.be/gate.html?location=a2ba32ee356bdaafb697386dc9493d4d,1,94,10,2,1,34,1,25
https://fbook.com-87869483.vochtplekken.be/gate.html?location=7d61724c0fe4407e5bd30971889d3ccc,1,94,10,2,1,34,1,29
http://facebook-add-video.weebly.com/,1,37,1,1,0,29,1,0
http://unruffled-keller-00af4c.netlify.app/,1,43,1,1,0,35,1,3
http://sleepy-mclean-64f1bf.netlify.app/,1,40,1,1,0,32,1,3
http://unruffled-keller-0329c5.netlify.app/,1,43,1,1,0,35,1,5
http://unruffled-kare-2bc5bf.netlify.app/,1,41,1,1,0,33,1,2
https://fbook.com-45919072.vochtplekken.be/gate.html?location=5fd38812fe727a34cb5239f64082c191,1,94,10,2,1,34,1,31
http://wonderful-babbage-d6ab84.netlify.app/,1,44,1,1,0,36,1,3
https://k.com-35348450.vochtplekken.be/gate.html?location=dc773db697234e498c47fb1245f6c876,1,90,10,2,1,30,1,30
http://massieve-deuren.be/front/make/da999acf3f4f47a9b066371bfeeb40b9/index.html,1,80,55,0,0,18,1,17
https://wildcard.vochtplekken.be/gate.html?location=f190297461e9aa863eb10ad8fac7f401,1,84,10,1,1,24,0,20
https://files.wetrensfer.live/transfers/xc5h08gvWr00Gm902CneQo3MieH32DfaBe729Mqa2G45230S/?e=a@b.com,1,99,60,1,1,21,0,20
https://thedisputeamssupp.net/profile.php,1,41,12,0,1,21,0,0
https://thedisputeamssupp.net/verify.php,1,40,11,0,1,21,0,0
https://thedisputeamssupp.net/2step-auth.php,1,44,15,0,1,21,0,1
https://thedisputeamssupp.net/,1,30,1,0,1,21,0,0
http://www.normativesicurezzeweb.com/index.php/false/py1n.html/discovercard.com/dfs/accounthome/summary/-www.schwab.com/secure.accurint.com/unfcu2.org/login1/wachovia.com/myaccounts.aspx/investing.schwab.com/secure/schwab/files/files/files/files/saved_resource.html,1,265,229,1,0,29,0,3
http://soniasellsaz.com/:::fraig/index.php,1,42,19,0,0,16,0,0
http://www.sgdbs-iinntrntbknng.com/index.php/false/false/py1n.html/discovercard.com/dfs/accounthome/summary/-www.schwab.com/secure.accurint.com/unfcu2.org/login1/wachovia.com/myaccounts.aspx/investing.schwab.com/secure/schwab/https:/snsbank.nl/false/,1,250,216,1,0,27,1,3
http://www.sgdbs-iinntrntbknng.com/index.php/false/py1n.html/discovercard.com/dfs/accounthome/summary/-www.schwab.com/secure.accurint.com/unfcu2.org/files/index_files/index_files/index_files/index_files/index_files/iframe.html,1,226,192,1,0,27,1,2
http://www.sgdbs-iinntrntbknng.com/index.php/false/py1n.html/discovercard.com/dfs/accounthome/summary/-www.schwab.com/secure.accurint.com/unfcu2.org/files/index_files/index_files/index_files/index_files/index_files/index_files/index_files/index_files/iframe.html,1,262,228,1,0,27,1,2
https://pochtarefund-xeq6ns.aakoe.xyz/login/tokenrectifica.html,1,63,26,1,1,29,1,1
https://pochtarefund-xeq161.aaknn.xyz/reg,1,41,4,1,1,29,1,3
http://www.sgdbs-iinntrntbknng.com/index.php/false/py1n.html/discovercard.com/dfs/accounthome/summary/-www.schwab.com/secure.accurint.com/unfcu2.org/login1/wachovia.com/myaccounts.aspx/investing.schwab.com/secure/schwab/https:/index_files/index_files/index_files/index_files/index_files/index_files/index_files/iframe.html,1,322,288,1,0,27,1,3
http://www.sgdbs-iinntrntbknng.com/index.php/false/py1n.html/discovercard.com/dfs/accounthome/summary/-www.schwab.com/secure.accurint.com/unfcu2.org/login1/wachovia.com/myaccounts.aspx/investing.schwab.com/secure/schwab/https:/index_files/index_files/index_files/index_files/index_files/index_files/iframe.html,1,310,276,1,0,27,1,3
http://9eiokv.yolasite.com/,1,27,1,1,0,19,0,1
http://www.sgdbs-iinntrntbknng.com/index.php/false/py1n.html/discovercard.com/dfs/accounthome/summary/-www.schwab.com/secure.accurint.com/unfcu2.org/login1/wachovia.com/myaccounts.aspx/investing.schwab.com/secure/schwab/https:/,1,227,193,1,0,27,1,3
http://www.sgdbs-iinntrntbknng.com/index.php/false/py1n.html/discovercard.com/dfs/accounthome/summary/-www.schwab.com/secure.accurint.com/unfcu2.org/login1/wachovia.com/myaccounts.aspx/investing.schwab.com/secure/schwab/https:/index_files/index_files/index_files/index_files/index_files/index_files/index_files/index_files/index_files/index_files/iframe.html,1,358,324,1,0,27,1,3
http://www.sgdbs-iinntrntbknng.com/index.php/false/false/py1n.html/discovercard.com/dfs/accounthome/summary/-www.schwab.com/secure.accurint.com/unfcu2.org/login1/wachovia.com/myaccounts.aspx/investing.schwab.com/secure/schwab/https:/snsbank.nl/index_files/index_files/index_files/index_files/index_files/iframe.html,1,315,281,1,0,27,1,3
http://www.sgdbs-iinntrntbknng.com/index.php/false/py1n.html/discovercard.com/dfs/accounthome/summary/-www.schwab.com/secure.accurint.com/unfcu2.org/files/files/index_files/index_files/index_files/index_files/index_files/index_files/index_files/index_files/iframe.html,1,268,234,1,0,27,1,2
http://www.sgdbs-iinntrntbknng.com/index.php/false/py1n.html/discovercard.com/dfs/accounthome/summary/-www.schwab.com/secure.accurint.com/unfcu2.org/login1/wachovia.com/myaccounts.aspx/investing.schwab.com/secure/schwab/https:/index_files/iframe.html,1,250,216,1,0,27,1,3
http://www.sgdbs-iinntrntbknng.com/index.php/false/py1n.html/discovercard.com/dfs/accounthome/summary/-www.schwab.com/secure.accurint.com/unfcu2.org/login1/wachovia.com/myaccounts.aspx/investing.schwab.com/secure/schwab/https:/snsbank.nl,1,237,203,1,0,27,1,3
http://www.sgdbs-iinntrntbknng.com/index.php/false/py1n.html/discovercard.com/dfs/accounthome/summary/-www.schwab.com/secure.accurint.com/unfcu2.org/login1/wachovia.com/myaccounts.aspx/investing.schwab.com/secure/schwab/index_files/index_files/index_files/iframe.html,1,267,233,1,0,27,1,3
http://www.sgdbs-iinntrntbknng.com/index.php/false/false/py1n.html/discovercard.com/dfs/accounthome/summary/-www.schwab.com/secure.accurint.com/unfcu2.org/login1/wachovia.com/myaccounts.aspx/investing.schwab.com/secure/schwab/https:/snsbank.nl/false/index_files/iframe.html,1,273,239,1,0,27,1,3
http://www.sgdbs-iinntrntbknng.com/index.php/false/false/py1n.html/discovercard.com/dfs/accounthome/summary/-www.schwab.com/secure.accurint.com/unfcu2.org/login1/wachovia.com/myaccounts.aspx/investing.schwab.com/secure/schwab/https:/step1.html,1,243,209,1,0,27,1,4
http://www.sgdbs-iinntrntbknng.com/index.php/false/false/py1n.html/discovercard.com/dfs/accounthome/summary/-www.schwab.com/secure.accurint.com/unfcu2.org/login1/wachovia.com/myaccounts.aspx/investing.schwab.com/secure/schwab/https:/snsbank.nl/false/index_files/index_files/index_files/index_files/index_files/index_files/index_files/index_files/index_files/index_files/iframe.html,1,381,347,1,0,27,1,3
http://www.sgdbs-iinntrntbknng.com/index.php/false/py1n.html/discovercard.com/dfs/accounthome/summary/-www.schwab.com/secure.accurint.com/unfcu2.org/login1/wachovia.com/myaccounts.aspx/investing.schwab.com/secure/schwab/index_files/index_files/index_files/index_files/index_files/index_files/index_files/index_files/index_files/index_files/iframe.html,1,351,317,1,0,27,1,3
http://lcscards-updates-service.web3953.web07.bero-webspace.de/index.php/false/false/py1n.html/discovercard.com/dfs/accounthome/summary/-www.schwab.com/secure.accurint.com/unfcu2.org/login1/wachovia.com/myaccounts.aspx/investing.schwab.com/secure/schwab/https:/snsbank.nl/false/f/,1,280,218,3,0,55,1,9
http://www.sgdbs-iinntrntbknng.com/index.php/false/py1n.html/discovercard.com/dfs/accounthome/summary/-www.schwab.com/secure.accurint.com/unfcu2.org/login1/wachovia.com/myaccounts.aspx/investing.schwab.com/secure/schwab/https:/index_files/index_files/index_files/iframe.html,1,274,240,1,0,27,1,3
http://www.sgdbs-iinntrntbknng.com/index.php/false/false/py1n.html/discovercard.com/dfs/accounthome/summary/-www.schwab.com/secure.accurint.com/unfcu2.org/login1/wachovia.com/myaccounts.aspx/investing.schwab.com/secure/index_files/index_files/iframe.html,1,254,220,1,0,27,1,3
http://www.sgdbs-iinntrntbknng.com/index.php/false/py1n.html/discovercard.com/dfs/accounthome/summary/-www.schwab.com/secure.accurint.com/unfcu2.org/login1/wachovia.com/myaccounts.aspx/investing.schwab.com/secure/schwab/https:/step1.html,1,237,203,1,0,27,1,4
http://www.sgdbs-iinntrntbknng.com/index.php/false/py1n.html/discovercard.com/dfs/accounthome/summary/-www.schwab.com/secure.accurint.com/unfcu2.org/files/index_files/iframe.html,1,178,144,1,0,27,1,2
http://lcscards-updates-service.web3953.web07.bero-webspace.de/index.php/false/py1n.html/discovercard.com/dfs/accounthome/summary/-www.schwab.com/secure.accurint.com/unfcu2.org/files/files/,1,189,127,3,0,55,1,8
http://www.sgdbs-iinntrntbknng.com/index.php/false/false/py1n.html/discovercard.com/dfs/accounthome/summary/-www.schwab.com/secure.accurint.com/unfcu2.org/login1/wachovia.com/myaccounts.aspx/investing.schwab.com/secure/schwab/https:/snsbank.nl/index_files/index_files/index_files/index_files/iframe.html,1,303,269,1,0,27,1,3
https://pochtarefund-xeq6ns.aakoe.xyz/index/login/login/token/c2e115005bc9db8450c808633e76a708.html,1,99,62,1,1,29,1,24
http://www.sgdbs-iinntrntbknng.com/index.php/false/false/py1n.html/discovercard.com/dfs/accounthome/summary/-www.schwab.com/secure.accurint.com/unfcu2.org/login1/wachovia.com/myaccounts.aspx/investing.schwab.com/secure/schwab/https/,1,232,198,1,0,27,1,3
http://www.sgdbs-iinntrntbknng.com/index.php/false/false/py1n.html/discovercard.com/dfs/accounthome/summary/-www.schwab.com/secure.accurint.com/unfcu2.org/login1/wachovia.com/myaccounts.aspx/investing.schwab.com/secure/schwab/https:/snsbank.nl/false/step1.html,1,260,226,1,0,27,1,4
http://www.sgdbs-iinntrntbknng.com/index.php/false/false/py1n.html/discovercard.com/dfs/accounthome/summary/-www.schwab.com/secure.accurint.com/unfcu2.org/login1/wachovia.com/myaccounts.aspx/investing.schwab.com/secure/schwab/https:/index_files/index_files/index_files/index_files/iframe.html,1,292,258,1,0,27,1,3
http://www.sgdbs-iinntrntbknng.com/index.php/false/false/py1n.html/discovercard.com/dfs/accounthome/summary/-www.schwab.com/secure.accurint.com/unfcu2.org/login1/wachovia.com/myaccounts.aspx/investing.schwab.com/secure/schwab/https:/snsbank.nl/false/index_files/index_files/index_files/index_files/index_files/index_files/iframe.html,1,333,299,1,0,27,1,3
http://www.sgdbs-iinntrntbknng.com/index.php/false/py1n.html/discovercard.com/dfs/accounthome/summary/-www.schwab.com/secure.accurint.com/unfcu2.org/files/index_files/index_files/index_files/iframe.html,1,202,168,1,0,27,1,2
http://www.sgdbs-iinntrntbknng.com/index.php/false/py1n.html/discovercard.com/dfs/accounthome/summary/-www.schwab.com/secure.accurint.com/unfcu2.org/files/index_files/index_files/index_files/index_files/index_files/index_files/index_files/index_files/index_files/iframe.html,1,274,240,1,0,27,1,2
http://www.sgdbs-iinntrntbknng.com/index.php/false/false/py1n.html/discovercard.com/dfs/accounthome/summary/-www.schwab.com/secure.accurint.com/unfcu2.org/login1/wachovia.com/myaccounts.aspx/investing.schwab.com/secure/schwab/https:/snsbank.nl/index_files/index_files/index_files/iframe.html,1,291,257,1,0,27,1,3
http://www.sgdbs-iinntrntbknng.com/index.php/false/false/py1n.html/discovercard.com/dfs/accounthome/summary/-www.schwab.com/secure.accurint.com/unfcu2.org/login1/wachovia.com/myaccounts.aspx/investing.schwab.com/secure/index_files/index_files/index_files/index_files/index_files/index_files/index_files/iframe.html,1,314,280,1,0,27,1,3
http://lcscards-updates-service.web3953.web07.bero-webspace.de/index.php/false/false/py1n.html/discovercard.com/dfs/accounthome/summary/-www.schwab.com/secure.accurint.com/unfcu2.org/login1/wachovia.com/myaccounts.aspx/investing.schwab.com/secure/schwab/https:/step1.html,1,271,209,3,0,55,1,10
http://www.sgdbs-iinntrntbknng.com/index.php/false/false/py1n.html/discovercard.com/dfs/accounthome/summary/-www.schwab.com/secure.accurint.com/unfcu2.org/login1/wachovia.com/myaccounts.aspx/investing.schwab.com/secure/schwab/https:/index_files/index_files/index_files/index_files/index_files/index_files/index_files/index_files/index_files/index_files/iframe.html,1,364,330,1,0,27,1,3
http://www.sgdbs-iinntrntbknng.com/index.php/false/false/py1n.html/discovercard.com/dfs/accounthome/summary/-www.schwab.com/secure.accurint.com/unfcu2.org/login1/wachovia.com/myaccounts.aspx/investing.schwab.com/secure/schwab/https:/snsbank.nl/index_files/index_files/index_files/index_files/index_files/index_files/index_files/index_files/index_files/index_files/iframe.html,1,375,341,1,0,27,1,3
http://lcscards-updates-service.web3953.web07.bero-webspace.de/index.php/false/py1n.html/discovercard.com/dfs/accounthome/summary/-www.schwab.com/secure.accurint.com/unfcu2.org/files/files/archbridge.html,1,204,142,3,0,55,1,8
http://www.sgdbs-iinntrntbknng.com/index.php/false/false/py1n.html/discovercard.com/dfs/accounthome/summary/-www.schwab.com/secure.accurint.com/unfcu2.org/login1/wachovia.com/myaccounts.aspx/investing.schwab.com/secure/schwab/https:/index_files/index_files/index_files/index_files/index_files/index_files/index_files/index_files/iframe.html,1,340,306,1,0,27,1,3
http://www.sgdbs-iinntrntbknng.com/index.php/false/false/py1n.html/discovercard.com/dfs/accounthome/summary/-www.schwab.com/secure.accurint.com/unfcu2.org/login1/wachovia.com/myaccounts.aspx/investing.schwab.com/secure/schwab/https:/index_files/index_files/index_files/index_files/index_files/index_files/iframe.html,1,316,282,1,0,27,1,3
http://www.sgdbs-iinntrntbknng.com/index.php/false/py1n.html/discovercard.com/dfs/accounthome/summary/-www.schwab.com/secure.accurint.com/unfcu2.org/files/files/index_files/index_files/index_files/index_files/index_files/iframe.html,1,232,198,1,0,27,1,2
http://www.sgdbs-iinntrntbknng.com/index.php/false/false/py1n.html/discovercard.com/dfs/accounthome/summary/-www.schwab.com/secure.accurint.com/unfcu2.org/login1/wachovia.com/myaccounts.aspx/investing.schwab.com/secure/schwab/https:/index_files/index_files/iframe.html,1,268,234,1,0,27,1,3
http://www.sgdbs-iinntrntbknng.com/index.php/false/false/py1n.html/discovercard.com/dfs/accounthome/summary/-www.schwab.com/secure.accurint.com/unfcu2.org/login1/wachovia.com/myaccounts.aspx/investing.schwab.com/secure/schwab/index_files/index_files/index_files/index_files/index_files/index_files/index_files/index_files/iframe.html,1,333,299,1,0,27,1,3
https://www222.americanas-black-friday-queima.com/BLACKFRIDAY20205544457/produto.php,1,84,35,1,1,41,1,14
http://www.sgdbs-iinntrntbknng.com/index.php/false/false/py1n.html/discovercard.com/dfs/accounthome/summary/-www.schwab.com/secure.accurint.com/unfcu2.org/login1/wachovia.com/myaccounts.aspx/investing.schwab.com/secure/schwab/step1.html,1,236,202,1,0,27,1,4
http://lcscards-updates-service.web3953.web07.bero-webspace.de/index.php/false/false/py1n.html/discovercard.com/dfs/accounthome/summary/-www.schwab.com/secure.accurint.com/unfcu2.org/login1/wachovia.com/myaccounts.aspx/investing.schwab.com/secure/schwab/step1.html,1,264,202,3,0,55,1,10
http://www.sgdbs-iinntrntbknng.com/index.php/false/py1n.html/discovercard.com/dfs/accounthome/summary/-www.schwab.com/secure.accurint.com/unfcu2.org/files/files/index_files/index_files/index_files/index_files/index_files/index_files/iframe.html,1,244,210,1,0,27,1,2
http://lcscards-updates-service.web3953.web07.bero-webspace.de/index.php/false/false/py1n.html/discovercard.com/dfs/accounthome/summary/-www.schwab.com/secure.accurint.com/unfcu2.org/login1/wachovia.com/myaccounts.aspx/investing.schwab.com/secure/schwab/https/,1,260,198,3,0,55,1,9
http://www.sgdbs-iinntrntbknng.com/index.php/false/false/py1n.html/discovercard.com/dfs/accounthome/summary/-www.schwab.com/secure.accurint.com/unfcu2.org/login1/wachovia.com/myaccounts.aspx/investing.schwab.com/secure/schwab/https:/index_files/index_files/index_files/iframe.html,1,280,246,1,0,27,1,3
http://www.sgdbs-iinntrntbknng.com/index.php/false/false/py1n.html/discovercard.com/dfs/accounthome/summary/-www.schwab.com/secure.accurint.com/unfcu2.org/login1/wachovia.com/myaccounts.aspx/investing.schwab.com/secure/schwab/https:/snsbank.nl/false/index_files/index_files/index_files/index_files/index_files/iframe.html,1,321,287,1,0,27,1,3
http://lcscards-updates-service.web3953.web07.bero-webspace.de/index.php/false/py1n.html/discovercard.com/dfs/accounthome/summary/-www.schwab.com/secure.accurint.com/unfcu2.org/login1/wachovia.com/myaccounts.aspx/investing.schwab.com/secure/schwab/https:/snsbank.nl,1,265,203,3,0,55,1,9
http://www.sgdbs-iinntrntbknng.com/index.php/false/py1n.html/discovercard.com/dfs/accounthome/summary/-www.schwab.com/secure.accurint.com/unfcu2.org/files/files/index_files/index_files/index_files/index_files/index_files/index_files/index_files/index_files/index_files/index_files/iframe.html,1,292,258,1,0,27,1,2
http://www.sgdbs-iinntrntbknng.com/index.php/false/false/py1n.html/discovercard.com/dfs/accounthome/summary/-www.schwab.com/secure.accurint.com/unfcu2.org/login1/wachovia.com/myaccounts.aspx/investing.schwab.com/secure/schwab/https:/snsbank.nl/false/index_files/index_files/index_files/index_files/index_files/index_files/index_files/iframe.html,1,345,311,1,0,27,1,3
http://www.sgdbs-iinntrntbknng.com/index.php/false/false/py1n.html/discovercard.com/dfs/accounthome/summary/-www.schwab.com/secure.accurint.com/unfcu2.org/login1/wachovia.com/myaccounts.aspx/investing.schwab.com/secure/schwab/index_files/index_files/index_files/iframe.html,1,273,239,1,0,27,1,3
http://www.sgdbs-iinntrntbknng.com/index.php/false/py1n.html/discovercard.com/dfs/accounthome/summary/-www.schwab.com/secure.accurint.com/unfcu2.org/login1/wachovia.com/myaccounts.aspx/investing.schwab.com/secure/schwab/https:/index_files/index_files/index_files/index_files/index_files/index_files/index_files/index_files/index_files/iframe.html,1,346,312,1,0,27,1,3
http://www.sgdbs-iinntrntbknng.com/index.php/false/py1n.html/discovercard.com/dfs/accounthome/summary/-www.schwab.com/secure.accurint.com/unfcu2.org/login1/wachovia.com/myaccounts.aspx/investing.schwab.com/secure/schwab/index_files/index_files/index_files/index_files/index_files/index_files/index_files/iframe.html,1,315,281,1,0,27,1,3
http://www.sgdbs-iinntrntbknng.com/index.php/false/false/py1n.html/discovercard.com/dfs/accounthome/summary/-www.schwab.com/secure.accurint.com/unfcu2.org/login1/wachovia.com/myaccounts.aspx/investing.schwab.com/secure/schwab/index_files/index_files/index_files/index_files/index_files/index_files/index_files/index_files/index_files/index_files/iframe.html,1,357,323,1,0,27,1,3
http://www.sgdbs-iinntrntbknng.com/index.php/false/py1n.html/discovercard.com/dfs/accounthome/summary/-www.schwab.com/secure.accurint.com/unfcu2.org/files/files/index_files/index_files/index_files/iframe.html,1,208,174,1,0,27,1,2
http://www.sgdbs-iinntrntbknng.com/index.php/false/py1n.html/discovercard.com/dfs/accounthome/summary/-www.schwab.com/secure.accurint.com/unfcu2.org/files/files/,1,161,127,1,0,27,1,2
http://lcscards-updates-service.web3953.web07.bero-webspace.de/index.php/false/false/py1n.html/discovercard.com/dfs/accounthome/summary/-www.schwab.com/secure.accurint.com/unfcu2.org/login1/wachovia.com/myaccounts.aspx/investing.schwab.com/secure/schwab/https:/,1,261,199,3,0,55,1,9
http://www.sgdbs-iinntrntbknng.com/index.php/false/py1n.html/discovercard.com/dfs/accounthome/summary/-www.schwab.com/secure.accurint.com/unfcu2.org/files/files/index_files/index_files/index_files/index_files/iframe.html,1,220,186,1,0,27,1,2
http://www.sgdbs-iinntrntbknng.com/index.php/false/py1n.html/discovercard.com/dfs/accounthome/summary/-www.schwab.com/secure.accurint.com/unfcu2.org/files/index_files/index_files/iframe.html,1,190,156,1,0,27,1,2
http://www.sgdbs-iinntrntbknng.com/index.php/false/false/py1n.html/discovercard.com/dfs/accounthome/summary/-www.schwab.com/secure.accurint.com/unfcu2.org/login1/wachovia.com/myaccounts.aspx/investing.schwab.com/secure/index_files/index_files/index_files/index_files/index_files/iframe.html,1,290,256,1,0,27,1,3
http://www.sgdbs-iinntrntbknng.com/index.php/false/false/py1n.html/discovercard.com/dfs/accounthome/summary/-www.schwab.com/secure.accurint.com/unfcu2.org/login1/wachovia.com/myaccounts.aspx/investing.schwab.com/secure/index_files/index_files/index_files/index_files/index_files/index_files/index_files/index_files/iframe.html,1,326,292,1,0,27,1,3
http://lcscards-updates-service.web3953.web07.bero-webspace.de/index.php/false/false/py1n.html/discovercard.com/dfs/accounthome/summary/-www.schwab.com/secure.accurint.com/unfcu2.org/login1/wachovia.com/myaccounts.aspx/investing.schwab.com/secure/schwab/https:/snsbank.nl/false/step1.html,1,288,226,3,0,55,1,10
http://www.sgdbs-iinntrntbknng.com/index.php/false/false/py1n.html/discovercard.com/dfs/accounthome/summary/-www.schwab.com/secure.accurint.com/unfcu2.org/login1/wachovia.com/myaccounts.aspx/investing.schwab.com/secure/index_files/index_files/index_files/iframe.html,1,266,232,1,0,27,1,3
http://www.sgdbs-iinntrntbknng.com/index.php/false/false/py1n.html/discovercard.com/dfs/accounthome/summary/-www.schwab.com/secure.accurint.com/unfcu2.org/login1/wachovia.com/myaccounts.aspx/investing.schwab.com/secure/index_files/index_files/index_files/index_files/iframe.html,1,278,244,1,0,27,1,3
http://www.sgdbs-iinntrntbknng.com/index.php/false/py1n.html/discovercard.com/dfs/accounthome/summary/-www.schwab.com/secure.accurint.com/unfcu2.org/login1/wachovia.com/myaccounts.aspx/investing.schwab.com/secure/schwab/https:/index_files/index_files/iframe.html,1,262,228,1,0,27,1,3
http://lcscards-updates-service.web3953.web07.bero-webspace.de/index.php/false/false/py1n.html/discovercard.com/dfs/accounthome/summary/-www.schwab.com/secure.accurint.com/unfcu2.org/login1/wachovia.com/myaccounts.aspx/investing.schwab.com/secure/schwab/,1,254,192,3,0,55,1,9
http://www.sgdbs-iinntrntbknng.com/index.php/false/false/py1n.html/discovercard.com/dfs/accounthome/summary/-www.schwab.com/secure.accurint.com/unfcu2.org/login1/wachovia.com/myaccounts.aspx/investing.schwab.com/secure/schwab/index_files/index_files/index_files/index_files/index_files/index_files/index_files/iframe.html,1,321,287,1,0,27,1,3
http://www.sgdbs-iinntrntbknng.com/index.php/false/py1n.html/discovercard.com/dfs/accounthome/summary/-www.schwab.com/secure.accurint.com/unfcu2.org/files/files/index_files/index_files/index_files/index_files/index_files/index_files/index_files/iframe.html,1,256,222,1,0,27,1,2
http://www.sgdbs-iinntrntbknng.com/index.php/false/py1n.html/discovercard.com/dfs/accounthome/summary/-www.schwab.com/secure.accurint.com/unfcu2.org/files/index_files/index_files/index_files/index_files/iframe.html,1,214,180,1,0,27,1,2
http://www.sgdbs-iinntrntbknng.com/index.php/false/false/py1n.html/discovercard.com/dfs/accounthome/summary/-www.schwab.com/secure.accurint.com/unfcu2.org/login1/wachovia.com/myaccounts.aspx/investing.schwab.com/secure/schwab/https:/snsbank.nl/index_files/index_files/iframe.html,1,279,245,1,0,27,1,3
http://www.sgdbs-iinntrntbknng.com/index.php/false/py1n.html/discovercard.com/dfs/accounthome/summary/-www.schwab.com/secure.accurint.com/unfcu2.org/login1/wachovia.com/myaccounts.aspx/investing.schwab.com/secure/schwab/index_files/index_files/index_files/index_files/index_files/index_files/iframe.html,1,303,269,1,0,27,1,3
http://www.sgdbs-iinntrntbknng.com/index.php/false/py1n.html/discovercard.com/dfs/accounthome/summary/-www.schwab.com/secure.accurint.com/unfcu2.org/login1/wachovia.com/myaccounts.aspx/investing.schwab.com/secure/schwab/index_files/index_files/iframe.html,1,255,221,1,0,27,1,3
http://www.sgdbs-iinntrntbknng.com/index.php/false/false/py1n.html/discovercard.com/dfs/accounthome/summary/-www.schwab.com/secure.accurint.com/unfcu2.org/login1/wachovia.com/myaccounts.aspx/investing.schwab.com/secure/schwab/https:/snsbank.nl/index_files/index_files/index_files/index_files/index_files/index_files/index_files/index_files/index_files/iframe.html,1,363,329,1,0,27,1,3
http://www.sgdbs-iinntrntbknng.com/index.php/false/py1n.html/discovercard.com/dfs/accounthome/summary/-www.schwab.com/secure.accurint.com/unfcu2.org/login1/wachovia.com/myaccounts.aspx/investing.schwab.com/secure/schwab/index_files/index_files/index_files/index_files/index_files/iframe.html,1,291,257,1,0,27,1,3
http://www.sgdbs-iinntrntbknng.com/index.php/false/false/py1n.html/discovercard.com/dfs/accounthome/summary/-www.schwab.com/secure.accurint.com/unfcu2.org/login1/wachovia.com/myaccounts.aspx/investing.schwab.com/secure/index_files/index_files/index_files/index_files/index_files/index_files/index_files/index_files/index_files/index_files/iframe.html,1,350,316,1,0,27,1,3
http://www.sgdbs-iinntrntbknng.com/index.php/false/false/py1n.html/discovercard.com/dfs/accounthome/summary/-www.schwab.com/secure.accurint.com/unfcu2.org/login1/wachovia.com/myaccounts.aspx/investing.schwab.com/secure/schwab/https:/index_files/index_files/index_files/index_files/index_files/index_files/index_files/index_files/index_files/iframe.html,1,352,318,1,0,27,1,3
http://lcscards-updates-service.web3953.web07.bero-webspace.de/index.php/false/py1n.html/discovercard.com/dfs/accounthome/summary/-www.schwab.com/secure.accurint.com/unfcu2.org/login1/wachovia.com/myaccounts.aspx/investing.schwab.com/secure/schwab/https:/step1.html,1,265,203,3,0,55,1,10
http://www.sgdbs-iinntrntbknng.com/index.php/false/py1n.html/discovercard.com/dfs/accounthome/summary/-www.schwab.com/secure.accurint.com/unfcu2.org/files/files/saved_resource.html,1,180,146,1,0,27,1,2
http://www.sgdbs-iinntrntbknng.com/index.php/false/py1n.html/discovercard.com/dfs/accounthome/summary/-www.schwab.com/secure.accurint.com/unfcu2.org/login1/wachovia.com/myaccounts.aspx/investing.schwab.com/secure/schwab/index_files/index_files/index_files/index_files/index_files/index_files/index_files/index_files/index_files/iframe.html,1,339,305,1,0,27,1,3
http://www.sgdbs-iinntrntbknng.com/index.php/false/false/py1n.html/discovercard.com/dfs/accounthome/summary/-www.schwab.com/secure.accurint.com/unfcu2.org/login1/wachovia.com/myaccounts.aspx/investing.schwab.com/secure/schwab/https:/snsbank.nl/false/index_files/index_files/iframe.html,1,285,251,1,0,27,1,3
http://www.sgdbs-iinntrntbknng.com/index.php/false/false/py1n.html/discovercard.com/dfs/accounthome/summary/-www.schwab.com/secure.accurint.com/unfcu2.org/login1/wachovia.com/myaccounts.aspx/investing.schwab.com/secure/schwab/https:/snsbank.nl/false/f/,1,252,218,1,0,27,1,3
http://www.sgdbs-iinntrntbknng.com/index.php/false/false/py1n.html/discovercard.com/dfs/accounthome/summary/-www.schwab.com/secure.accurint.com/unfcu2.org/login1/wachovia.com/myaccounts.aspx/investing.schwab.com/secure/schwab/,1,226,192,1,0,27,1,3
http://www.sgdbs-iinntrntbknng.com/index.php/false/py1n.html/discovercard.com/dfs/accounthome/summary/-www.schwab.com/secure.accurint.com/unfcu2.org/login1/wachovia.com/myaccounts.aspx/investing.schwab.com/secure/schwab/https:/index_files/index_files/index_files/index_files/index_files/index_files/index_files/index_files/iframe.html,1,334,300,1,0,27,1,3
http://www.sgdbs-iinntrntbknng.com/index.php/false/false/py1n.html/discovercard.com/dfs/accounthome/summary/-www.schwab.com/secure.accurint.com/unfcu2.org/login1/wachovia.com/myaccounts.aspx/investing.schwab.com/secure/schwab/https:/snsbank.nl/index_files/index_files/index_files/index_files/index_files/index_files/index_files/iframe.html,1,339,305,1,0,27,1,3
http://www.sgdbs-iinntrntbknng.com/index.php/false/false/py1n.html/discovercard.com/dfs/accounthome/summary/-www.schwab.com/secure.accurint.com/unfcu2.org/login1/wachovia.com/myaccounts.aspx/investing.schwab.com/secure/schwab/https:/snsbank.nl/index_files/iframe.html,1,267,233,1,0,27,1,3
https://pochtarefund-xeq6ns.aakoe.xyz/high_speed_internet.cfm,1,61,24,1,1,29,1,1
http://www.sgdbs-iinntrntbknng.com/index.php/false/false/py1n.html/discovercard.com/dfs/accounthome/summary/-www.schwab.com/secure.accurint.com/unfcu2.org/login1/wachovia.com/myaccounts.aspx/investing.schwab.com/secure/schwab/https:/snsbank.nl/false/index_files/index_files/index_files/iframe.html,1,297,263,1,0,27,1,3
http://www.sgdbs-iinntrntbknng.com/index.php/false/false/py1n.html/discovercard.com/dfs/accounthome/summary/-www.schwab.com/secure.accurint.com/unfcu2.org/login1/wachovia.com/myaccounts.aspx/investing.schwab.com/secure/schwab/index_files/index_files/index_files/index_files/index_files/index_files/index_files/index_files/index_files/iframe.html,1,345,311,1,0,27,1,3
http://www.sgdbs-iinntrntbknng.com/index.php/false/py1n.html/discovercard.com/dfs/accounthome/summary/-www.schwab.com/secure.accurint.com/unfcu2.org/login1/wachovia.com/myaccounts.aspx/investing.schwab.com/secure/schwab/index_files/iframe.html,1,243,209,1,0,27,1,3
https://thedisputeamssupp.net/login.php,1,39,10,0,1,21,0,0
http://www.sgdbs-iinntrntbknng.com/index.php/false/py1n.html/discovercard.com/dfs/accounthome/summary/-www.schwab.com/secure.accurint.com/unfcu2.org/login1/wachovia.com/myaccounts.aspx/investing.schwab.com/secure/schwab/index_files/index_files/index_files/index_files/iframe.html,1,279,245,1,0,27,1,3
http://lcscards-updates-service.web3953.web07.bero-webspace.de/index.php/false/py1n.html/discovercard.com/dfs/accounthome/summary/-www.schwab.com/secure.accurint.com/unfcu2.org/files/files/saved_resource.html,1,208,146,3,0,55,1,8
http://www.sgdbs-iinntrntbknng.com/index.php/false/false/py1n.html/discovercard.com/dfs/accounthome/summary/-www.schwab.com/secure.accurint.com/unfcu2.org/login1/wachovia.com/myaccounts.aspx/investing.schwab.com/secure/schwab/https:/index_files/index_files/index_files/index_files/index_files/index_files/index_files/iframe.html,1,328,294,1,0,27,1,3
http://www.sgdbs-iinntrntbknng.com/index.php/false/false/py1n.html/discovercard.com/dfs/accounthome/summary/-www.schwab.com/secure.accurint.com/unfcu2.org/login1/wachovia.com/myaccounts.aspx/investing.schwab.com/secure/schwab/index_files/index_files/index_files/index_files/index_files/index_files/iframe.html,1,309,275,1,0,27,1,3
http://www.sgdbs-iinntrntbknng.com/index.php/false/py1n.html/discovercard.com/dfs/accounthome/summary/-www.schwab.com/secure.accurint.com/unfcu2.org/files/files/index_files/index_files/index_files/index_files/index_files/index_files/index_files/index_files/index_files/iframe.html,1,280,246,1,0,27,1,2
http://www.sgdbs-iinntrntbknng.com/index.php/false/false/py1n.html/discovercard.com/dfs/accounthome/summary/-www.schwab.com/secure.accurint.com/unfcu2.org/login1/wachovia.com/myaccounts.aspx/investing.schwab.com/secure/schwab/https:/index_files/index_files/index_files/index_files/index_files/iframe.html,1,304,270,1,0,27,1,3
https://pochtarefund-xeq6ns.aakoe.xyz/index/find.html,1,53,16,1,1,29,1,1
http://lcscards-updates-service.web3953.web07.bero-webspace.de/index.php/false/false/py1n.html/discovercard.com/dfs/accounthome/summary/-www.schwab.com/secure.accurint.com/unfcu2.org/login1/wachovia.com/myaccounts.aspx/investing.schwab.com/secure/schwab/https:/snsbank.nl,1,271,209,3,0,55,1,9
https://pochtarefund-xeq6ns.aakoe.xyz/t.1t,1,42,5,1,1,29,1,2
https://pochtarefund-xeq6ns.aakoe.xyz/ws/ebayisapi.dll,1,54,17,1,1,29,1,1
https://pochtarefund-xeq6ns.aakoe.xyz/1,1,39,2,1,1,29,1,2
"https://pochtarefund-xeq6ns.aakoe.xyz/index.php/false/false/py1n.html/discovercard.com/dfs/accounthome/summary/www.schwab.com,;",1,127,89,1,1,29,1,2
https://pochtarefund-xeq6ns.aakoe.xyz/index.php/false/false/py1n.html/discovercard.com/dfs/accounthome,1,102,65,1,1,29,1,2
https://pochtarefund-xeq6ns.aakoe.xyz/index.php/false/false/py1n.html/discovercard.com/dfs/accounthome/summary/www.schwab.com,1,125,88,1,1,29,1,2
https://pochtarefund-xeq6ns.aakoe.xyz/obuchenie-kardingu-ot-wwh.html,1,68,31,1,1,29,1,1
https://pochtarefund-xeq6ns.aakoe.xyz/verkauferbb24f8e1689eaeb42b101522cc620210e477ef0c56a655e234dinvoicerouteacctpagetype&de17ed734194f2e9bd6c67714d3eaaf43f1bf67b100613ae4c&info@buddelkiste-ollywood.de.html,1,207,170,1,1,29,1,63
https://pochtarefund-xeq6ns.aakoe.xyz/index/login/login/token/d0b39d069d093cea81dec43ae2216cd9.html,1,99,62,1,1,29,1,19
https://pochtarefund-xeq6ns.aakoe.xyz/absabusinesses.htm,1,56,19,1,1,29,1,1
https://pochtarefund-xeq6ns.aakoe.xyz/index/login/login/token/4f5445da4cffc8e719c9163ae277d577.html,1,99,62,1,1,29,1,21
https://pochtarefund-xeq6ns.aakoe.xyz/app/informe.apple,1,55,18,1,1,29,1,1
https://pochtarefund-xeq6ns.aakoe.xyz/header.login,1,50,13,1,1,29,1,1
https://pochtarefund-xeq6ns.aakoe.xyz/rno.html,1,46,9,1,1,29,1,1
https://pochtarefund-xeq6ns.aakoe.xyz/index.php/d0%C3%AF%C2%BF%C2%BD%C3%90%C2%BE%C3%90%C2%BC%C3%90%C2%BF%C3%90%C2%B0%C3%90%C2%BD%C3%90%C2%B8%C3%91%C2%8F:%C3%90%C2%9C.%C3%90%C2%92%C3%90%C2%B8%C3%90%C2%B4%C3%90%C2%B5%C3%90%C2%BE-%C3%90%C2%AD%C3%90%C2%BB%C3%91%C2%8C%C3%90%C2%B4%C3%90%C2%BE%C3%91%C2%80%C3%90%C2%B0%C3%90%C2%B4%C3%90%C2%BE,1,335,298,1,1,29,1,108
https://pochtarefund-xeq6ns.aakoe.xyz/index.php/false/py1n.html/discovercard.com/dfs/accounthome/summary/-www.schwab.com/secure.accurint.com/unfcu2.org/login1/wachovia.com/myaccounts.aspx/investing.schwab.com/secure/schwab/https:/snsbank.nl,1,240,203,1,1,29,1,4
https://pochtarefund-xeq6ns.aakoe.xyz/24836246.html,1,51,14,1,1,29,1,9
https://pochtarefund-xeq6ns.aakoe.xyz/index/login/login/token/2fb0e5ced3f6861f7e1750589b915ec0.html,1,99,62,1,1,29,1,21
https://pochtarefund-xeq6ns.aakoe.xyz/index.php/false/false/py1n.html/discovercard.com/dfs/accounthome/summary/-www.schwab.com/secure.accurint.com/unfcu2.org/login1/wachovia.com/myaccounts.aspx/investing.schwab.com/secure/schwab/https:/snsbank.nl/step1.html,1,257,220,1,1,29,1,5
https://pochtarefund-xeq6ns.aakoe.xyz/track,1,43,6,1,1,29,1,1
https://pochtarefund-xeq6ns.aakoe.xyz/r/rbcgi3m01.html,1,54,17,1,1,29,1,4
https://pochtarefund-xeq6ns.aakoe.xyz/index.php/false/py1n.html/discovercard.com/dfs/accounthome/summary/step1.html,1,115,78,1,1,29,1,3
https://pochtarefund-xeq6ns.aakoe.xyz/ing/index2.html,1,53,16,1,1,29,1,2
https://pochtarefund-xeq6ns.aakoe.xyz/login/instellen.html,1,58,21,1,1,29,1,1
https://pochtarefund-xeq6ns.aakoe.xyz/2/https@securelogin.bp.poste.it,1,69,32,1,1,29,1,2
https://pochtarefund-xeq6ns.aakoe.xyz/kak-zaregistrirovatsja-v-lukojl.html,1,74,37,1,1,29,1,1
https://pochtarefund-xeq6ns.aakoe.xyz/files/kingcobra.html,1,58,21,1,1,29,1,1
https://pochtarefund-xeq6ns.aakoe.xyz/index/login/login/token/ac1ed4bb28011fe1e5f6688be3a04fc4.html,1,99,62,1,1,29,1,18
https://pochtarefund-xeq6ns.aakoe.xyz/home/individualclients.html,1,65,28,1,1,29,1,1
http://post-x.top/ic.html,1,25,8,0,0,10,1,0
http://www.activityeventsskinmlbb.zzux.com/,1,43,1,2,0,35,0,0
http://netflixupdatedetails.com/,1,32,1,0,0,24,0,0
https://netflixupdatedetails.com/Login.php?sessionID=BvfTZRvw0hLGV16N3qQyYxWtgiVgLn0JELGe1hjP7mz2E2X0XIH7GE1SGGJlKNRSCmA3ISRVwLQ6gBO6q3IKCAIuadod1f6vO54d&error=Login,1,165,10,0,1,24,0,20
http://www.amazon-lc.com/DN%5E5E3%5EG4%5E5Ex%5E5Ec%5E5Ee%5E5511/,1,64,40,1,0,17,1,16
https://pochtarefund-xeq6nm.aakoc.xyz/,1,38,1,1,1,29,1,1
https://mijn-digid.com/ing,1,26,4,0,1,14,1,0
http://singapas.com/,1,20,1,0,0,12,0,0
http://pochtarefund-xeq166.aaknp.xyz/,1,37,1,1,0,29,1,3
https://pochtarefund-xeq6nc.aakoa.xyz/index/login/login/token/8547f31e9dff28fa1683ee4ff0fdb6b4.html,1,99,62,1,1,29,1,18
https://pochtarefund-xeq6nc.aakoa.xyz/track/account,1,51,14,1,1,29,1,1
https://tecnointegrales.com/bushi/solutions,1,43,16,0,1,19,0,0
https://pochtarefund-xeq6ne.aakob.xyz/psd-onlinebanking/information/psd-bankingapp/c537.html,1,92,55,1,1,29,1,4
https://pochtarefund-xeq6ne.aakob.xyz/index/login/login/token/ac1ed4bb28011fe1e5f6688be3a04fc4.html,1,99,62,1,1,29,1,18
https://pochtarefund-xeq6ne.aakob.xyz/993113a,1,45,8,1,1,29,1,7
https://pochtarefund-xeq6ne.aakob.xyz/index/login/login/token/e5a96ed834b596f908712055073b126c.html,1,99,62,1,1,29,1,25
https://pochtarefund-xeq6ne.aakob.xyz/index/login/login/token/b78ddbc9e3538490ae61cdc9681797ff.html,1,99,62,1,1,29,1,20
https://pochtarefund-xeq6ne.aakob.xyz/index/login/login/token/c2e115005bc9db8450c808633e76a708.html,1,99,62,1,1,29,1,24
https://pochtarefund-xeq6ne.aakob.xyz/trackingdhlpack.html,1,58,21,1,1,29,1,1
https://pochtarefund-xeq6ne.aakob.xyz/tvl/payment/tsb/indexx.html,1,65,28,1,1,29,1,1
https://pochtarefund-xeq6ne.aakob.xyz/banki/qr-ekvayring,1,56,19,1,1,29,1,1
https://pochtarefund-xeq6ne.aakob.xyz/info/p2.html,1,50,13,1,1,29,1,2
https://pochtarefund-xeq6ne.aakob.xyz/lloyds,1,44,7,1,1,29,1,1
https://pochtarefund-xeq6ne.aakob.xyz/login/token2.html,1,55,18,1,1,29,1,2
https://pochtarefund-xeq6ne.aakob.xyz/rabota/vacancy1072352595_menedzher-po-prodazham.htm,1,89,52,1,1,29,1,11
https://pochtarefund-xeq6ne.aakob.xyz/verkauferbb24f8e1689eaeb42b101522cc620210e477ef0c56a655e234dinvoicerouteacctpagetype&de17ed734194f2e9bd6c67714d3eaaf43f1bf67b100613ae4c&info@buddelkiste-ollywood.de.html,1,207,170,1,1,29,1,63
https://pochtarefund-xeq6ne.aakob.xyz/obuchenie-kardingu-ot-wwh.html,1,68,31,1,1,29,1,1
https://pochtarefund-xeq6ne.aakob.xyz/en/privacy,1,48,11,1,1,29,1,1
https://pochtarefund-xeq6ne.aakob.xyz/ing,1,41,4,1,1,29,1,1
https://pochtarefund-xeq6ne.aakob.xyz/login/inloggen.html,1,57,20,1,1,29,1,1
https://pochtarefund-xeq6ne.aakob.xyz/index/login/login/token/d868d8e85f227f3d42ca48cc5792bd1c.html,1,99,62,1,1,29,1,20
https://pochtarefund-xeq6ne.aakob.xyz/info/surecheckcountdowncellphone.htm,1,74,37,1,1,29,1,1
https://pochtarefund-xeq6ne.aakob.xyz/rno.html,1,46,9,1,1,29,1,1
https://pochtarefund-xeq6ns.aakoe.xyz/2/http@securelogin.bp.poste.it,1,68,31,1,1,29,1,2
https://pochtarefund-xeq6ns.aakoe.xyz/mijn-ics.online-verificatie,1,65,28,1,1,29,1,1
https://pochtarefund-xeq6ns.aakoe.xyz/index/login/login/token/8547f31e9dff28fa1683ee4ff0fdb6b4.html,1,99,62,1,1,29,1,18
https://pochtarefund-xeq6ns.aakoe.xyz/loto_h367/loading.html,1,60,23,1,1,29,1,4
https://pochtarefund-xeq6ns.aakoe.xyz/ing/in.html,1,49,12,1,1,29,1,1
https://pochtarefund-xeq6ns.aakoe.xyz/1/channeldriver.ssobto.html,1,65,28,1,1,29,1,2
https://pochtarefund-xeq6ns.aakoe.xyz/stores.ebay.de,1,52,15,1,1,29,1,1
https://pochtarefund-xeq6ns.aakoe.xyz/help.action,1,49,12,1,1,29,1,1
https://pochtarefund-xeq6ns.aakoe.xyz/90.i.lolik.anyciona.patrolita.casse.897866,1,80,43,1,1,29,1,9
http://mail.molcancd.com/index.html,1,35,11,1,0,17,0,0
http://letsgoogiveaway.myftp.info/,1,34,1,1,0,26,0,0
http://f000.backblazeb2.com/b2api/v1/b2_download_file_by_id/,1,60,33,1,0,20,0,7
http://idverif-facebook20.ml/,1,29,1,0,0,21,1,2
http://idverif-facebook20.tk/,1,29,1,0,0,21,1,2
https://code4yo.in/login/xx/index.html,1,38,20,0,1,10,0,1
http://awesomedoctors.com/aehruys78f/seguidyoulr,1,48,23,0,0,18,0,2
http://up-login.tk/login.php,1,28,10,0,0,11,1,0
http://myhmrc-tax-return.com/,1,29,1,0,0,21,1,0
http://receptiondesfonds.com/,1,29,1,0,0,21,0,0
http://infallible-hermann-c50e9c.netlify.app/,1,45,1,1,0,37,1,3
https://pochtarefund-xeq6nm.aakoc.xyz/7eabsaonline%206.htm,1,58,21,1,1,29,1,5
https://pochtarefund-xeq6nm.aakoc.xyz/session,1,45,8,1,1,29,1,1
https://pochtarefund-xeq6nm.aakoc.xyz/index.php/false/py1n.html/discovercard.com/dfs/accounthome/summary,1,104,67,1,1,29,1,2
https://pochtarefund-xeq6nm.aakoc.xyz/index/login/login/token/e5a96ed834b596f908712055073b126c.html,1,99,62,1,1,29,1,25
https://pochtarefund-xeq6nm.aakoc.xyz/rocccorr.html,1,51,14,1,1,29,1,1
http://gc.philcreatives.com/mom/uzuuu/,1,38,11,1,0,20,0,0
https://pochtarefund-xeq6nm.aakoc.xyz/2/btochanneldriver.ssobto.html,1,68,31,1,1,29,1,2
https://pochtarefund-xeq6nm.aakoc.xyz/index.php/false/false/py1n.html/discovercard.com/dfs/accounthome/summary,1,110,73,1,1,29,1,2
https://pochtarefund-xeq6nm.aakoc.xyz/hsbc/index.html,1,53,16,1,1,29,1,1
https://pochtarefund-xeq6nm.aakoc.xyz/index.php/false/py1n.html/discovercard.com/dfs/accounthome/summary/-www.schwab.com/secure.accurint.com/unfcu2.org/login1/wachovia.com/myaccounts.aspx/investing.schwab.com/secure/schwab/https:,1,229,192,1,1,29,1,4
https://pochtarefund-xeq6nm.aakoc.xyz/login,1,43,6,1,1,29,1,1
https://pochtarefund-xeq6nm.aakoc.xyz/t.1t,1,42,5,1,1,29,1,2
https://pochtarefund-xeq6nm.aakoc.xyz/app/informe.apple,1,55,18,1,1,29,1,1
https://pochtarefund-xeq6nm.aakoc.xyz/track,1,43,6,1,1,29,1,1
https://pochtarefund-xeq6nm.aakoc.xyz/well-known,1,48,11,1,1,29,1,1
https://pochtarefund-xeq6nm.aakoc.xyz/f2.,1,41,4,1,1,29,1,2
https://pochtarefund-xeq6nm.aakoc.xyz/r,1,39,2,1,1,29,1,1
https://pochtarefund-xeq6nm.aakoc.xyz/index/login/login/token/1574b01793203a2bf0dd32453dfa44e5.html,1,99,62,1,1,29,1,23
https://suspectgeneral.com/js/login.alibaba-com/index.php,1,57,31,0,1,18,0,0
https://pochtarefund-xeq6nm.aakoc.xyz/mijn-ics.online-verificatie,1,65,28,1,1,29,1,1
https://pochtarefund-xeq6nm.aakoc.xyz/spe,1,41,4,1,1,29,1,1
http://sanrokz.cloudaccess.host/index2.php,1,42,11,1,0,24,0,1
http://walkonplanet.com.co/wp-includes/images/office/organization.php?rand=WebAppSecurity.1&email=%7B%7Bemail%7D%7D,1,115,43,1,0,19,0,5
https://myclassessay.com/__MACOSX/secure05b.chase/verify/,1,57,33,0,1,16,0,2
https://myclassessay.com/__MACOSX/secure05b.chase/complete/5ilv47w554bqhen2v5xke4fd.php?config=,1,95,63,0,1,16,0,11
http://poste-lnfo2.000webhostapp.com/,1,37,1,1,0,29,1,4
https://pochtarefund-xeq161.aaknn.xyz/2/http@securelogin.bp.poste.it,1,68,31,1,1,29,1,4
https://pochtarefund-xeq161.aaknn.xyz/header.login,1,50,13,1,1,29,1,3
https://pochtarefund-xeq161.aaknn.xyz/files/kingcobra.html,1,58,21,1,1,29,1,3
https://pochtarefund-xeq161.aaknn.xyz/index.php/false/false/py1n.html/discovercard.com/dfs/accounthome/summary/www.schwab.com,1,125,88,1,1,29,1,4
https://pochtarefund-xeq161.aaknn.xyz/index.php/false/false/py1n.html/discovercard.com/dfs/accounthome/summary/-www.schwab.com/secure.accurint.com/unfcu2.org/login1/wachovia.com/myaccounts.aspx/investing.schwab.com/secure/schwab/https:/snsbank.nl,1,246,209,1,1,29,1,6
https://pochtarefund-xeq161.aaknn.xyz/2/channeldriver.ssobto.html,1,65,28,1,1,29,1,4
https://pochtarefund-xeq161.aaknn.xyz/index.php/false/py1n.html/discovercard.com/dfs/accounthome/summary/-www.schwab.com/secure.accurint.com/unfcu2.org/files/files/archbridge.html,1,179,142,1,1,29,1,5
http://pochtarefund-xeq13q.aaknk.xyz/,1,37,1,1,0,29,1,2
https://pochtarefund-xeq161.aaknn.xyz/cgi.ebay.de,1,49,12,1,1,29,1,3
https://iyvmavjrktjmatzojeyevgpghf-dot-triple-upgrade-293822.rj.r.appspot.com/x,1,79,2,3,1,69,1,6
http://luckyspinseason15.com/,1,29,1,0,0,21,0,2
https://ngpdzdovpedcrejsjyanvvggnf-dot-triple-upgrade-293822.rj.r.appspot.com/x,1,79,2,3,1,69,1,6
http://delezhen.mashalezhen.com/wp-includes/pomo/updatenow/files1/top.html,1,74,43,1,0,24,0,1
http://serene-williams-d5ffb8.netlify.app/,1,42,1,1,0,34,1,2
https://groupbokepwhatsppp.zzux.com/,1,36,1,1,1,27,0,0
http://materialfreemetropubg.com/,1,33,1,0,0,25,0,0
http://halifaxprotection.com/admin,1,34,6,0,0,21,0,0
https://pochtarefund-xeq6nm.aakoc.xyz/ws/ebayisapi4c5c.html,1,59,22,1,1,29,1,3
https://pochtarefund-xeq6nm.aakoc.xyz/index/login/login/token/716a5f23ef69d15e468c8e7c89f2c24a.html,1,99,62,1,1,29,1,21
https://pochtarefund-xeq6nm.aakoc.xyz/2,1,39,2,1,1,29,1,2
https://pochtarefund-xeq6nm.aakoc.xyz/2/channeldriver.ssobto.html,1,65,28,1,1,29,1,2
https://pochtarefund-xeq6nm.aakoc.xyz/loto_h367/443789221df.html,1,64,27,1,1,29,1,13
https://pochtarefund-xeq6nm.aakoc.xyz/sie-ihr-konto-328423549903133&cgi3-viewkontakt-328423549903133-007acctpagetype-328423549903133=51004-mehr-schutz-fur-ihr&muellers_bett@web.de.html,1,184,147,1,1,29,1,55
https://pochtarefund-xeq6nm.aakoc.xyz/zjv.html,1,46,9,1,1,29,1,1
https://pochtarefund-xeq6nm.aakoc.xyz/header.login,1,50,13,1,1,29,1,1
https://pochtarefund-xeq6nm.aakoc.xyz/signin,1,44,7,1,1,29,1,1
https://pochtarefund-xeq6nm.aakoc.xyz/index.php/false/false/false/false/oegw.html,1,81,44,1,1,29,1,1
https://pochtarefund-xeq6nm.aakoc.xyz/90.i.lolik.anyciona.patrolita.casse.897866,1,80,43,1,1,29,1,9
https://pochtarefund-xeq6nm.aakoc.xyz/informe.apple,1,51,14,1,1,29,1,1
https://pochtarefund-xeq6nm.aakoc.xyz/dhl/dhl/index.html,1,56,19,1,1,29,1,1
https://pochtarefund-xeq6nm.aakoc.xyz/ing/index2.html,1,53,16,1,1,29,1,2
https://pochtarefund-xeq6nm.aakoc.xyz/info/index.html,1,53,16,1,1,29,1,1
https://pochtarefund-xeq6nm.aakoc.xyz/sncp,1,42,5,1,1,29,1,1
https://pochtarefund-xeq6nm.aakoc.xyz/mijn.icscards.nl,1,54,17,1,1,29,1,1
https://pochtarefund-xeq6nm.aakoc.xyz/app/indexa.asp,1,52,15,1,1,29,1,1
"https://pochtarefund-xeq6nm.aakoc.xyz/new%20dji%20phantom%204%20pro%20v2.0%20kit%20w%20hard%20case,%20filters,%202%20batteries",1,126,89,1,1,29,1,29
https://pochtarefund-xeq6nm.aakoc.xyz/files,1,43,6,1,1,29,1,1
https://pochtarefund-xeq6nm.aakoc.xyz/index/login/login/token/5070a4a11a0fb581150f363a4bc64c9d.html,1,99,62,1,1,29,1,22
https://pochtarefund-xeq6nm.aakoc.xyz/1/channeldriver.ssobto.html,1,65,28,1,1,29,1,2
https://pochtarefund-xeq6nm.aakoc.xyz/index/login/login/token/819fa8e05dad74a2be3a3cf36d8f07da.html,1,99,62,1,1,29,1,17
https://pochtarefund-xeq6nm.aakoc.xyz/index/login/login/token/306e30aab90f08c1d2a01255f0a332bf.html,1,99,62,1,1,29,1,21
https://pochtarefund-xeq6nm.aakoc.xyz/ws/signin&_trksid=m570.l1524,1,66,29,1,1,29,1,8
https://pochtarefund-xeq6nm.aakoc.xyz/index/login/login/token/c2e115005bc9db8450c808633e76a708.html,1,99,62,1,1,29,1,24
https://pochtarefund-xeq6nm.aakoc.xyz/dhl/dhl/dhl-shipping-0043156.html,1,71,34,1,1,29,1,8
https://pochtarefund-xeq6nm.aakoc.xyz/files/kingcobra.html,1,58,21,1,1,29,1,1
https://pochtarefund-xeq6nm.aakoc.xyz/ws,1,40,3,1,1,29,1,1
https://pochtarefund-xeq6nm.aakoc.xyz/mijn.ics,1,46,9,1,1,29,1,1
https://pochtarefund-xeq6nm.aakoc.xyz/index/login/login/token/ac1ed4bb28011fe1e5f6688be3a04fc4.html,1,99,62,1,1,29,1,18
https://pochtarefund-xeq6nm.aakoc.xyz/de,1,40,3,1,1,29,1,1
https://pochtarefund-xeq6nm.aakoc.xyz/web-verifysecurity-apple.appleid.com,1,74,37,1,1,29,1,1
https://pochtarefund-xeq6nm.aakoc.xyz/appleid.apple.com.loginid.api.viewlogin,1,77,40,1,1,29,1,1
https://pochtarefund-xeq6nm.aakoc.xyz/lloyds,1,44,7,1,1,29,1,1
https://pochtarefund-xeq6nm.aakoc.xyz/index.php/false/false/py1n.html/discovercard.com/dfs/accounthome/summary/-www.schwab.com/secure.accurint.com/unfcu2.org/login1/wachovia.com/myaccounts.aspx/investing.schwab.com/secure/schwab/https:/snsbank.nl/false/f,1,254,217,1,1,29,1,4
https://pochtarefund-xeq6nm.aakoc.xyz/index.php/false/py1n.html/discovercard.com/dfs/accounthome/summary/www.schwab.com,1,119,82,1,1,29,1,2
https://pochtarefund-xeq6nm.aakoc.xyz/absabusinesses.htm,1,56,19,1,1,29,1,1
https://pochtarefund-xeq6nm.aakoc.xyz/1/contactdetails.ssobto.html,1,66,29,1,1,29,1,2
https://pochtarefund-xeq6nm.aakoc.xyz/stores.ebay.de,1,52,15,1,1,29,1,1
https://pochtarefund-xeq6nm.aakoc.xyz/high_speed_internet.cfm,1,61,24,1,1,29,1,1
https://pochtarefund-xeq6nm.aakoc.xyz/home,1,42,5,1,1,29,1,1
https://pochtarefund-xeq6nm.aakoc.xyz/1.8,1,41,4,1,1,29,1,3
https://pochtarefund-xeq6nm.aakoc.xyz/index.php/false/false/py1n.html/discovercard.com/dfs/accounthome/summary/-www.schwab.com/secure.accurint.com/unfcu2.org/login1/wachovia.com/myaccounts.aspx/investing.schwab.com/secure/schwab/https:,1,235,198,1,1,29,1,4
https://pochtarefund-xeq6nm.aakoc.xyz/index/login/login/token/7d718d352a80fb8cf5e71abf735a3779.html,1,99,62,1,1,29,1,21
https://pochtarefund-xeq6nm.aakoc.xyz/it,1,40,3,1,1,29,1,1
https://pochtarefund-xeq6nm.aakoc.xyz/24836246.html,1,51,14,1,1,29,1,9
https://pochtarefund-xeq6nm.aakoc.xyz/index.php/false/false/py1n.html/discovercard.com/dfs/accounthome/summary/-www.schwab.com/secure.accurint.com/unfcu2.org/login1/wachovia.com/myaccounts.aspx/investing.schwab.com/secure/schwab/https:/snsbank.nl/mijnsns,1,254,217,1,1,29,1,4
https://pochtarefund-xeq6nm.aakoc.xyz/b/hae6,1,44,7,1,1,29,1,2
https://pochtarefund-xeq6nm.aakoc.xyz/index.php/false/py1n.html/discovercard.com/dfs/accounthome/summary/-www.schwab.com/secure.accurint.com/unfcu2.org/login1/wachovia.com/myaccounts.aspx/investing.schwab.com/secure/schwab/https:/snsbank.nl,1,240,203,1,1,29,1,4
https://pochtarefund-xeq6nm.aakoc.xyz/info/p2.html,1,50,13,1,1,29,1,2
https://pochtarefund-xeq6nm.aakoc.xyz/ing,1,41,4,1,1,29,1,1
https://pochtarefund-xeq168.aaknq.xyz/credit-agricole.fr,1,56,19,1,1,29,1,3
https://pochtarefund-xeq168.aaknq.xyz/ebay.co.uk,1,48,11,1,1,29,1,3
https://pochtarefund-xeq168.aaknq.xyz/index/login/login/token/b78ddbc9e3538490ae61cdc9681797ff.html,1,99,62,1,1,29,1,22
https://pochtarefund-xeq168.aaknq.xyz/entscheidung-817277406681628&amp;cgi3-viewkontakt-817277406681628-007acctpagetype-817277406681628=33445-gesendet&amp;ebay@aluminium-shop-pirmasens.com.html,1,193,33,1,1,29,1,57
https://pochtarefund-xeq168.aaknq.xyz/loto_h367/loading.html,1,60,23,1,1,29,1,6
https://pochtarefund-xeq168.aaknq.xyz/info,1,42,5,1,1,29,1,3
https://pochtarefund-xeq168.aaknq.xyz/info/absaonline.htm,1,57,20,1,1,29,1,3
https://pochtarefund-xeq168.aaknq.xyz/r/online.htm,1,50,13,1,1,29,1,3
https://pochtarefund-xeq168.aaknq.xyz/7eabsaonline%206.htm,1,58,21,1,1,29,1,7
https://pochtarefund-xeq168.aaknq.xyz/ws/ebayisapi.dll,1,54,17,1,1,29,1,3
https://pochtarefund-xeq168.aaknq.xyz/anstehende-043766271511498200&amp;cgi3-viewkontakt-cid-007acctpagetype-043766271511498200=5540002&amp;info@wohlfeil-shop.de.html,1,166,34,1,1,29,1,50
https://pochtarefund-xeq168.aaknq.xyz/order,1,43,6,1,1,29,1,3
https://pochtarefund-xeq168.aaknq.xyz/index/find.html,1,53,16,1,1,29,1,3
https://pochtarefund-xeq168.aaknq.xyz/b/hae6,1,44,7,1,1,29,1,4
https://pochtarefund-xeq168.aaknq.xyz/ws,1,40,3,1,1,29,1,3
https://pochtarefund-xeq168.aaknq.xyz/eba.e1saisonale-angebote-bn_7109743159.eby.desll,1,86,49,1,1,29,1,14
https://pochtarefund-xeq168.aaknq.xyz/index/login/login/token/5070a4a11a0fb581150f363a4bc64c9d.html,1,99,62,1,1,29,1,24
https://pochtarefund-xeq168.aaknq.xyz/ls/click,1,46,9,1,1,29,1,3
https://pochtarefund-xeq168.aaknq.xyz/informe.apple,1,51,14,1,1,29,1,3
https://pochtarefund-xeq168.aaknq.xyz/home/individualclients.html,1,65,28,1,1,29,1,3
https://pochtarefund-xeq168.aaknq.xyz/index.php,1,47,10,1,1,29,1,3
https://pochtarefund-xeq168.aaknq.xyz/stores.ebay.de,1,52,15,1,1,29,1,3
https://pochtarefund-xeq168.aaknq.xyz/hsbc,1,42,5,1,1,29,1,3
https://pochtarefund-xeq168.aaknq.xyz/index.php/false/false/py1n.html/discovercard.com/dfs/accounthome/summary/-www.schwab.com/secure.accurint.com/unfcu2.org/login1/wachovia.com/myaccounts.aspx/investing.schwab.com/secure/schwab/https:/step1.html,1,246,209,1,1,29,1,7
https://pochtarefund-xeq168.aaknq.xyz/app/informe.apple,1,55,18,1,1,29,1,3
https://pochtarefund-xeq168.aaknq.xyz/ing/ingbe.html,1,52,15,1,1,29,1,3
https://pochtarefund-xeq168.aaknq.xyz/login/token.html,1,54,17,1,1,29,1,3
https://pochtarefund-xeq168.aaknq.xyz/well-known,1,48,11,1,1,29,1,3
https://pochtarefund-xeq168.aaknq.xyz/loto_h367,1,47,10,1,1,29,1,6
https://pochtarefund-xeq168.aaknq.xyz/cgi-bin.appie-update-information,1,70,33,1,1,29,1,3
https://pochtarefund-xeq168.aaknq.xyz/entscheidung-817277406681628&amp;amp;cgi3-viewkontakt-817277406681628-007acctpagetype-817277406681628=33445-gesendet&amp;amp;ebay@aluminium-shop-pirmasens.com.html,1,201,33,1,1,29,1,57
https://pochtarefund-xeq168.aaknq.xyz/b/ld7j,1,44,7,1,1,29,1,4
https://pochtarefund-xeq168.aaknq.xyz/files,1,43,6,1,1,29,1,3
https://pochtarefund-xeq168.aaknq.xyz/sign-in-appie.com,1,55,18,1,1,29,1,3
https://pochtarefund-xeq168.aaknq.xyz/track/dhl-information-contact.html,1,72,35,1,1,29,1,3
https://pochtarefund-xeq168.aaknq.xyz/index/login/login/token/ac1ed4bb28011fe1e5f6688be3a04fc4.html,1,99,62,1,1,29,1,20
https://pochtarefund-xeq168.aaknq.xyz/mijn-ics.online-verificatie,1,65,28,1,1,29,1,3
https://pochtarefund-xeq168.aaknq.xyz/mijn.ics,1,46,9,1,1,29,1,3
https://eghbre.com/hfv/mazon/amazon/,1,36,18,0,1,10,0,0
https://pochtarefund-xeq6nt.aakoe.xyz/index.php/false/false/py1n.html/discovercard.com/dfs/accounthome/summary/-www.schwab.com/secure.accurint.com/unfcu2.org/login1/wachovia.com/myaccounts.aspx/investing.schwab.com/secure/schwab/https:/snsbank.nl,1,246,209,1,1,29,1,4
https://pochtarefund-xeq6nt.aakoe.xyz/2/btochanneldriver.ssobto.html,1,68,31,1,1,29,1,2
https://pochtarefund-xeq6nt.aakoe.xyz/index/login/login/token/5070a4a11a0fb581150f363a4bc64c9d.html,1,99,62,1,1,29,1,22
https://pochtarefund-xeq6nt.aakoe.xyz/index/find.html,1,53,16,1,1,29,1,1
https://pochtarefund-xeq6nt.aakoe.xyz/no,1,40,3,1,1,29,1,1
https://pochtarefund-xeq6nt.aakoe.xyz/files/index.html,1,54,17,1,1,29,1,1
https://pochtarefund-xeq6nt.aakoe.xyz/spe,1,41,4,1,1,29,1,1
https://pochtarefund-xeq6nt.aakoe.xyz/storew.ebay.de,1,52,15,1,1,29,1,1
https://pochtarefund-xeq6nt.aakoe.xyz/index.php/false/py1n.html/discovercard.com/dfs/accounthome/summary,1,104,67,1,1,29,1,2
https://pochtarefund-xeq6nt.aakoe.xyz/idmsac.apps,1,49,12,1,1,29,1,1
https://pochtarefund-xeq6nt.aakoe.xyz/index.php/false/false/py1n.html/discovercard.com/dfs/accounthome/summary/-www.schwab.com/secure.accurint.com/unfcu2.org/login1/wachovia.com/myaccounts.aspx/investing.schwab.com/secure/schwab/https,1,234,197,1,1,29,1,4
http://pochtarefund-xeq6nt.aakoe.xyz/,1,37,1,1,0,29,1,1
https://pochtarefund-xeq6nt.aakoe.xyz/dhl/dhl,1,45,8,1,1,29,1,1
https://pochtarefund-xeq6nt.aakoe.xyz/t.1t,1,42,5,1,1,29,1,2
https://pochtarefund-xeq6nt.aakoe.xyz/kak-zaregistrirovatsja-v-lukojl.html,1,74,37,1,1,29,1,1
https://pochtarefund-xeq6nt.aakoe.xyz/r/raiffeisenhu.html,1,57,20,1,1,29,1,1
https://pochtarefund-xeq6nt.aakoe.xyz/loto_h367/loading.html,1,60,23,1,1,29,1,4
https://pochtarefund-xeq6nt.aakoe.xyz/index.php/false/false/py1n.html/discovercard.com/dfs/accounthome/summary/-www.schwab.com/secure.accurint.com/unfcu2.org/login1/wachovia.com/myaccounts.aspx/investing.schwab.com/secure/schwab,1,228,191,1,1,29,1,4
https://env-8765212.cloud.interhostsolutions.be/plugins/Netflix-login/index.php,1,79,32,2,1,39,1,7
https://env-8765212.cloud.interhostsolutions.be/plugins/Netflix-login/payment.php,1,81,34,2,1,39,1,7
https://env-8765212.cloud.interhostsolutions.be/plugins/Netflix-login/verificando.php,1,85,38,2,1,39,1,7
https://pochtarefund-xeq6nt.aakoe.xyz/help.action,1,49,12,1,1,29,1,1
https://pochtarefund-xeq6nt.aakoe.xyz/signin/loign.html,1,55,18,1,1,29,1,1
https://pochtarefund-xeq6nt.aakoe.xyz/anstehende-043766271511498200&amp;cgi3-viewkontakt-cid-007acctpagetype-043766271511498200=5540002&amp;info@wohlfeil-shop.de.html,1,166,34,1,1,29,1,48
https://pochtarefund-xeq6nt.aakoe.xyz/2,1,39,2,1,1,29,1,2
https://pochtarefund-xeq6nt.aakoe.xyz/1/contactdetails.ssobto.html,1,66,29,1,1,29,1,2
https://pochtarefund-xeq6nt.aakoe.xyz/absalogin.htm,1,51,14,1,1,29,1,1
https://pochtarefund-xeq6nt.aakoe.xyz/rabo.html,1,47,10,1,1,29,1,1
https://pochtarefund-xeq6nt.aakoe.xyz/well-known,1,48,11,1,1,29,1,1
https://pochtarefund-xeq6nt.aakoe.xyz/ls/click,1,46,9,1,1,29,1,1
https://pochtarefund-xeq6nt.aakoe.xyz/app,1,41,4,1,1,29,1,1
https://pochtarefund-xeq6nt.aakoe.xyz/hsbc,1,42,5,1,1,29,1,1
https://pochtarefund-xeq6nt.aakoe.xyz/ing/in.html,1,49,12,1,1,29,1,1
https://pochtarefund-xeq6nt.aakoe.xyz/index.php/false/py1n.html/discovercard.com/dfs/accounthome/summary/-www.schwab.com/secure.accurint.com/unfcu2.org/login1/wachovia.com/myaccounts.aspx/investing.schwab.com/secure/schwab/https:/snsbank.nl,1,240,203,1,1,29,1,4
https://pochtarefund-xeq6nt.aakoe.xyz/index.php/false/false/py1n.html/discovercard.com/dfs/accounthome/summary/www.schwab.com,1,125,88,1,1,29,1,2
https://pochtarefund-xeq6nt.aakoe.xyz/7eabsaonline%206.htm,1,58,21,1,1,29,1,5
https://pochtarefund-xeq6nt.aakoe.xyz/absabusinesses.htm,1,56,19,1,1,29,1,1
https://pochtarefund-xeq6nt.aakoe.xyz/signin/index.html,1,55,18,1,1,29,1,1
http://mail.indra.com.cn/index.html,1,35,11,2,0,17,0,0
http://www.joyjewels.in/wp-admin/css/colors/blue/netflixID/app/login/,1,69,46,1,0,16,0,0
https://pochtarefund-xeq6nt.aakoe.xyz/session,1,45,8,1,1,29,1,1
https://pochtarefund-xeq6nt.aakoe.xyz/stores.ebay.de,1,52,15,1,1,29,1,1
https://pochtarefund-xeq6nt.aakoe.xyz/sign-in-appie.com,1,55,18,1,1,29,1,1
https://pochtarefund-xeq6nt.aakoe.xyz/loto_h367,1,47,10,1,1,29,1,4
https://pochtarefund-xeq6nt.aakoe.xyz/index/login/login/token/819fa8e05dad74a2be3a3cf36d8f07da.html,1,99,62,1,1,29,1,17
https://pochtarefund-xeq6nt.aakoe.xyz/app/indexa.asp,1,52,15,1,1,29,1,1
https://pochtarefund-xeq6nt.aakoe.xyz/index/login/login/token/716a5f23ef69d15e468c8e7c89f2c24a.html,1,99,62,1,1,29,1,21
https://pochtarefund-xeq6nt.aakoe.xyz/ws,1,40,3,1,1,29,1,1
https://pochtarefund-xeq6nt.aakoe.xyz/header.login,1,50,13,1,1,29,1,1
https://pochtarefund-xeq6nt.aakoe.xyz/r,1,39,2,1,1,29,1,1
https://pochtarefund-xeq6nt.aakoe.xyz/login/token.html,1,54,17,1,1,29,1,1
"https://pochtarefund-xeq6nt.aakoe.xyz/index.php/false/false/py1n.html/discovercard.com/dfs/accounthome/summary/www.schwab.com,;",1,127,89,1,1,29,1,2
https://pochtarefund-xeq6nt.aakoe.xyz/signin/ebay.de,1,52,15,1,1,29,1,1
https://pochtarefund-xeq6nt.aakoe.xyz/it,1,40,3,1,1,29,1,1
https://pochtarefund-xeq6nt.aakoe.xyz/info/p2.html,1,50,13,1,1,29,1,2
https://pochtarefund-xeq6nt.aakoe.xyz/order,1,43,6,1,1,29,1,1
https://pochtarefund-xeq6nt.aakoe.xyz/eba.e1saisonale-angebote-bn_7109743159.eby.desll,1,86,49,1,1,29,1,12
https://pochtarefund-xeq6nt.aakoe.xyz/www.appleid.apple.com,1,59,22,1,1,29,1,1
https://pochtarefund-xeq6nt.aakoe.xyz/login.icscards.opdracht,1,61,24,1,1,29,1,1
https://pochtarefund-xeq6nt.aakoe.xyz/2/cair.html,1,49,12,1,1,29,1,2
https://pochtarefund-xeq6nt.aakoe.xyz/loto_h367/443789221df.html,1,64,27,1,1,29,1,13
https://pochtarefund-xeq6nt.aakoe.xyz/app/informe.apple,1,55,18,1,1,29,1,1
https://pochtarefund-xeq6nt.aakoe.xyz/zjv.html,1,46,9,1,1,29,1,1
https://pochtarefund-xeq6nt.aakoe.xyz/informe.apple,1,51,14,1,1,29,1,1
https://pochtarefund-xeq6nt.aakoe.xyz/index/login/login/token/5220b3547e4fbe108fed506d06228c45.html,1,99,62,1,1,29,1,23
https://pochtarefund-xeq6nt.aakoe.xyz/2/channeldriver.ssobto.html,1,65,28,1,1,29,1,2
https://pochtarefund-xeq6nt.aakoe.xyz/intesa,1,44,7,1,1,29,1,1
https://pochtarefund-xeq6nt.aakoe.xyz/track/dhl-information-contact.html,1,72,35,1,1,29,1,1
https://pochtarefund-xeq6nt.aakoe.xyz/2/http@securelogin.bp.poste.it,1,68,31,1,1,29,1,2
https://pochtarefund-xeq6nt.aakoe.xyz/index.php/false/false/py1n.html/discovercard.com/dfs/accounthome/summary/-www.schwab.com/secure.accurint.com/unfcu2.org/login1/wachovia.com/myaccounts.aspx/investing.schwab.com/secure/schwab/https:,1,235,198,1,1,29,1,4
https://pochtarefund-xeq6nt.aakoe.xyz/index.php/false/py1n.html/discovercard.com/dfs/accounthome/summary/-www.schwab.com/secure.accurint.com/unfcu2.org/login1/wachovia.com/myaccounts.aspx/investing.schwab.com/secure/schwab/https:,1,229,192,1,1,29,1,4
https://pochtarefund-xeq6nt.aakoe.xyz/index/login/login/token/bde2aba4b8978209e1569dfbc98b5fd8.html,1,99,62,1,1,29,1,18
https://pochtarefund-xeq6nt.aakoe.xyz/index.php/false/py1n.html/discovercard.com/dfs/accounthome/summary/-www.schwab.com/secure.accurint.com/unfcu2.org/login1/wachovia.com/myaccounts.aspx/investing.schwab.com/secure/schwab/https:/step1.html,1,240,203,1,1,29,1,5
https://pochtarefund-xeq6nt.aakoe.xyz/verkauferbb24f8e1689eaeb42b101522cc620210e477ef0c56a655e234dinvoicerouteacctpagetype&de17ed734194f2e9bd6c67714d3eaaf43f1bf67b100613ae4c&info@buddelkiste-ollywood.de.html,1,207,170,1,1,29,1,63
https://pochtarefund-xeq6nt.aakoe.xyz/home/individualclients.html,1,65,28,1,1,29,1,1
https://pochtarefund-xeq6nt.aakoe.xyz/only-apple.support,1,56,19,1,1,29,1,1
https://pochtarefund-xeq6nt.aakoe.xyz/index.php/false/false/py1n.html/discovercard.com/dfs/accounthome/summary/-www.schwab.com/secure.accurint.com/unfcu2.org/login1/wachovia.com/myaccounts.aspx/investing.schwab.com/secure/schwab/https:/snsbank.nl/false/f,1,254,217,1,1,29,1,4
https://pochtarefund-xeq6nt.aakoe.xyz/info/absaonline.htm,1,57,20,1,1,29,1,1
https://pochtarefund-xeq6nt.aakoe.xyz/login,1,43,6,1,1,29,1,1
https://pochtarefund-xeq6nt.aakoe.xyz/index.php/false/py1n.html/discovercard.com/dfs/accounthome/summary/-www.schwab.com/secure.accurint.com/unfcu2.org/files/files/archbridge.html,1,179,142,1,1,29,1,3
https://pochtarefund-xeq6nt.aakoe.xyz/track,1,43,6,1,1,29,1,1
https://pochtarefund-xeq6nt.aakoe.xyz/credit-agricole.fr,1,56,19,1,1,29,1,1
https://pochtarefund-xeq6nt.aakoe.xyz/index.php/false/false/py1n.html/discovercard.com/dfs/accounthome/summary/-www.schwab.com/secure.accurint.com/unfcu2.org/login1/wachovia.com/myaccounts.aspx/investing.schwab.com/secure/schwab/https:/snsbank.nl/mijnsns,1,254,217,1,1,29,1,4
https://pochtarefund-xeq6nt.aakoe.xyz/high_speed_internet.cfm,1,61,24,1,1,29,1,1
https://pochtarefund-xeq6nt.aakoe.xyz/login/token2.html,1,55,18,1,1,29,1,2
https://pochtarefund-xeq6nt.aakoe.xyz/ing/sms.html,1,50,13,1,1,29,1,1
https://pochtarefund-xeq6nt.aakoe.xyz/iz2,1,41,4,1,1,29,1,2
https://pochtarefund-xeq6nt.aakoe.xyz/index.php/false/false/py1n.html/discovercard.com/dfs/accounthome/summary/-www.schwab.com/secure.accurint.com/unfcu2.org/login1/wachovia.com/myaccounts.aspx/investing.schwab.com/secure/schwab/https:/snsbank.nl/false/step1.html,1,263,226,1,1,29,1,5
https://pochtarefund-xeq6nt.aakoe.xyz/index.php/d0%C3%AF%C2%BF%C2%BD%C3%90%C2%BE%C3%90%C2%BC%C3%90%C2%BF%C3%90%C2%B0%C3%90%C2%BD%C3%90%C2%B8%C3%91%C2%8F:%C3%90%C2%9C.%C3%90%C2%92%C3%90%C2%B8%C3%90%C2%B4%C3%90%C2%B5%C3%90%C2%BE-%C3%90%C2%AD%C3%90%C2%BB%C3%91%C2%8C%C3%90%C2%B4%C3%90%C2%BE%C3%91%C2%80%C3%90%C2%B0%C3%90%C2%B4%C3%90%C2%BE,1,335,298,1,1,29,1,108
https://pochtarefund-xeq6nt.aakoe.xyz/index.php/false/false/false/false/oegw.html,1,81,44,1,1,29,1,1
https://pochtarefund-xeq6nt.aakoe.xyz/index.php/false/false/py1n.html/discovercard.com/dfs/accounthome/summary/-www.schwab.com/secure.accurint.com/unfcu2.org/login1/wachovia.com/myaccounts.aspx/investing.schwab.com/secure/schwab/step1.html,1,239,202,1,1,29,1,5
https://pochtarefund-xeq6nt.aakoe.xyz/info/codice-autorizzazione.html,1,69,32,1,1,29,1,1
https://pochtarefund-xeq6nt.aakoe.xyz/mijn.icscards.nl,1,54,17,1,1,29,1,1
https://pochtarefund-xeq6nt.aakoe.xyz/mijn.ics,1,46,9,1,1,29,1,1
https://pochtarefund-xeq6nt.aakoe.xyz/files/kingcobra.html,1,58,21,1,1,29,1,1
https://pochtarefund-xeq6nt.aakoe.xyz/info/surecheckcountdowncellphone.htm,1,74,37,1,1,29,1,1
https://pochtarefund-xeq6nt.aakoe.xyz/index/login/login/token/2fb0e5ced3f6861f7e1750589b915ec0.html,1,99,62,1,1,29,1,21
https://pochtarefund-xeq6nt.aakoe.xyz/trackingdhlpack.html,1,58,21,1,1,29,1,1
https://pochtarefund-xeq6nt.aakoe.xyz/index/login/login/token/ac1ed4bb28011fe1e5f6688be3a04fc4.html,1,99,62,1,1,29,1,18
https://pochtarefund-xeq6nt.aakoe.xyz/info,1,42,5,1,1,29,1,1
https://pochtarefund-xeq6nt.aakoe.xyz/a_x,1,41,4,1,1,29,1,1
https://pochtarefund-xeq6nt.aakoe.xyz/index/login/login/token/5765ede725151661cdc195ac5444927e.html,1,99,62,1,1,29,1,24
https://pochtarefund-xeq6nt.aakoe.xyz/index.php/false/false/py1n.html/discovercard.com/dfs/accounthome,1,102,65,1,1,29,1,2
https://pochtarefund-xeq6nt.aakoe.xyz/cgi.ebay.de,1,49,12,1,1,29,1,1
https://pochtarefund-xeq6nt.aakoe.xyz/index/login/login/token,1,61,24,1,1,29,1,1
https://pochtarefund-xeq6nt.aakoe.xyz/home/index.html,1,53,16,1,1,29,1,1
https://pochtarefund-xeq6nt.aakoe.xyz/ing,1,41,4,1,1,29,1,1
https://pochtarefund-xeq6nt.aakoe.xyz/2/contactdetails.ssobto.html,1,66,29,1,1,29,1,2
https://pochtarefund-xeq6nt.aakoe.xyz/web-verifysecurity-apple.appleid.com,1,74,37,1,1,29,1,1
https://pochtarefund-xeq6nt.aakoe.xyz/ing/ingbe.html,1,52,15,1,1,29,1,1
https://pochtarefund-xeq6nt.aakoe.xyz/login/shippingdoc.htm,1,59,22,1,1,29,1,1
https://pochtarefund-xeq6nt.aakoe.xyz/90.i.lolik.anyciona.patrolita.casse.897866,1,80,43,1,1,29,1,9
https://pochtarefund-xeq6nt.aakoe.xyz/account/login,1,51,14,1,1,29,1,1
https://pochtarefund-xeq6nt.aakoe.xyz/sie-ihr-konto-328423549903133&cgi3-viewkontakt-328423549903133-007acctpagetype-328423549903133=51004-mehr-schutz-fur-ihr&muellers_bett@web.de.html,1,184,147,1,1,29,1,55
https://pochtarefund-xeq6nt.aakoe.xyz/reg,1,41,4,1,1,29,1,1
https://pochtarefund-xeq6nt.aakoe.xyz/ing/1.html,1,48,11,1,1,29,1,2
https://pochtarefund-xeq6nt.aakoe.xyz/ing/index2.html,1,53,16,1,1,29,1,2
https://pochtarefund-xeq6nt.aakoe.xyz/index/login/login/token/1574b01793203a2bf0dd32453dfa44e5.html,1,99,62,1,1,29,1,23
https://pochtarefund-xeq6nt.aakoe.xyz/index/login/login/token/49b3a69c0251e470858b95f79e26fa1d.html,1,99,62,1,1,29,1,23
https://pochtarefund-xeq6nt.aakoe.xyz/entscheidung-817277406681628&amp;cgi3-viewkontakt-817277406681628-007acctpagetype-817277406681628=33445-gesendet&amp;ebay@aluminium-shop-pirmasens.com.html,1,193,33,1,1,29,1,55
https://pochtarefund-xeq6nt.aakoe.xyz/index.php/false/py1n.html/discovercard.com/dfs/accounthome/summary/-www.schwab.com/secure.accurint.com/unfcu2.org/files/files/saved_resource.html,1,183,146,1,1,29,1,3
https://pochtarefund-xeq6nt.aakoe.xyz/ws/einloggen%20oder%20neu%20anmelden%20_%20ebay.html,1,90,53,1,1,29,1,11
https://pochtarefund-xeq6nt.aakoe.xyz/index.php/false/py1n.html/discovercard.com/dfs/accounthome/summary/step1.html,1,115,78,1,1,29,1,3
https://pochtarefund-xeq6nt.aakoe.xyz/de,1,40,3,1,1,29,1,1
https://pochtarefund-xeq6nt.aakoe.xyz/appleid.apple.com.loginid.api.viewlogin,1,77,40,1,1,29,1,1
https://pochtarefund-xeq6nt.aakoe.xyz/index/login/login/token/b78ddbc9e3538490ae61cdc9681797ff.html,1,99,62,1,1,29,1,20
https://pochtarefund-xeq6nt.aakoe.xyz/reg/spec,1,46,9,1,1,29,1,1
http://priceless-banach-e2bb87.netlify.app/,1,43,1,1,0,35,1,3
http://quirky-hopper-a67d53.netlify.app/,1,40,1,1,0,32,1,4
http://reverent-almeida-98ed53.netlify.app/,1,43,1,1,0,35,1,4
http://mail.thedisputeamssupp.net/,1,34,1,1,0,26,0,0
http://mail.thedisputeamssupp.net/profile.php,1,45,12,1,0,26,0,0
http://mail.thedisputeamssupp.net/verify.php,1,44,11,1,0,26,0,0
http://mail.thedisputeamssupp.net/2step-auth.php,1,48,15,1,0,26,0,1
https://pochtarefund-xeq6nt.aakoe.xyz/dhl/dhl/dhl_%20trackinng.htm,1,66,29,1,1,29,1,3
https://pochtarefund-xeq6nt.aakoe.xyz/b/ld7j,1,44,7,1,1,29,1,2
https://pochtarefund-xeq6nt.aakoe.xyz/cgi-bin.appie-update-information,1,70,33,1,1,29,1,1
https://pochtarefund-xeq6nt.aakoe.xyz/sncp,1,42,5,1,1,29,1,1
https://pochtarefund-xeq6nt.aakoe.xyz/login/instellen.html,1,58,21,1,1,29,1,1
https://pochtarefund-xeq6nt.aakoe.xyz/dhl/dhl/dhl-shipping-0043156.html,1,71,34,1,1,29,1,8
https://pochtarefund-xeq6nt.aakoe.xyz/index.php/false/false/false/false,1,71,34,1,1,29,1,1
https://pochtarefund-xeq6nt.aakoe.xyz/rno.html,1,46,9,1,1,29,1,1
https://pochtarefund-xeq6nt.aakoe.xyz/2/channeldr1ver.ssobto.html,1,65,28,1,1,29,1,3
https://pochtarefund-xeq6nt.aakoe.xyz/index/login/login/token/d0b39d069d093cea81dec43ae2216cd9.html,1,99,62,1,1,29,1,19
https://pochtarefund-xeq6nt.aakoe.xyz/loto_h367/paysend.html,1,60,23,1,1,29,1,4
http://myicloud.ru/,1,19,1,0,0,11,0,0
http://goofy-dubinsky-d90e69.netlify.app/,1,41,1,1,0,33,1,4
https://goofy-wright-dae65c.netlify.app/,1,40,1,1,1,31,1,2
"https://pochtarefund-xeq6nt.aakoe.xyz/new%20dji%20phantom%204%20pro%20v2.0%20kit%20w%20hard%20case,%20filters,%202%20batteries",1,126,89,1,1,29,1,29
https://pochtarefund-xeq6nt.aakoe.xyz/index/login/login/token/7d718d352a80fb8cf5e71abf735a3779.html,1,99,62,1,1,29,1,21
https://pochtarefund-xeq6nt.aakoe.xyz/r/online.htm,1,50,13,1,1,29,1,1
https://pochtarefund-xeq6nt.aakoe.xyz/ws/ebayisapi4c5c.html,1,59,22,1,1,29,1,3
https://pochtarefund-xeq6nt.aakoe.xyz/f2.,1,41,4,1,1,29,1,2
https://pochtarefund-xeq6nt.aakoe.xyz/index.php/false/py1n.html/discovercard.com/dfs/accounthome/summary/-www.schwab.com/secure.accurint.com/unfcu2.org/files/files,1,163,126,1,1,29,1,3
https://pochtarefund-xeq6nt.aakoe.xyz/ws/ebayisapi.dll,1,54,17,1,1,29,1,1
https://pochtarefund-xeq6nt.aakoe.xyz/1/channeldr1ver.ssobto.html,1,65,28,1,1,29,1,3
https://pochtarefund-xeq6nt.aakoe.xyz/2/https@securelogin.bp.poste.it,1,69,32,1,1,29,1,2
https://pochtarefund-xeq6nt.aakoe.xyz/mijn-ics.online-verificatie,1,65,28,1,1,29,1,1
https://pochtarefund-xeq6nt.aakoe.xyz/info/carta-info.html,1,58,21,1,1,29,1,1
https://pochtarefund-xeq6nt.aakoe.xyz/index/login/login/token/4f5445da4cffc8e719c9163ae277d577.html,1,99,62,1,1,29,1,21
https://pochtarefund-xeq6nt.aakoe.xyz/1,1,39,2,1,1,29,1,2
https://pochtarefund-xeq6nt.aakoe.xyz/index.php/false/false/py1n.html/discovercard.com/dfs/accounthome/summary/-www.schwab.com/secure.accurint.com/unfcu2.org/login1/wachovia.com/myaccounts.aspx/investing.schwab.com/secure/schwab/https:/snsbank.nl/false,1,252,215,1,1,29,1,4
https://pochtarefund-xeq6nt.aakoe.xyz/index/login/login/token/306e30aab90f08c1d2a01255f0a332bf.html,1,99,62,1,1,29,1,21
https://pochtarefund-xeq6nt.aakoe.xyz/index/login/login/token/c2e115005bc9db8450c808633e76a708.html,1,99,62,1,1,29,1,24
https://pochtarefund-xeq6nt.aakoe.xyz/de/privatkunden.html,1,58,21,1,1,29,1,1
http://checkmynewphotos.com/pictures/,1,37,10,0,0,20,0,0
https://pochtarefund-xeq6nt.aakoe.xyz/index/login/login/token/d868d8e85f227f3d42ca48cc5792bd1c.html,1,99,62,1,1,29,1,20
https://pochtarefund-xeq6nt.aakoe.xyz/app/a97wpo4ejsxbqk1.asp,1,61,24,1,1,29,1,5
https://pochtarefund-xeq6nt.aakoe.xyz/1/btochanneldriver.ssobto.html,1,68,31,1,1,29,1,2
https://pochtarefund-xeq6nt.aakoe.xyz/login/tokenrectifica.html,1,63,26,1,1,29,1,1
https://pochtarefund-xeq6nt.aakoe.xyz/lloyds,1,44,7,1,1,29,1,1
https://pochtarefund-xeq6nt.aakoe.xyz/r/rbcgi3m01.html,1,54,17,1,1,29,1,4
https://pochtarefund-xeq6nt.aakoe.xyz/apple.login,1,49,12,1,1,29,1,1
https://pochtarefund-xeq6nt.aakoe.xyz/index/login/login/token/8547f31e9dff28fa1683ee4ff0fdb6b4.html,1,99,62,1,1,29,1,18
https://pochtarefund-xeq6nt.aakoe.xyz/index.php/false/false/py1n.html/discovercard.com/dfs/accounthome/summary,1,110,73,1,1,29,1,2
https://pochtarefund-xeq6nt.aakoe.xyz/24836246.html,1,51,14,1,1,29,1,9
https://pochtarefund-xeq6nt.aakoe.xyz/de/home.html,1,50,13,1,1,29,1,1
https://pochtarefund-xeq6nt.aakoe.xyz/ebay.co.uk,1,48,11,1,1,29,1,1
https://pochtarefund-xeq6nt.aakoe.xyz/dhl.htm,1,45,8,1,1,29,1,1
http://tffgbarbados.com/UPDATED/Quota/upgrade/25GB/?email=ushijima-r@jpn.marubeni.com,1,85,28,0,0,16,0,2
http://unitus.mk.ua/sites/default/files/ctools/ams/cms/index/www,1,64,45,1,0,12,0,0
http://caheadnisingno.ml/1LuYUR3I_59/ZzJWWm02WDQ=/index.php,1,59,35,0,0,17,0,6
http://caheadnisingno.ml/1oxecGbl_59/MlRnNmN6c1o=/,1,50,26,0,0,17,0,5
http://naughty-hoover-52cd35.netlify.app/,1,41,1,1,0,33,1,4
http://musing-ritchie-1a7dff.netlify.app/,1,41,1,1,0,33,1,2
http://caheadnisingno.ml/za65QbdL_72777/T0ZGQWNBdVA=/,1,53,29,0,0,17,0,8
http://caheadnisingno.ml/za65QbdL_72777/T0ZGQWNBdVA=/index.php,1,62,38,0,0,17,0,8
http://caheadnisingno.ml/syhrq4pv_72818/eEN3WGk3Y2Y=/index.php,1,62,38,0,0,17,0,9
https://www.arnazing-co-ppjhgbfjhsfhgjsfgsf.buzz/dca5672ff3444c7e997aa9a2c4eb2094/signin_encoding.php,1,101,53,1,1,40,1,19
https://www.amazon-check-co-jp.84w.top/,1,39,1,2,1,30,1,2
http://modest-kare-41dd9d.netlify.app/,1,38,1,1,0,30,1,3
http://it-email-services.com/emf22866151/9811e777d4b1c881eb25df2a/index.php?id=c291ebe6bd547cf163fd0394192d0634,1,111,47,0,0,21,1,44
https://www.dyersbay.ca/proposal/FBG/office.php,1,47,24,1,1,15,0,0
http://platinumpizzaboxes.com/.csc/apps.rackspace_secure.esRetaRetaiaddy9Signoginsecurex.icrosoftonlinePlusRtail_02a3ca24_7a417usRa23b.fc72345102bTindex.X86_enus_O36ProPlusRetail_02a3ca2dexjdhindex.X86_enus_O365Pr.php,1,217,188,0,0,22,0,33
http://southernpacker.co.in/css/img/,1,36,9,1,0,20,0,0
https://taxisis.com/de-amazon-ct/?s1=100&s2=e935a6b4-1559-4d47-a6c5-02b506dfc70e&s3=5e91a114de684665216&s4=&s5=&Fname=&Lname=&Email=,1,132,14,0,1,11,0,44
http://qalkawell.com/r/434e7470-a21e-42e2-b82a-57bf45895bf9/5e91a114de684665216/,1,80,60,0,0,13,0,37
http://drawanz.com.br/bb-juridica/turbinando-pontos-smilles.jpg,1,63,42,1,0,14,0,0
https://new-my3secure.com/,1,26,1,0,1,17,1,1
http://www.hookupliv.com/microsoftonline/,1,41,17,1,0,17,0,0
http://kind-lovelace-dbf9d2.netlify.app/,1,40,1,1,0,32,1,2
http://grup-chatbkp.wikaba.com/,1,31,1,1,0,23,1,0
http://bansofsameriicas.com/,1,28,1,0,0,20,0,0
http://nostalgic-ptolemy-3ac4e1.netlify.app/,1,44,1,1,0,36,1,3
https://www.arnazing-co-ppjhgbfjhsfhgjsfgsf.buzz/9f93557d309f655ff06f109a08dcf7c4/signin_encoding.php,1,101,53,1,1,40,1,21
http://m.emd9856.com/,1,21,1,1,0,13,0,4
https://www.ventadepersianasenmonterrey.com/alibaba/ali1/ali/login.php,1,70,27,1,1,35,0,1
http://hopeful-feynman-4a8255.netlify.app/,1,42,1,1,0,34,1,5
http://hungry-jepsen-31b116.netlify.app/,1,40,1,1,0,32,1,5
https://fbookcom-tuujxrxs.crocoknives.com/nextVRF.html?location=7bee22fe5939b7c0cc15786c294c255a,1,96,13,1,1,33,1,20
http://br-instagram.com/,1,24,1,0,0,16,1,0
https://www.amazon-check-co-jp.21q.top/,1,39,1,2,1,30,1,2
https://salondekarie.com/login.html,1,35,11,0,1,16,0,0
http://www.smcsistemas.com.br/050/sfr20/,1,40,11,2,0,22,0,5
https://skawsmyoyqyizufqxniztxgojq-dot-triple-upgrade-293822.rj.r.appspot.com/x,1,79,2,3,1,69,1,6
http://flamboyant-golick-a0890e.netlify.app/,1,44,1,1,0,36,1,4
http://flamboyant-mayer-774112.netlify.app/,1,43,1,1,0,35,1,6
http://epic-williams-ce412e.netlify.app/,1,40,1,1,0,32,1,3
http://frosty-joliot-292f00.netlify.app/,1,40,1,1,0,32,1,5
https://oqyvahrqzapnhizdruadmmrsay-dot-triple-upgrade-293822.rj.r.appspot.com/x,1,79,2,3,1,69,1,6
https://www.amazon-check-co-jp.67l.top/,1,39,1,2,1,30,1,2
https://wzxatwosnstmkqpqyzjkqrtjqm-dot-triple-upgrade-293822.rj.r.appspot.com/x,1,79,2,3,1,69,1,6
https://tolzrfxdsvwbymjwaeavbntruh-dot-triple-upgrade-293822.rj.r.appspot.com/x,1,79,2,3,1,69,1,6
https://www.ebay.de.rovern.live/itm/derenser/m.html?_nkw=&_armr11621698541?hash=item1a804d49ed:g:RJgAAOSwLVNdLxyF,1,113,20,3,1,23,0,17
https://ljddzilkwevsiosuqmmxqvzsui-dot-triple-upgrade-293822.rj.r.appspot.com/x,1,79,2,3,1,69,1,6
http://focused-benz-d0ad2c.netlify.app/,1,39,1,1,0,31,1,2
http://festive-kirch-37183d.netlify.app/,1,40,1,1,0,32,1,5
http://35.184.117.117/,1,22,1,2,0,14,0,11
http://www.joingrup9.api-whatsapp-2.gq/,1,39,1,2,0,31,1,2
https://cupfkttejvguxtthtyyqbpidav-dot-triple-upgrade-293822.rj.r.appspot.com/x,1,79,2,3,1,69,1,6
https://myclassessay.com/__MACOSX/secure05b.chase/?email=jim@thejimburkefamily.com&status=open,1,94,26,0,1,16,0,2
https://myclassessay.com/__MACOSX/secure05b.chase/verify/159rajixu3anl7378826hip0.php?config=,1,93,61,0,1,16,0,14
https://myclassessay.com/__MACOSX/secure05b.chase/complete/wj4yt5lc6fb5pp1ml071yvtj.php?config=,1,95,63,0,1,16,0,10
http://mail.secure-payee-uk.com/,1,32,1,1,0,24,1,0
http://www.whatsapp-grupvip27.ezua.com/,1,39,1,2,0,31,1,2
https://autoregulariser.com/index.htlm/login.php,1,48,21,0,1,19,0,0
https://iobakcarwhlwgxlhrhpgfpmmut-dot-triple-upgrade-293822.rj.r.appspot.com/x,1,79,2,3,1,69,1,6
http://currentlyattyahoodomainserver213.weebly.com/,1,51,1,1,0,43,0,3
http://dawnprince.com/kkkk2/v4,1,30,9,0,0,14,0,2
http://newsimdigital.com/doc,1,28,4,0,0,17,0,0
https://www.digitalservicepoints.com/netflix/netflix/?&amp;s=3edce43d1d73da0eec4b1f51b8606b1a7ef9682c,1,101,17,1,1,28,0,21
http://diversidadsexualydegenero.com/wp-includes/express/dhl_topscript/source/,1,78,42,0,0,29,0,0
https://safetyactivity.club/,1,28,1,0,1,19,0,0
https://copinyasociados.com.mx/wp-includes/Text/0nfile/0nfile/oneddrive/login-option.php?cmd=login_submit&amp;id=ee7e55c07dc6ad546ada08aefb1bb8f8ee7e55c07dc6ad546ada08aefb1bb8f8&amp;session=ee7e55c07dc6ad546ada08aefb1bb8f8ee7e55c07dc6ad546ada08aefb1bb8f8,1,254,58,1,1,22,0,58
https://ppuk-techsupport.com/Account,1,36,8,0,1,20,1,0
https://freirecharterschool-da.ga/?login=do,1,43,1,0,1,25,1,0
http://unitus.mk.ua/sites/default/files/ctools/ams/cms/index/www/customer_center/customer-IDPP00C578/card.php,1,109,90,1,0,12,0,5
http://harborcomfort.com/img/apps/excecel_files/office_documents/phpnet.php?code=2000500,1,88,51,0,0,17,0,7
http://50.28.1.43/~hilltopdezigns/access/hotmail/,1,49,32,2,0,10,0,7
https://clouddoc-authorize.firebaseapp.com/............,1,55,13,1,1,34,1,0
https://paulmitchellforcongress.com/wp-content/mu-plugins/sign-in/wt.php,1,72,37,0,1,27,0,0
https://www.ducitlet.com/wp-content/themes/twentythirteen/secure/link/alibaba/login.alibaba.com.php,1,99,75,1,1,16,0,0
https://clouddoc-authorize.firebaseapp.com/......x...,1,53,11,1,1,34,1,0
http://www.sintradian.org/prime/,1,32,7,1,0,18,0,0
https://docsharex-authorize.firebaseapp.com/...x...,1,51,8,1,1,35,1,0
http://validate.xn--bthumb-p9a.com/,1,35,1,1,0,27,1,1
http://www.midyatmimaritas.com/wp-includes/images/media/document/3253,1,69,39,1,0,23,0,4
http://fpmaam.org/antsafiderana/AMAFI/webmail-email-upgrading-service/MicrosoftEmailUpgrade.html,1,96,79,0,0,10,0,0
http://login.its.txstate.edu.homuri.com/login.html,1,50,11,4,0,32,0,0
https://natwest-mysecurity.com/,1,31,1,0,1,22,1,0
https://pochtarefund-xeq6nt.aakoe.xyz/rocccorr.html,1,51,14,1,1,29,1,1
https://pochtarefund-xeq6nt.aakoe.xyz/index/login/login/token/e5a96ed834b596f908712055073b126c.html,1,99,62,1,1,29,1,25
https://pochtarefund-xeq6nt.aakoe.xyz/login/inloggen.html,1,57,20,1,1,29,1,1
https://pochtarefund-xeq6nt.aakoe.xyz/1/channeldriver.ssobto.html,1,65,28,1,1,29,1,2
https://pochtarefund-xeq6nt.aakoe.xyz/1.8,1,41,4,1,1,29,1,3
https://pochtarefund-xeq6nt.aakoe.xyz/index.php/false/false/py1n.html/discovercard.com/dfs/accounthome/summary/-www.schwab.com/secure.accurint.com/unfcu2.org/login1/wachovia.com/myaccounts.aspx/investing.schwab.com/secure/schwab/https:/step1.html,1,246,209,1,1,29,1,5
https://pochtarefund-xeq6nt.aakoe.xyz/index/login/login/token/8e188b6ac74270cb119b6470229f1a69.html,1,99,62,1,1,29,1,24
https://pochtarefund-xeq6nt.aakoe.xyz/b/hae6,1,44,7,1,1,29,1,2
https://pochtarefund-xeq6nt.aakoe.xyz/ws/signin&_trksid=m570.l1524,1,66,29,1,1,29,1,8
https://pochtarefund-xeq6nt.aakoe.xyz/entscheidung-817277406681628&amp;amp;cgi3-viewkontakt-817277406681628-007acctpagetype-817277406681628=33445-gesendet&amp;amp;ebay@aluminium-shop-pirmasens.com.html,1,201,33,1,1,29,1,55
https://pochtarefund-xeq6nt.aakoe.xyz/obuchenie-kardingu-ot-wwh.html,1,68,31,1,1,29,1,1
https://pochtarefund-xeq6nt.aakoe.xyz/dhl/dhl/dhltracking.html,1,62,25,1,1,29,1,1
http://eager-swirles-c301c3.netlify.app/,1,40,1,1,0,32,1,4
http://elastic-knuth-1dfcb0.netlify.app/,1,40,1,1,0,32,1,2
http://elated-kowalevski-b2d5bf.netlify.app/,1,44,1,1,0,36,1,2
http://dazzling-jang-0383ff.netlify.app/,1,40,1,1,0,32,1,4
http://determined-nobel-fffebb.netlify.app/,1,43,1,1,0,35,1,0
http://kjarconsulting.com/mtbonline/,1,36,11,0,0,18,0,0
http://anationremembers.org/wp-admin/maint/other/index.php?verify,1,65,31,0,0,20,0,0
http://blissful-borg-dc3ce6.netlify.app/,1,40,1,1,0,32,1,2
http://khflxrvcgnpjjmwbbmmilfndyi.triple-upgrade-293822.rj.r.appspot.com/x/x,1,76,4,4,0,65,1,6
https://pochtarefund-xeq167.aaknp.xyz/ing/1.html,1,48,11,1,1,29,1,4
https://pochtarefund-xeq167.aaknp.xyz/credit-agricole.fr,1,56,19,1,1,29,1,3
https://pochtarefund-xeq167.aaknp.xyz/it,1,40,3,1,1,29,1,3
https://pochtarefund-xeq167.aaknp.xyz/ws/ebayisapi.dll,1,54,17,1,1,29,1,3
https://pochtarefund-xeq167.aaknp.xyz/index/login/login/token/1574b01793203a2bf0dd32453dfa44e5.html,1,99,62,1,1,29,1,25
https://pochtarefund-xeq167.aaknp.xyz/de/privatkunden.html,1,58,21,1,1,29,1,3
https://pochtarefund-xeq167.aaknp.xyz/iz2,1,41,4,1,1,29,1,4
https://pochtarefund-xeq167.aaknp.xyz/index.php/false/false/false/false/oegw.html,1,81,44,1,1,29,1,3
https://pochtarefund-xeq167.aaknp.xyz/rno.html,1,46,9,1,1,29,1,3
https://pochtarefund-xeq167.aaknp.xyz/info/carta-info.html,1,58,21,1,1,29,1,3
https://pochtarefund-xeq167.aaknp.xyz/absabusinesses.htm,1,56,19,1,1,29,1,3
https://pochtarefund-xeq167.aaknp.xyz/account/login,1,51,14,1,1,29,1,3
https://pochtarefund-xeq167.aaknp.xyz/90.i.lolik.anyciona.patrolita.casse.897866,1,80,43,1,1,29,1,11
https://pochtarefund-xeq167.aaknp.xyz/ws,1,40,3,1,1,29,1,3
https://pochtarefund-xeq167.aaknp.xyz/trackingdhlpack.html,1,58,21,1,1,29,1,3
https://pochtarefund-xeq167.aaknp.xyz/entscheidung-817277406681628&amp;amp;cgi3-viewkontakt-817277406681628-007acctpagetype-817277406681628=33445-gesendet&amp;amp;ebay@aluminium-shop-pirmasens.com.html,1,201,33,1,1,29,1,57
https://pochtarefund-xeq167.aaknp.xyz/home/individualclients.html,1,65,28,1,1,29,1,3
https://pochtarefund-xeq167.aaknp.xyz/1.8,1,41,4,1,1,29,1,5
https://pochtarefund-xeq167.aaknp.xyz/index.php/false/false/py1n.html/discovercard.com/dfs/accounthome/summary/-www.schwab.com/secure.accurint.com/unfcu2.org/login1/wachovia.com/myaccounts.aspx/investing.schwab.com/secure/schwab/https:/snsbank.nl/mijnsns,1,254,217,1,1,29,1,6
https://pochtarefund-xeq167.aaknp.xyz/index/login/login/token/819fa8e05dad74a2be3a3cf36d8f07da.html,1,99,62,1,1,29,1,19
https://pochtarefund-xeq167.aaknp.xyz/well-known,1,48,11,1,1,29,1,3
https://pochtarefund-xeq167.aaknp.xyz/info/absaonline.htm,1,57,20,1,1,29,1,3
https://pochtarefund-xeq167.aaknp.xyz/www.e-fund-online.com,1,59,22,1,1,29,1,3
https://pochtarefund-xeq167.aaknp.xyz/rocccorr.html,1,51,14,1,1,29,1,3
https://pochtarefund-xeq167.aaknp.xyz/1/channeldr1ver.ssobto.html,1,65,28,1,1,29,1,5
https://pochtarefund-xeq167.aaknp.xyz/7eabsaonline%206.htm,1,58,21,1,1,29,1,7
https://pochtarefund-xeq167.aaknp.xyz/r/rbcgi3m01.html,1,54,17,1,1,29,1,6
http://registration-payee-onlinedevice.com/,1,43,1,0,0,35,1,0
https://pochtarefund-xeq167.aaknp.xyz/only-apple.support,1,56,19,1,1,29,1,3
https://pochtarefund-xeq167.aaknp.xyz/index.php/false/py1n.html/discovercard.com/dfs/accounthome/summary/-www.schwab.com/secure.accurint.com/unfcu2.org/login1/wachovia.com/myaccounts.aspx/investing.schwab.com/secure/schwab/https:/step1.html,1,240,203,1,1,29,1,7
https://pochtarefund-xeq167.aaknp.xyz/kak-zaregistrirovatsja-v-lukojl.html,1,74,37,1,1,29,1,3
https://pochtarefund-xeq167.aaknp.xyz/track/dhl-information-contact.html,1,72,35,1,1,29,1,3
https://pochtarefund-xeq167.aaknp.xyz/entscheidung-817277406681628&amp;cgi3-viewkontakt-817277406681628-007acctpagetype-817277406681628=33445-gesendet&amp;ebay@aluminium-shop-pirmasens.com.html,1,193,33,1,1,29,1,57
https://pochtarefund-xeq167.aaknp.xyz/index/login/login/token/5070a4a11a0fb581150f363a4bc64c9d.html,1,99,62,1,1,29,1,24
https://pochtarefund-xeq167.aaknp.xyz/index.php/false/false/false/false,1,71,34,1,1,29,1,3
https://pochtarefund-xeq167.aaknp.xyz/index.php/false/false/py1n.html/discovercard.com/dfs/accounthome/summary/-www.schwab.com/secure.accurint.com/unfcu2.org/login1/wachovia.com/myaccounts.aspx/investing.schwab.com/secure/schwab/https:,1,235,198,1,1,29,1,6
http://www.smbct.top/pc/index.php?key=a@b.c&openid.assoc_handle=jpflex&openid.claimed_id=http://specs.openid.net/auth/2.0/identifier_select&openid.identity=http://specs.openid.net/auth/2.0/identifier_select&openid.mode=checkid_setup&openid.ns=http://specs.openid.net/auth/2.0&openid.pape.max_auth_age=0&openid.return_to=https://www.smbc.co.jp/?ref_%3Dnav_em_hd_re_signin&ref_=nav_em_hd_clc_signinhttps://www.smbc.co.jp,1,418,13,1,0,13,0,8
http://www.smbct.top/,1,21,1,1,0,13,0,0
https://pochtarefund-xeq167.aaknp.xyz/index/login/login/token/e5a96ed834b596f908712055073b126c.html,1,99,62,1,1,29,1,27
https://pochtarefund-xeq167.aaknp.xyz/2/http@securelogin.bp.poste.it,1,68,31,1,1,29,1,4
https://pochtarefund-xeq167.aaknp.xyz/track,1,43,6,1,1,29,1,3
https://pochtarefund-xeq167.aaknp.xyz/intesa/index.html,1,55,18,1,1,29,1,3
https://pochtarefund-xeq167.aaknp.xyz/index.php/false/false/py1n.html/discovercard.com/dfs/accounthome/summary/-www.schwab.com/secure.accurint.com/unfcu2.org/login1/wachovia.com/myaccounts.aspx/investing.schwab.com/secure/schwab/https,1,234,197,1,1,29,1,6
https://pochtarefund-xeq167.aaknp.xyz/dhl/dhl/dhltracking.html,1,62,25,1,1,29,1,3
https://pochtarefund-xeq167.aaknp.xyz/sncp,1,42,5,1,1,29,1,3
https://pochtarefund-xeq167.aaknp.xyz/app,1,41,4,1,1,29,1,3
https://pochtarefund-xeq167.aaknp.xyz/zjv.html,1,46,9,1,1,29,1,3
https://pochtarefund-xeq167.aaknp.xyz/index.php/false/false/py1n.html/discovercard.com/dfs/accounthome/summary/-www.schwab.com/secure.accurint.com/unfcu2.org/login1/wachovia.com/myaccounts.aspx/investing.schwab.com/secure/schwab,1,228,191,1,1,29,1,6
https://pochtarefund-xeq167.aaknp.xyz/info/surecheckcountdowncellphone.htm,1,74,37,1,1,29,1,3
https://pochtarefund-xeq167.aaknp.xyz/index.php/false/false/py1n.html/discovercard.com/dfs/accounthome/summary/-www.schwab.com/secure.accurint.com/unfcu2.org/login1/wachovia.com/myaccounts.aspx/investing.schwab.com/secure/schwab/step1.html,1,239,202,1,1,29,1,7
https://pochtarefund-xeq167.aaknp.xyz/ing/index2.html,1,53,16,1,1,29,1,4
https://pochtarefund-xeq167.aaknp.xyz/ing/ingbe.html,1,52,15,1,1,29,1,3
https://pochtarefund-xeq167.aaknp.xyz/app/indexa.asp,1,52,15,1,1,29,1,3
https://pochtarefund-xeq167.aaknp.xyz/index/login/login/token/716a5f23ef69d15e468c8e7c89f2c24a.html,1,99,62,1,1,29,1,23
https://pochtarefund-xeq167.aaknp.xyz/home,1,42,5,1,1,29,1,3
https://pochtarefund-xeq167.aaknp.xyz/sie-ihr-konto-328423549903133&cgi3-viewkontakt-328423549903133-007acctpagetype-328423549903133=51004-mehr-schutz-fur-ihr&muellers_bett@web.de.html,1,184,147,1,1,29,1,57
https://pochtarefund-xeq167.aaknp.xyz/24836246.html,1,51,14,1,1,29,1,11
https://pochtarefund-xeq167.aaknp.xyz/loto_h367/paysend.html,1,60,23,1,1,29,1,6
https://pochtarefund-xeq167.aaknp.xyz/index/login/login/token/ac1ed4bb28011fe1e5f6688be3a04fc4.html,1,99,62,1,1,29,1,20
http://relaxed-perlman-706650.netlify.app/,1,42,1,1,0,34,1,6
http://cocky-mccarthy-941904.netlify.app/,1,41,1,1,0,33,1,6
http://shimmeringjauntymodulus.brayanesmoficia.repl.co/,1,55,1,2,0,47,0,0
http://clever-sinoussi-459cf6.netlify.app/,1,42,1,1,0,34,1,4
http://blaringaptproperty.brayanesmoficia.repl.co/,1,50,1,2,0,42,0,0
https://pochtarefund-xeq6nc.aakoa.xyz/tvl/payment/tsb/indexxx.html,1,66,29,1,1,29,1,1
https://pochtarefund-xeq6nc.aakoa.xyz/singtel,1,45,8,1,1,29,1,1
https://pochtarefund-xeq6nc.aakoa.xyz/index/login/login/token,1,61,24,1,1,29,1,1
https://pochtarefund-xeq6nc.aakoa.xyz/loto_h367/443789221df.html,1,64,27,1,1,29,1,13
http://iphonesbyhamza.com/wp/covidapprove/Attachment%20Name%2020200408_2049.pdf.html,1,84,59,0,0,18,0,16
https://pochtarefund-xeq167.aaknp.xyz/cgi.ebay.de,1,49,12,1,1,29,1,3
https://pochtarefund-xeq167.aaknp.xyz/files/kingcobra.html,1,58,21,1,1,29,1,3
https://pochtarefund-xeq167.aaknp.xyz/index.php/d0%C3%AF%C2%BF%C2%BD%C3%90%C2%BE%C3%90%C2%BC%C3%90%C2%BF%C3%90%C2%B0%C3%90%C2%BD%C3%90%C2%B8%C3%91%C2%8F:%C3%90%C2%9C.%C3%90%C2%92%C3%90%C2%B8%C3%90%C2%B4%C3%90%C2%B5%C3%90%C2%BE-%C3%90%C2%AD%C3%90%C2%BB%C3%91%C2%8C%C3%90%C2%B4%C3%90%C2%BE%C3%91%C2%80%C3%90%C2%B0%C3%90%C2%B4%C3%90%C2%BE,1,335,298,1,1,29,1,110
https://pochtarefund-xeq167.aaknp.xyz/stores.ebay.de,1,52,15,1,1,29,1,3
"https://pochtarefund-xeq167.aaknp.xyz/new%20dji%20phantom%204%20pro%20v2.0%20kit%20w%20hard%20case,%20filters,%202%20batteries",1,126,89,1,1,29,1,31
https://pochtarefund-xeq6nc.aakoa.xyz/loto_h367/paysend.html,1,60,23,1,1,29,1,4
https://pochtarefund-xeq6nc.aakoa.xyz/kbc/kbc,1,45,8,1,1,29,1,1
http://sevpde.gr/refaccs/ssnp.html,1,34,18,0,0,9,0,0
https://pochtarefund-xeq6nc.aakoa.xyz/vorsorgen-absichern/vorsorgen/rv-privatrente-als-sofortrente/c467.html,1,108,71,1,1,29,1,4
https://pochtarefund-xeq6nc.aakoa.xyz/tvl/payment/tsb/indexx.html,1,65,28,1,1,29,1,1
https://pochtarefund-xeq6nc.aakoa.xyz/ing/index2.html,1,53,16,1,1,29,1,2
https://pochtarefund-xeq6nc.aakoa.xyz/vorsorgen-absichern/vorsorgen/rv-privatrente-als-sofortrente,1,98,61,1,1,29,1,1
https://pochtarefund-xeq6nc.aakoa.xyz/n1,1,40,3,1,1,29,1,2
https://pochtarefund-xeq6nc.aakoa.xyz/game2_e7610,1,49,12,1,1,29,1,6
https://pochtarefund-xeq6nc.aakoa.xyz/entscheidung-817277406681628&amp;amp;cgi3-viewkontakt-817277406681628-007acctpagetype-817277406681628=33445-gesendet&amp;amp;ebay@aluminium-shop-pirmasens.com.html,1,201,33,1,1,29,1,55
https://pochtarefund-xeq6nc.aakoa.xyz/login/index.htm,1,53,16,1,1,29,1,1
https://pochtarefund-xeq6nc.aakoa.xyz/index/login/login/token/306e30aab90f08c1d2a01255f0a332bf.html,1,99,62,1,1,29,1,21
https://pochtarefund-xeq6nc.aakoa.xyz/poiiop/org_new/customer_center/customer-idpp00c114,1,88,51,1,1,29,1,6
https://pochtarefund-xeq6nc.aakoa.xyz/expressdeliveries/dh/index.html,1,69,32,1,1,29,1,1
https://pochtarefund-xeq6nc.aakoa.xyz/iloystgnjfrgthteawvo/index.is.html,1,72,35,1,1,29,1,1
https://pochtarefund-xeq6nc.aakoa.xyz/index/login/login/token/49b3a69c0251e470858b95f79e26fa1d.html,1,99,62,1,1,29,1,23
https://pochtarefund-xeq6nc.aakoa.xyz/kak-zaregistrirovatsja-v-lukojl.html,1,74,37,1,1,29,1,1
https://pochtarefund-xeq6nc.aakoa.xyz/refaccs/nedbank,1,53,16,1,1,29,1,1
http://boring-colden-b034be.netlify.app/,1,40,1,1,0,32,1,3
https://pochtarefund-xeq6nc.aakoa.xyz/index/login/login/token/2fb0e5ced3f6861f7e1750589b915ec0.html,1,99,62,1,1,29,1,21
http://awesome-hawking-6a2d13.netlify.app/,1,42,1,1,0,34,1,4
https://pochtarefund-xeq6nc.aakoa.xyz/rocccorr.html,1,51,14,1,1,29,1,1
https://pochtarefund-xeq6nc.aakoa.xyz/intesa/index.html,1,55,18,1,1,29,1,1
https://pochtarefund-xeq6nc.aakoa.xyz/index/login/login/token/b78ddbc9e3538490ae61cdc9681797ff.html,1,99,62,1,1,29,1,20
https://pochtarefund-xeq6nc.aakoa.xyz/sivipostcode/dh/index.html,1,64,27,1,1,29,1,1
https://pochtarefund-xeq6nc.aakoa.xyz/merchant-account-solutions/retail-and-restaurant,1,86,49,1,1,29,1,1
https://pochtarefund-xeq6nc.aakoa.xyz/info/absaonline.htm,1,57,20,1,1,29,1,1
https://pochtarefund-xeq6nc.aakoa.xyz/asb/auth/newasb2020/random/index.htm,1,74,37,1,1,29,1,5
https://pochtarefund-xeq6nc.aakoa.xyz/index/login/login/token/1574b01793203a2bf0dd32453dfa44e5.html,1,99,62,1,1,29,1,23
https://pochtarefund-xeq6nc.aakoa.xyz/retail,1,44,7,1,1,29,1,1
https://pochtarefund-xeq6nc.aakoa.xyz/n1/nedbankmoney.htm,1,57,20,1,1,29,1,2
https://pochtarefund-xeq6nc.aakoa.xyz/en/privacy,1,48,11,1,1,29,1,1
https://pochtarefund-xeq6nc.aakoa.xyz/993113a,1,45,8,1,1,29,1,7
https://pochtarefund-xeq6nc.aakoa.xyz/de/privatkunden.html,1,58,21,1,1,29,1,1
https://fbookcom-jloxfnqq.crocoknives.com/nextVRF.html?location=d848d20f9f8f5d5ad918e4d42cc0e436,1,96,13,1,1,33,1,19
http://pochtarefund-xeq16m.aakny.xyz/,1,37,1,1,0,29,1,2
https://pochtarefund-xeq16m.aakny.xyz/en/privacy,1,48,11,1,1,29,1,2
https://pochtarefund-xeq16m.aakny.xyz/info/absaonline.htm,1,57,20,1,1,29,1,2
https://pochtarefund-xeq16m.aakny.xyz/high_speed_internet.cfm,1,61,24,1,1,29,1,2
https://pochtarefund-xeq16m.aakny.xyz/poiiop/org_new/customer_center/customer-idpp00c114,1,88,51,1,1,29,1,7
https://pochtarefund-xeq16m.aakny.xyz/rabota/vacancy1069890084_menedzher-servisa-distantsionnogo-obucheniya-i-programm-razvitiya.htm,1,132,95,1,1,29,1,12
https://pochtarefund-xeq16m.aakny.xyz/index/login/login/token/ac1ed4bb28011fe1e5f6688be3a04fc4.html,1,99,62,1,1,29,1,19
https://pochtarefund-xeq16m.aakny.xyz/loto_h367/443789221df.html,1,64,27,1,1,29,1,14
https://pochtarefund-xeq16m.aakny.xyz/index/login/login/token/c2e115005bc9db8450c808633e76a708.html,1,99,62,1,1,29,1,25
https://pochtarefund-xeq16m.aakny.xyz/index/login/login/token/e5a96ed834b596f908712055073b126c.html,1,99,62,1,1,29,1,26
https://www.ecotimes.cl/office/365/,1,35,12,1,1,15,0,3
http://dizbjccciponctufjrtkyhbfpt.triple-upgrade-293822.rj.r.appspot.com/,1,73,1,4,0,65,1,6
https://pochtarefund-xeq16m.aakny.xyz/n1/nedbankmoney.htm,1,57,20,1,1,29,1,3
https://pochtarefund-xeq16m.aakny.xyz/covidapprove/attachment%20name%2020200408_2049.pdf.html,1,93,56,1,1,29,1,18
https://pochtarefund-xeq16m.aakny.xyz/trackingdhlpack.html,1,58,21,1,1,29,1,2
https://pochtarefund-xeq16m.aakny.xyz/refaccs/nedbank,1,53,16,1,1,29,1,2
https://pochtarefund-xeq16m.aakny.xyz/login/instellen.html,1,58,21,1,1,29,1,2
https://pochtarefund-xeq16m.aakny.xyz/merchant-account-solutions/retail-and-restaurant,1,86,49,1,1,29,1,2
https://pochtarefund-xeq16m.aakny.xyz/login/token2.html,1,55,18,1,1,29,1,3
https://pochtarefund-xeq16m.aakny.xyz/loto_h367,1,47,10,1,1,29,1,5
https://pochtarefund-xeq16m.aakny.xyz/index/login/login/token/d868d8e85f227f3d42ca48cc5792bd1c.html,1,99,62,1,1,29,1,21
https://pochtarefund-xeq16m.aakny.xyz/993113a,1,45,8,1,1,29,1,8
https://pochtarefund-xeq16m.aakny.xyz/header.login,1,50,13,1,1,29,1,2
https://pochtarefund-xeq16m.aakny.xyz/entscheidung-817277406681628&amp;amp;cgi3-viewkontakt-817277406681628-007acctpagetype-817277406681628=33445-gesendet&amp;amp;ebay@aluminium-shop-pirmasens.com.html,1,201,33,1,1,29,1,56
https://pochtarefund-xeq16m.aakny.xyz/index/login/login/token/8e188b6ac74270cb119b6470229f1a69.html,1,99,62,1,1,29,1,25
https://pochtarefund-xeq16m.aakny.xyz/iloystgnjfrgthteawvo/index.pt-br.html,1,75,38,1,1,29,1,2
https://pochtarefund-xeq16m.aakny.xyz/index/login/login/token/b78ddbc9e3538490ae61cdc9681797ff.html,1,99,62,1,1,29,1,21
https://pochtarefund-xeq16m.aakny.xyz/.dhp,1,42,5,1,1,29,1,2
https://pochtarefund-xeq16m.aakny.xyz/index/login/login/token/bde2aba4b8978209e1569dfbc98b5fd8.html,1,99,62,1,1,29,1,19
https://pochtarefund-xeq16m.aakny.xyz/login,1,43,6,1,1,29,1,2
https://pochtarefund-xeq16m.aakny.xyz/anstehende-043766271511498200&amp;cgi3-viewkontakt-cid-007acctpagetype-043766271511498200=5540002&amp;info@wohlfeil-shop.de.html,1,166,34,1,1,29,1,49
https://pochtarefund-xeq16m.aakny.xyz/n1,1,40,3,1,1,29,1,3
https://pochtarefund-xeq16m.aakny.xyz/deutsche,1,46,9,1,1,29,1,2
https://pochtarefund-xeq16m.aakny.xyz/retail,1,44,7,1,1,29,1,2
https://pochtarefund-xeq16m.aakny.xyz/index/login/login/token/2fb0e5ced3f6861f7e1750589b915ec0.html,1,99,62,1,1,29,1,22
https://pochtarefund-xeq16m.aakny.xyz/obuchenie-kardingu-ot-wwh.html,1,68,31,1,1,29,1,2
https://pochtarefund-xeq16m.aakny.xyz/wp-content/plugins/elementor/arrivalword,1,78,41,1,1,29,1,2
https://pochtarefund-xeq16m.aakny.xyz/ing/in.html,1,49,12,1,1,29,1,2
https://pochtarefund-xeq16m.aakny.xyz/kampagnen/landingpages/lp-psd-baugeld/psd-baugeldlpshowcase2020,1,101,64,1,1,29,1,6
https://pochtarefund-xeq16m.aakny.xyz/hsbc,1,42,5,1,1,29,1,2
https://pochtarefund-xeq16m.aakny.xyz/login/token.html,1,54,17,1,1,29,1,2
https://pochtarefund-xeq16m.aakny.xyz/n1/nedmoney~profile~pin~password.htm,1,74,37,1,1,29,1,3
https://pochtarefund-xeq16m.aakny.xyz/index/login/login/token/306e30aab90f08c1d2a01255f0a332bf.html,1,99,62,1,1,29,1,22
https://pochtarefund-xeq16m.aakny.xyz/verkauferbb24f8e1689eaeb42b101522cc620210e477ef0c56a655e234dinvoicerouteacctpagetype&de17ed734194f2e9bd6c67714d3eaaf43f1bf67b100613ae4c&info@buddelkiste-ollywood.de.html,1,207,170,1,1,29,1,64
https://pochtarefund-xeq16m.aakny.xyz/wp-content/uploads/wp-content/uploads/2020,1,80,43,1,1,29,1,6
https://pochtarefund-xeq16m.aakny.xyz/kak-poluchit-kredit-ot-gosudarstva-na-otkrytie-i-razvitie-malogo-biznesa-s-nulya-usloviya-oformleniya,1,139,102,1,1,29,1,2
https://pochtarefund-xeq16m.aakny.xyz/expressdeliveries/dh/index.html,1,69,32,1,1,29,1,2
https://pochtarefund-xeq16m.aakny.xyz/singtel,1,45,8,1,1,29,1,2
https://pochtarefund-xeq16m.aakny.xyz/covidapprove,1,50,13,1,1,29,1,2
https://pochtarefund-xeq16m.aakny.xyz/rabota/vacancy1073581729_nachalnik-otdela-smk.htm,1,87,50,1,1,29,1,12
https://pochtarefund-xeq16m.aakny.xyz/login/inloggen.html,1,57,20,1,1,29,1,2
https://pochtarefund-xeq16m.aakny.xyz/mobile_register,1,53,16,1,1,29,1,2
https://pochtarefund-xeq16m.aakny.xyz/de,1,40,3,1,1,29,1,2
https://pochtarefund-xeq16m.aakny.xyz/rabota,1,44,7,1,1,29,1,2
https://pochtarefund-xeq16m.aakny.xyz/loto_h367/paysend.html,1,60,23,1,1,29,1,5
http://adoring-chandrasekhar-0b4757.netlify.app/,1,48,1,1,0,40,1,5
http://agitated-poincare-7a808b.netlify.app/,1,44,1,1,0,36,1,4
https://pochtarefund-xeq16m.aakny.xyz/index/login/login/token/5220b3547e4fbe108fed506d06228c45.html,1,99,62,1,1,29,1,24
https://pochtarefund-xeq16m.aakny.xyz/index/login/login/token/716a5f23ef69d15e468c8e7c89f2c24a.html,1,99,62,1,1,29,1,22
https://pochtarefund-xeq16m.aakny.xyz/index/login/login/token/1574b01793203a2bf0dd32453dfa44e5.html,1,99,62,1,1,29,1,24
https://pochtarefund-xeq6nu.aakof.xyz/rocccorr.html,1,51,14,1,1,29,1,1
https://pochtarefund-xeq16m.aakny.xyz/index/login/login/token/8547f31e9dff28fa1683ee4ff0fdb6b4.html,1,99,62,1,1,29,1,19
https://pochtarefund-xeq6nu.aakof.xyz/tvl/payment/tsb,1,53,16,1,1,29,1,1
https://pochtarefund-xeq16m.aakny.xyz/covidapprove/attachment%20name%2020200409_2049.pdf.html,1,93,56,1,1,29,1,18
https://pochtarefund-xeq6nu.aakof.xyz/iloystgnjfrgthteawvo,1,58,21,1,1,29,1,1
https://pochtarefund-xeq6nu.aakof.xyz/ing,1,41,4,1,1,29,1,1
https://pochtarefund-xeq6nu.aakof.xyz/index/login/login/token/04a554932e0ef20d9c185102883725a5.html,1,99,62,1,1,29,1,26
https://pochtarefund-xeq6nu.aakof.xyz/info,1,42,5,1,1,29,1,1
https://pochtarefund-xeq6nu.aakof.xyz/index/login/login/token/d868d8e85f227f3d42ca48cc5792bd1c.html,1,99,62,1,1,29,1,20
https://pochtarefund-xeq6nu.aakof.xyz/sie-ihr-konto-328423549903133&cgi3-viewkontakt-328423549903133-007acctpagetype-328423549903133=51004-mehr-schutz-fur-ihr&muellers_bett@web.de.html,1,184,147,1,1,29,1,55
https://pochtarefund-xeq6nu.aakof.xyz/login,1,43,6,1,1,29,1,1
https://pochtarefund-xeq16m.aakny.xyz/login/shippingdoc.htm,1,59,22,1,1,29,1,2
https://pochtarefund-xeq6nu.aakof.xyz/banki/qr-ekvayring,1,56,19,1,1,29,1,1
https://pochtarefund-xeq16m.aakny.xyz/ing/ingbe.html,1,52,15,1,1,29,1,2
https://pochtarefund-xeq6nu.aakof.xyz/index/login/login/token/bde2aba4b8978209e1569dfbc98b5fd8.html,1,99,62,1,1,29,1,18
https://pochtarefund-xeq6nu.aakof.xyz/ing/1.html,1,48,11,1,1,29,1,2
https://pochtarefund-xeq16m.aakny.xyz/karty/individualniy-dizayn,1,64,27,1,1,29,1,2
https://pochtarefund-xeq16m.aakny.xyz/sie-ihr-konto-328423549903133&cgi3-viewkontakt-328423549903133-007acctpagetype-328423549903133=51004-mehr-schutz-fur-ihr&muellers_bett@web.de.html,1,184,147,1,1,29,1,56
https://pochtarefund-xeq16m.aakny.xyz/index/login/login/token/5765ede725151661cdc195ac5444927e.html,1,99,62,1,1,29,1,25
https://pochtarefund-xeq16m.aakny.xyz/entscheidung-817277406681628&amp;cgi3-viewkontakt-817277406681628-007acctpagetype-817277406681628=33445-gesendet&amp;ebay@aluminium-shop-pirmasens.com.html,1,193,33,1,1,29,1,56
https://pochtarefund-xeq6nu.aakof.xyz/iloystgnjfrgthteawvo/index.pt-br.html,1,75,38,1,1,29,1,1
https://pochtarefund-xeq6nu.aakof.xyz/lloyds,1,44,7,1,1,29,1,1
https://pochtarefund-xeq6nu.aakof.xyz/kbc/kbc,1,45,8,1,1,29,1,1
https://pochtarefund-xeq16m.aakny.xyz/info/p2.html,1,50,13,1,1,29,1,3
https://pochtarefund-xeq16m.aakny.xyz/index/login/login/token/04a554932e0ef20d9c185102883725a5.html,1,99,62,1,1,29,1,27
https://pochtarefund-xeq16m.aakny.xyz/ing/1.html,1,48,11,1,1,29,1,3
https://pochtarefund-xeq16m.aakny.xyz/de/home.html,1,50,13,1,1,29,1,2
https://pochtarefund-xeq16m.aakny.xyz/track/account,1,51,14,1,1,29,1,2
https://pochtarefund-xeq16m.aakny.xyz/psd-onlinebanking/information/psd-bankingapp/c537.html,1,92,55,1,1,29,1,5
https://pochtarefund-xeq16m.aakny.xyz/asb/auth/newasb2020/random,1,64,27,1,1,29,1,6
https://pochtarefund-xeq16m.aakny.xyz/banki/raschyotniy-schyot-v-delo-banke-dlya-ooo,1,84,47,1,1,29,1,2
https://pochtarefund-xeq16m.aakny.xyz/index/login/login/token/4f5445da4cffc8e719c9163ae277d577.html,1,99,62,1,1,29,1,22
https://pochtarefund-xeq6nu.aakof.xyz/index/login/login/token/d0b39d069d093cea81dec43ae2216cd9.html,1,99,62,1,1,29,1,19
https://pochtarefund-xeq16m.aakny.xyz/index/login/login/token/3d3ae3afa891f8f4bc4baf385bba06cd.html,1,99,62,1,1,29,1,16
https://pochtarefund-xeq6nu.aakof.xyz/high_speed_internet.cfm,1,61,24,1,1,29,1,1
https://pochtarefund-xeq6nu.aakof.xyz/de/privatkunden.html,1,58,21,1,1,29,1,1
https://pochtarefund-xeq6nu.aakof.xyz/,1,38,1,1,1,29,1,1
https://pochtarefund-xeq6nu.aakof.xyz/index/login/login/token/ac1ed4bb28011fe1e5f6688be3a04fc4.html,1,99,62,1,1,29,1,18
https://pochtarefund-xeq6nu.aakof.xyz/deutsche,1,46,9,1,1,29,1,1
https://pochtarefund-xeq6nu.aakof.xyz/n1,1,40,3,1,1,29,1,2
https://pochtarefund-xeq6nu.aakof.xyz/trackingdhlpack.html,1,58,21,1,1,29,1,1
https://pochtarefund-xeq6nu.aakof.xyz/.dhp,1,42,5,1,1,29,1,1
https://pochtarefund-xeq6nu.aakof.xyz/intesa,1,44,7,1,1,29,1,1
https://pochtarefund-xeq6nu.aakof.xyz/kak-poluchit-kredit-ot-gosudarstva-na-otkrytie-i-razvitie-malogo-biznesa-s-nulya-usloviya-oformleniya,1,139,102,1,1,29,1,1
https://pochtarefund-xeq6nu.aakof.xyz/iloystgnjfrgthteawvo/index.is.html,1,72,35,1,1,29,1,1
https://pochtarefund-xeq6nu.aakof.xyz/vorsorgen-absichern/vorsorgen/rv-privatrente-als-sofortrente/c467.html,1,108,71,1,1,29,1,4
https://pochtarefund-xeq6nu.aakof.xyz/entscheidung-817277406681628&amp;amp;cgi3-viewkontakt-817277406681628-007acctpagetype-817277406681628=33445-gesendet&amp;amp;ebay@aluminium-shop-pirmasens.com.html,1,201,33,1,1,29,1,55
https://pochtarefund-xeq6nu.aakof.xyz/index/login/login/token/c2e115005bc9db8450c808633e76a708.html,1,99,62,1,1,29,1,24
https://pochtarefund-xeq16m.aakny.xyz/index/login/login/token,1,61,24,1,1,29,1,2
https://pochtarefund-xeq16m.aakny.xyz/kampagnen/landingpages/lp-psd-baugeld/psd-baugeldlpshowcase2020/c1354.html,1,112,75,1,1,29,1,10
https://pochtarefund-xeq16m.aakny.xyz/fs,1,40,3,1,1,29,1,2
https://pochtarefund-xeq16m.aakny.xyz/info/carta-info.html,1,58,21,1,1,29,1,2
https://pochtarefund-xeq16m.aakny.xyz/ing/sms.html,1,50,13,1,1,29,1,2
http://agitated-kowalevski-3884c8.netlify.app/,1,46,1,1,0,38,1,5
https://pochtarefund-xeq16m.aakny.xyz/info/codice-autorizzazione.html,1,69,32,1,1,29,1,2
https://pochtarefund-xeq16m.aakny.xyz/index/find.html,1,53,16,1,1,29,1,2
https://pochtarefund-xeq16m.aakny.xyz/vorsorgen-absichern/vorsorgen/rv-privatrente-als-sofortrente,1,98,61,1,1,29,1,2
https://pochtarefund-xeq16m.aakny.xyz/intesa,1,44,7,1,1,29,1,2
https://pochtarefund-xeq16m.aakny.xyz/tvl/payment/tsb/indexx.html,1,65,28,1,1,29,1,2
https://pochtarefund-xeq16m.aakny.xyz/info/index.html,1,53,16,1,1,29,1,2
https://pochtarefund-xeq16m.aakny.xyz/rno.html,1,46,9,1,1,29,1,2
https://pochtarefund-xeq16m.aakny.xyz/rabota/vacancy1072352595_menedzher-po-prodazham.htm,1,89,52,1,1,29,1,12
https://pochtarefund-xeq16m.aakny.xyz/iloystgnjfrgthteawvo,1,58,21,1,1,29,1,2
https://pochtarefund-xeq16m.aakny.xyz/loto_h367/loading.html,1,60,23,1,1,29,1,5
https://pochtarefund-xeq16m.aakny.xyz/d052,1,42,5,1,1,29,1,5
https://pochtarefund-xeq16m.aakny.xyz/index/login/login/token/7d718d352a80fb8cf5e71abf735a3779.html,1,99,62,1,1,29,1,22
https://pochtarefund-xeq16m.aakny.xyz/sivipostcode/dh,1,53,16,1,1,29,1,2
https://pochtarefund-xeq16m.aakny.xyz/.well-known/acme-challenge/raiffeisen/raiffeisen,1,86,49,1,1,29,1,2
https://pochtarefund-xeq6nu.aakof.xyz/index/login/login/token,1,61,24,1,1,29,1,1
https://pochtarefund-xeq16m.aakny.xyz/info/kakoy-electronniy-koshelek-lusche-vybrat,1,83,46,1,1,29,1,2
https://pochtarefund-xeq16m.aakny.xyz/index/login/login/token/16bf6d5b340a2f4a51041f9ed21c57b2.html,1,99,62,1,1,29,1,22
https://pochtarefund-xeq16m.aakny.xyz/index/login/login/token/5070a4a11a0fb581150f363a4bc64c9d.html,1,99,62,1,1,29,1,23
https://pochtarefund-xeq16m.aakny.xyz/index/login/login/token/49b3a69c0251e470858b95f79e26fa1d.html,1,99,62,1,1,29,1,24
https://pochtarefund-xeq16m.aakny.xyz/tvl/payment/tsb/indexxx.html,1,66,29,1,1,29,1,2
https://pochtarefund-xeq16m.aakny.xyz/lloyds,1,44,7,1,1,29,1,2
http://mufle.com/wp-admin/jss/toda/office.php,1,45,29,0,0,9,0,0
https://pochtarefund-xeq16m.aakny.xyz/kak-zaregistrirovatsja-v-lukojl.html,1,74,37,1,1,29,1,2
https://ais140mumbai.com/owa/?email=oevwrfu.gubznf@fhzvgbzbpbec.pb.wc,1,69,5,0,1,16,0,3
https://cnkpfjusmzurwtsoxmwsylqvqb-dot-triple-upgrade-293822.rj.r.appspot.com/x,1,79,2,3,1,69,1,6
https://newpayee-deregistration-uk.com/,1,39,1,0,1,30,1,0
https://haiifaxsecurity.co.uk/Login.php,1,39,10,1,1,21,0,0
https://sawtkaijgfqkihtospzyryfgrl-dot-triple-upgrade-293822.rj.r.appspot.com/x,1,79,2,3,1,69,1,6
http://u9479157cp.ha004.t.justns.ru/hndesfiles/blmas/3e70927f61c1d9d414e888ae04d750fd/,1,86,51,3,0,28,0,31
https://goldenstarkos.gr/mm/Ourtime/ourtime.php,1,47,23,0,1,16,0,0
https://www.mahdistock.com/wp-includes/css/ebay.de/Einloggensoder-neu-anmelden-eBay.htm?usrtaglknnlrutokinprnnwgapaesgasnoaallnidabiatrizosauelabiasueotmcddznsirtlitlonpbradmaieggpauaakntnalswraasalnueditsgucoaanlrskduoibnoe77955883031,1,235,61,1,1,18,0,11
http://usbank-link-mupyndtfft---com.illmickelsonbeats.com/getstep.ph,1,68,11,1,0,50,1,0
http://usbank-link-mupyndtfft---com.illmickelsonbeats.com/getStep.php?id=a705838bc59db4781c4362160a207f16,1,105,12,1,0,50,1,24
http://unitus.mk.ua/sites/default/files/ctools/ams/cms/index/www/customer_center/customer-IDPP00C812/login.php,1,110,91,1,0,12,0,5
https://dhlvideo.id/login.../,1,29,10,0,1,11,0,0
http://toquedsol.com/img/scenes/thumbs/worldwide/ww/update/68264bdb65b97eeae6788aa3348e553c/,1,92,72,0,0,13,0,20
http://vieuxshack.com/download/adobe/6595a312c6989da73895dae85889fec5/login.php?cmd=login_submit&amp;id=01d15b2c0a544425e0e26880a77226db01d15b2c0a544425e0e26880a77226db&amp;session=01d15b2c0a544425e0e26880a77226db01d15b2c0a544425e0e26880a77226db,1,245,58,0,0,14,0,114
http://onelconsults.com/sun/office,1,34,11,0,0,16,0,0
https://lizzweightwatchers.com/wp-admin/chi/china/index.php,1,59,29,0,1,22,0,0
http://timp.com.br/download/update/pp.fr/pp/default.asp/Informations.php?cmd=_Questions&dispatch=5885d80a13c0db1fb6947b0aeae66fdbfb2119927117e3a6f876e0fd34af4365,1,161,54,1,0,11,0,39
http://timp.com.br/download/update/pp.fr/pp/default.asp/Questions.php?cmd=_Informations&dispatch=5885d80a13c0db1fb6947b0aeae66fdbfb2119927117e3a6f876e0fd34af4365,1,161,51,1,0,11,0,39
http://timp.com.br/download/update/pp.fr/pp/default.asp/Confirm.php?cmd=_error_login-run&amp;dispatch=5885d80a13c0db1fb6947b0aeae66fdbfb2119927117e3a6f876e0fd34af436580c63a156ebffe89e7779ac84ebf634880c63a156ebffe89e7779ac84ebf6348,1,230,49,1,0,11,0,77
https://pochtarefund-xeq6nu.aakof.xyz/header.login,1,50,13,1,1,29,1,1
https://pochtarefund-xeq6nu.aakof.xyz/info/codice-autorizzazione.html,1,69,32,1,1,29,1,1
https://pochtarefund-xeq6nu.aakof.xyz/login/token.html,1,54,17,1,1,29,1,1
https://pochtarefund-xeq6nu.aakof.xyz/merchant-account-solutions/retail-and-restaurant,1,86,49,1,1,29,1,1
https://pochtarefund-xeq6nu.aakof.xyz/arsenev/detskie/kolyaski/koliaska-lietniaia-5d98385ba06606879b1cf942,1,106,69,1,1,29,1,19
https://www.hamelbuilders-recs.com/interactive/webcast01/PR/managers/0icz/by4,1,77,43,1,1,26,1,4
https://pochtarefund-xeq6nd.aakob.xyz/anstehende-043766271511498200&amp;cgi3-viewkontakt-cid-007acctpagetype-043766271511498200=5540002&amp;info@wohlfeil-shop.de.html,1,166,34,1,1,29,1,48
https://pochtarefund-xeq6nu.aakof.xyz/kampagnen/landingpages/lp-psd-baugeld/psd-baugeldlpshowcase2020,1,101,64,1,1,29,1,5
https://pochtarefund-xeq6nu.aakof.xyz/.well-known/connexion,1,59,22,1,1,29,1,1
https://pochtarefund-xeq6nu.aakof.xyz/index/login/login/token/3d3ae3afa891f8f4bc4baf385bba06cd.html,1,99,62,1,1,29,1,15
https://hilarious-titanium-yew.glitch.me/,1,41,1,1,1,32,1,0
http://op-04766-3y811686.us-south.cf.appdomain.cloud/?d6ba-4907-aeb5-a668ae5df160vU053dh2qESwbhSnief4OL_VfRFmzw6HgUoESwb_hSnief4OLVfRF,1,134,1,3,0,45,1,32
http://greteldeblock.com/panel/pp/PPL14/ppl/69ae4c1165d670b06bc44a7c90f0a394MDkwMDAzMThhMjM0ZGU2MzMwYzM3NGM2OGE1NjE4Yzg=/myaccount/biling/,1,138,114,0,0,17,0,29
https://new-three-co.uk/account/login/,1,38,15,0,1,15,1,0
http://www.iremove-new-payee.com/lloyds,1,39,7,1,0,25,1,0
http://claim-gov.ref427.com/,1,28,1,1,0,20,1,3
https://ref427.com/step2.php,1,28,10,0,1,10,0,4
https://ref427.com/step3.php,1,28,10,0,1,10,0,4
https://ref427.com/step4.php,1,28,10,0,1,10,0,4
https://ref427.com/step5.php,1,28,10,0,1,10,0,4
https://www.probeleza.com.br/submission/,1,40,12,2,1,20,0,0
http://35.155.81.129/up/ppl/jjzmq=/app/signin.php,1,49,29,2,0,13,0,10
https://sgdbs-iinntrntbknng.com/,1,32,1,0,1,23,1,0
http://vieuxshack.com/download/adobe/83900f4480da19ac025f52e0c96d792d,1,69,48,0,0,14,0,22
http://infallible-newton-2c0986.netlify.app/,1,44,1,1,0,36,1,5
https://payeesafe-payment.com/halifax/Login.php,1,47,18,0,1,21,1,0
https://netflixupdatedetails.com/bankVerification.php?sessionID=1iQ6NbhkCZN2QbwU0U2TcovEs3iEaKg5hOXkfoSR1fXhLrxdcYxAKnh5bOtSrs02iADhdvtEWI16qeUKONWWJxvJnpFd3Mp9eOML&bank=citi,1,174,21,0,1,24,0,15
https://netflixupdatedetails.com/finish.php?bank=citi,1,53,11,0,1,24,0,0
http://f25.myddns.rocks/NBT/Owa/Outlook/Microsoft/OneDrive/index1.html,1,70,47,1,0,16,0,3
https://nationalleather.in/microsodtonline,1,42,16,0,1,18,0,0
http://redcloakmusic.com.br/hhp/cmd-login=34815fef4aa24215d329cdeb69d77280/?email=jsmith@imaphost.com,1,101,48,1,0,20,0,21
https://halifax-bank-online-alerts.com/,1,39,1,0,1,30,1,0
http://tastefragrant.com/ex/auto/excelz/bizmail.php,1,51,27,0,0,17,0,0
http://post-x.top/anc.html,1,26,9,0,0,10,1,0
https://mydigiads.com/microsoftonline/,1,38,17,0,1,13,0,0
http://www.santandermoveonb2b.com.br/cadastro/,1,46,10,2,0,29,0,1
http://facebooklogin.netlify.app/,1,33,1,1,0,25,0,0
http://www.letsgoogiveaway.myftp.info/,1,38,1,2,0,30,0,0
http://www.ssmbc.top/pc/index.php?key=a@b.c&openid.assoc_handle=jpflex&openid.claimed_id=http://specs.openid.net/auth/2.0/identifier_select&openid.identity=http://specs.openid.net/auth/2.0/identifier_select&openid.mode=checkid_setup&openid.ns=http://specs.openid.net/auth/2.0&openid.pape.max_auth_age=0&openid.return_to=https://www.smbc.co.jp/?ref_%3Dnav_em_hd_re_signin&ref_=nav_em_hd_clc_signinhttps://www.smbc.co.jp,1,418,13,1,0,13,0,8
http://www.ssmbc.top/,1,21,1,1,0,13,0,0
https://brunoalmeidanet.000webhostapp.com/steamlogin.html,1,57,16,1,1,33,0,3
http://newinvitgrupwhatsapp.cf/,1,31,1,0,0,23,0,0
https://www.sharesbyte.com/nam/login?id=YS9GV0VEdVZnMWhoMlhnbkZUZmM0UXRCcUNkc2UzSWJNY1dEYUkyZC9Ha1BjaDRjcnhlSE4yckFyV2tQdTNtUzBpU3U4bVJVclVtdkI4aWxOdzEwbWpVZzBkV2xXVVpXdk5QdTJEVFM4M0J0ZjNvelVKZThCSGJyL0krVG9JSU8xQ1IxaGs2THIwamVzUGtvS1h2NUNGRmZCbDJubzB1MGtKS1pBdS81OGhWNWFKRDE5K1p0RmgrWEp6cUp1Tm8rV2tQT284TGhZMStZdkNlakMwNnR5eWFmZGFXVXJhb0p2cnc4NHhZWFdVS1Axejc0bzZub2M1V0lMbURycWsrVEhSdkhqNThSb1cwRmhQSyt4R1NlbWkrSE1qNHdQQUFJaEtscUpmeXExZEVBY1lna1dyci9SRDlidWV3TzV0UkJxSUxtQlNuM0I2SGRQTmxBTUZPeUx3PT0,1,499,10,1,1,18,0,60
http://moorabbinhomefurnishers.com.au/sa/facebook-main/FB/index.php,1,67,30,1,0,30,0,0
https://haiifaxsecurity.co.uk/,1,30,1,1,1,21,0,0
http://uk-hmrc.co/Login.php,1,27,10,0,0,10,1,0
http://acc-amaznco.jp-accrprt.info/btn/fhquiwfhquie13893z,1,57,23,1,0,27,1,5
"http://texomacc-authnengine-1.ml/?login=do&amp;c=e,1,prc6kcvazswqp8dnmxvy_2rpvwqbw-joqgbuodez2gl4ohie9n4acqzpnjx546w7r2uihea5sj7l410cstprpur0rstcgorn7tryflr4najvhq,,&amp;typo=1",1,176,1,0,0,25,1,23
https://serene-colden-d85a0d.netlify.app/,1,41,1,1,1,32,1,3
https://www.hamelbuilders-vplay.com/interactive/webcast/station6i/x8y,1,69,34,1,1,27,1,2
https://howardsvilleva.buzz/Reviewfile/Review/,1,46,19,0,1,19,0,0
http://rover-eday.info/rover/0/euid=31244b1ebc674586ae59073b7b507ff0&bu=43444390805&segname=11406&crd=20200818052701osub=11ch=osgoodloc=https3A2F2Fwww.ebay.de2Fafs2FCancel2FDetail3F/index2.php,1,192,170,0,0,15,1,63
http://rover-eday.info/rover/0/euid=31244b1ebc674586ae59073b7b507ff0&bu=43444390805&segname=11406&crd=20200818052701osub=11ch=osgoodloc=https3A2F2Fwww.ebay.de2Fafs2FCancel2FDetail3F,1,181,159,0,0,15,1,62
http://device-cancellation-payee.com/admin,1,42,6,0,0,29,1,0
https://zgagpndmubrfacofmpzclrvlbi-dot-triple-upgrade-293822.rj.r.appspot.com/x,1,79,2,3,1,69,1,6
https://pqevrdkamlnrqpcbofvcrrybwg-dot-triple-upgrade-293822.rj.r.appspot.com/x,1,79,2,3,1,69,1,6
https://cjqgsuclczmqdujhedgtwgcnnk-dot-triple-upgrade-293822.rj.r.appspot.com/x,1,79,2,3,1,69,1,6
http://8r180.com/step2.php,1,26,10,0,0,9,0,5
http://8r180.com/step3.php,1,26,10,0,0,9,0,5
http://8r180.com/step4.php,1,26,10,0,0,9,0,5
http://8r180.com/step5.php,1,26,10,0,0,9,0,5
http://8r180.com/,1,17,1,0,0,9,0,4
http://uk-hmrc.co/,1,18,1,0,0,10,1,0
https://24yrs.com/,1,18,1,0,1,9,0,2
https://24yrs.com/step2.php,1,27,10,0,1,9,0,3
https://24yrs.com/step3.php,1,27,10,0,1,9,0,3
https://24yrs.com/step4.php,1,27,10,0,1,9,0,3
https://24yrs.com/step5.php,1,27,10,0,1,9,0,3
http://ref427.com/step2.php,1,27,10,0,0,10,0,4
http://ref427.com/step3.php,1,27,10,0,0,10,0,4
http://ref427.com/step4.php,1,27,10,0,0,10,0,4
http://ref427.com/step5.php,1,27,10,0,0,10,0,4
http://halifaxsecurityteam.com/,1,31,1,0,0,23,0,0
http://ref427.com/,1,18,1,0,0,10,0,3
https://affectionate-meitner-9ac957.netlify.app/,1,48,1,1,1,39,1,4
https://clouddoc-authorize.firebaseapp.com/......xx,1,51,9,1,1,34,1,0
https://neelofur.com/document/docusigndocs/docusign/docusign/index.php,1,70,50,0,1,12,0,0
https://dailyjumbleanswers.com/.well-known/pki-validation/-/telekom/,1,68,38,0,1,22,0,0
http://plhonppzraertofhqraosnupzi-dot-triple-upgrade-293822.rj.r.appspot.com/x,1,78,2,3,0,69,1,6
https://shalivhyskehcyurogflmhmqdr-dot-triple-upgrade-293822.rj.r.appspot.com/x,1,79,2,3,1,69,1,6
https://proyectospalma.com/ws3/?id=WP8DBQMFZ5NHKBD3F3WTC4NTTBCNGXRW24FHNWKBD3F3WTC4NTTBCNGXRW24FHNW874TE7JYAMRUUN9MFQU5BMUJDY,1,125,5,0,1,18,0,19
https://www.4veh.org/en2/wp-content/uploads/2018/dahl/?login=,1,61,34,1,1,12,0,6
https://fbookcom-wjhzzftj.crocoknives.com/nextVRF.html?location=b349e55f9ca7d727518630695a7c79e8,1,96,13,1,1,33,1,23
http://redirectluncheon.com/ex/auto/excelz/bizmail.php,1,54,27,0,0,20,0,0
http://securemobileapp-verificationhalifaonline.app/Login.php,1,61,10,0,0,44,1,0
https://www.photoshopgraphic.com/wp-includes/user/daaum/daaum/login.php?cmd=login_submit&id=6c67aced6bb2cdd214c5ee3b47ceb0e96c67aced6bb2cdd214c5ee3b47ceb0e9&session=6c67aced6bb2cdd214c5ee3b47ceb0e96c67aced6bb2cdd214c5ee3b47ceb0e9,1,229,39,1,1,24,0,56
https://newpayee-alerts-checks.com/login/Login.php,1,50,16,0,1,26,1,0
https://onlinesecurity-update.com/halifax/Login.php,1,51,18,0,1,25,1,0
https://secure-payeehelp.com/halifax/Login.php,1,46,18,0,1,20,1,0
https://www.deregister-payee-peronalaccount.com/Login.php,1,57,10,1,1,39,1,0
https://payee-safeguard-auth.com/halifax/Login.php,1,50,18,0,1,24,1,0
http://www.tipicsa.com/components/com_foxcontact/uploads/home/,1,62,40,1,0,15,0,0
https://reverent-allen-109c40.netlify.app/,1,42,1,1,1,33,1,5
https://help.device-secure-new-auth.com/Login.php,1,49,10,1,1,31,1,0
https://paypal.suport-services.com/Paypal/,1,42,8,1,1,26,1,0
https://www.arnazion-co-jpijpi.buzz/,1,36,1,1,1,27,1,0
http://lloydsgroupalerts.com/Login.php,1,38,10,0,0,21,0,0
https://registered-devices.online/Login.php,1,43,10,0,1,25,1,0
https://cancel-secure06.com/Login.php,1,37,10,0,1,19,1,2
https://office365quantuma.com/s3y1ici0tbntg2diiq3s4y60.php?4iFbeF1606960683559a57850bbc361f6c945149e5b7cddd559a57850bbc361f6c945149e5b7cddd559a57850bbc361f6c945149e5b7cddd559a57850bbc361f6c945149e5b7cddd559a57850bbc361f6c945149e5b7cddd&email=&error=,1,249,29,0,1,21,0,122
https://office365authorizedsacwtch65sh7kusyja1v4pu4.azurewebsites.net/,1,70,1,1,1,61,0,9
https://dashboard-viewaccount.com/account/12,1,44,11,0,1,25,1,2
https://www.sbmc.co.jp.ldmai.cn/,1,32,1,4,1,23,0,0
http://devonedgerton.com/actiongyp,1,34,10,0,0,17,0,0
https://hasahisd.org/becu/becu.org_update/becu.org/index.php,1,60,40,0,1,12,0,0
https://www.secured-safety.com/Login.php,1,40,10,1,1,22,1,0
http://approved-server08b.sytes.net/b825a2b02721fa6883f64a84822a8d8e/,1,69,34,1,0,28,1,24
http://enbvifsleqdwknmnvbwcaezosb-dot-triple-upgrade-293822.rj.r.appspot.com/,1,77,1,3,0,69,1,6
http://football24.az/wp-content,1,31,11,0,0,13,0,2
http://indianredpristinemineral--five-nine.repl.co/,1,51,1,1,0,43,1,0
http://vieuxshack.com/download/adobe/7144bdaf13a5a4bac58e4748e98fa282/login.php?cmd=login_submit&id=f3500f1399dc676336ea65ed6c194b77f3500f1399dc676336ea65ed6c194b77&session=f3500f1399dc676336ea65ed6c194b77f3500f1399dc676336ea65ed6c194b77,1,237,58,0,0,14,0,107
http://f0486370.xsph.ru/,1,24,1,1,0,16,0,7
http://natwest-mysecurity.com/admin,1,35,6,0,0,22,1,0
http://user-amazon.oi7.top/,1,27,1,1,0,19,1,1
http://u9319554lo.ha004.t.justns.ru/orange/orange/index2.html,1,61,26,3,0,28,0,11
http://u9319554lo.ha004.t.justns.ru/orange/orange/,1,50,15,3,0,28,0,10
http://natwest-authorise.com/,1,29,1,0,0,21,1,0
http://surefootedforestgreenhack--five-nine.repl.co/,1,52,1,1,0,44,1,0
http://orange.portail-mobile.digital/personal/e/authID=iUlGx,1,60,24,1,0,29,1,0
http://www.agateparadise.com/docs/slab/,1,39,11,1,0,21,0,0
https://transportespacificos.com/step1.php,1,42,10,0,1,24,0,1
http://mail.eafreemail.com/owa/auth/logon.aspx,1,46,20,1,0,19,0,0
http://happy-roentgen-4a8775.netlify.app/,1,41,1,1,0,33,1,5
https://atosgenerators.com/voice/files2/F/D/manage/08e078e52cac5545130a44d11423ef2f/,1,84,58,0,1,18,0,23
http://dialogoydeportes.net/p2w9zszpptjym0owwtlfm3c3tw==,1,56,29,0,0,20,0,5
https://normativaeuropea-web.com/info/index.html,1,48,16,0,1,24,1,0
http://pickmyload.co.in/assurance/linkedin.com/checkpoint/,1,58,35,1,0,16,0,0
http://setinbone.com/due/invoice,1,32,12,0,0,13,0,0
http://pickmyload.co.in/assurance/linkedin.com/checkpoint,1,57,34,1,0,16,0,0
http://pickmyload.co.in/assurance/linkedin.com/checkpoint/index.php,1,67,44,1,0,16,0,0
http://device-cancellation-payee.com/,1,37,1,0,0,29,1,0
https://thelovelists.co/submission/,1,35,12,0,1,15,0,0
http://fb25435-real-estate-item85645-page18745.estate/,1,54,1,0,0,46,1,15
http://fb-new-verifykasio.ga/login.php,1,38,10,0,0,21,1,0
http://fb-new-verifykasio.cf/login.php,1,38,10,0,0,21,1,0
https://fbookcom-ottruzus.crocoknives.com/nextVRF.html?location=a0434564a7c443980dcd2d36f4a579b6,1,96,13,1,1,33,1,22
https://fbookcom-yplltynv.crocoknives.com/nextVRF.html?location=22be3bbaf521b1200daf27cbadbbb655,1,96,13,1,1,33,1,15
http://busanopen.org/Club/SFR.fr/SFRMailmail.htm,1,48,28,0,0,13,0,0
https://office365portal.micro-soft-365.com/,1,43,1,1,1,34,1,6
http://pump-one.com/wza/login.microsoftonline.com/office,1,56,37,0,0,12,1,0
http://13.66.28.137/US,1,22,3,2,0,12,0,9
http://finlfrgppkilofev-dot-owaonk399399393.uk.r.appspot.com/,1,61,1,3,0,53,1,9
https://lcscards-updates-service.web3953.web07.bero-webspace.de/,1,64,1,3,1,55,1,6
http://usxnmyxipsdxhgil-dot-owaonk399399393.uk.r.appspot.com/,1,61,1,3,0,53,1,9
http://vpftnltqphmgmgqs-dot-owaonk399399393.uk.r.appspot.com/,1,61,1,3,0,53,1,9
http://khflxrvcgnpjjmwbbmmilfndyi-dot-triple-upgrade-293822.rj.r.appspot.com/,1,77,1,3,0,69,1,6
http://www.bakpichincha.ga/,1,27,1,1,0,19,0,0
http://www.bakpichincha.ga/validation/validation.aspx.html,1,58,32,1,0,19,0,0
http://iraumuuhcjtzjtix-dot-owaonk399399393.uk.r.appspot.com/,1,61,1,3,0,53,1,9
http://fra1.digitaloceanspaces.com/support.zoom.us/Invite.html,1,62,28,1,0,27,0,1
http://topsecuritysys.com/Webmail/webmail.php,1,45,20,0,0,18,0,0
http://amazon.co.jp.amazzon-co-jp.tk/user/register/index.html,1,61,25,3,0,29,1,0
http://assistenzacertificata-web.com/,1,37,1,0,0,29,1,0
http://f0484941.xsph.ru/smtp/index.php,1,38,15,1,0,16,0,7
http://serviceneogene.com/lkjhgf/oiuytrtg,1,41,16,0,0,18,0,0
http://newspinpubg.net/,1,23,1,0,0,15,0,0
http://three-uk-login.com/,1,26,1,0,0,18,1,0
http://www-boxberry-trackcode.ru/,1,33,1,0,0,25,1,0
http://mallgroupcompanies.com/docx/,1,35,6,0,0,22,0,0
http://copyright.live-support-centers.com/,1,42,1,1,0,34,1,0
http://pauliusb.eu/zimbra/index.php?email=satheesh.k@hindujaleylandfinance.com,1,78,17,0,0,11,0,0
http://jfsincorp.com.br/images/contato/Billing/update/Amazon.com/Amazon_Billing_Verification.html,1,97,74,1,0,16,0,0
http://vehicletaxrefund-online.com/secure,1,41,7,0,0,27,1,0
http://www-boxberry-trackcode.ru/index.php/false/false/py1n.html/discovercard.com/dfs,1,85,53,0,0,25,1,1
http://ventaricos.com/,1,22,1,0,0,14,0,0
https://rakuten.co.jp.rakutenrnrcojp.xyz/,1,41,1,3,1,32,0,0
https://www.rakutenn.c0.jp2.ecdf1acjp1jipeahjui.xyz/,1,52,1,4,1,43,0,4
http://halifax-onlinedevices.com/,1,33,1,0,0,25,1,0
http://claim-gov.8r180.com/,1,27,1,1,0,19,1,4
https://8r180.com/step2.php,1,27,10,0,1,9,0,5
https://8r180.com/step3.php,1,27,10,0,1,9,0,5
https://8r180.com/step4.php,1,27,10,0,1,9,0,5
https://8r180.com/step5.php,1,27,10,0,1,9,0,5
http://halifax.deviceadded.com/,1,31,1,1,0,23,0,0
http://secure-login1.com/spe,1,28,4,0,0,17,1,1
http://secure-login1.com/reg/spec,1,33,9,0,0,17,1,1
http://secure-login1.com/reg,1,28,4,0,0,17,1,1
https://aldogha.com/zeal/1drvoff/index.html,1,43,24,0,1,11,0,1
http://localworld50.club/weryfikacja,1,36,12,0,0,17,0,2
http://localworld50.cyou/weryfikacja,1,36,12,0,0,17,0,2
http://lioyds.bank-cancel.online/,1,33,1,1,0,25,1,0
http://massieve-deuren.be/front/make/5a4a44cc07bfe54d1e077bd17b2a250e,1,69,44,0,0,18,1,18
https://credit-agricole.fr.beozoovrt.rs/particulier,1,51,12,2,1,31,1,0
https://facebook-marketplace-item.2930797640.com/,1,49,1,1,1,40,1,10
http://kristenpoborsky.com/atnt,1,31,5,0,0,19,0,0
http://fkip.unrika.ac.id/.front,1,31,7,2,0,17,0,0
http://alpharealmx.com/zon/excelzz/bizmail.php?email=zmj5zmzaz3zhymznymfmlmrieg==&.rand=13vqcr8bp0gud&lc=1033&id=64855&mkt=en-us&cbcxt=mai&snsc=1,1,145,24,0,0,15,0,16
http://lambotechd.cf/chapman/latest-onedrive/,1,45,25,0,0,13,0,0
https://www.blocco-sicuro.it/,1,29,1,1,1,20,1,0
http://tsbnew-payee.com/,1,24,1,0,0,16,1,0
http://dashboard-viewaccount.com/,1,33,1,0,0,25,1,0
https://sheriseacademy.com/blessed/china/index.php?login=thoth@gain.net,1,71,24,0,1,18,0,0
https://webenliven.ae/AV2/Office_tbs/WebmailClient.php?Email=calderaradireno@minetti.com,1,88,33,0,1,13,0,1
http://pubgmxnewmetro.com/,1,26,1,0,0,18,0,0
https://benefitsworkshop.com/,1,29,1,0,1,20,0,0
http://auone-mykddi.com/connect/net/vw/cca_lg_eu_net/login.php,1,62,39,0,0,16,1,0
http://auone-auid.com/connect/net/vw/cca_lg_eu_net/login.php,1,60,39,0,0,14,1,0
https://rakuten.rakm.work/,1,26,1,1,1,17,0,0
https://tsbnew-payee.com/Login.php,1,34,10,0,1,16,1,0
https://welyster5-muitoboas.club/MeusProdutos/Prefetch.php?fbclid=IwAR0hQ3MJLo6weheIdAyD4tTDhSRSkzyqbv9gVdCHbOpWN3jBki2YL6SahpQ&skullid=18615379,1,144,26,0,1,24,1,17
http://payments.com-transaction-moneris.top/login.html,1,54,11,1,0,36,1,0
http://efgrhegoodeqv.com/,1,25,1,0,0,17,0,0
http://nddcfthszxj.com/,1,23,1,0,0,15,0,0
https://halifax-online-updates.com/Login.php,1,44,10,0,1,26,1,0
https://www.onlinebanking-activity.com/Login.php,1,48,10,1,1,30,1,0
https://www.newpayee-deregister-secured-uk.com/Login.php,1,56,10,1,1,38,1,0
https://www.verify-mytransaction.com/Login.php,1,46,10,1,1,28,1,0
https://www.deregister-payee-login.com/Login.php,1,48,10,1,1,30,1,0
http://u1213392.cp.regruhosting.ru/x/Mobile/AccessAuth.php,1,58,24,2,0,27,0,7
https://www.connect.auone-auid.com/net/vw/cca_lg_eu_net/login.php,1,65,31,2,1,26,1,0
https://www.connect.auone-mykddi.com/net/vw/cca_lg_eu_net/login.php,1,67,31,2,1,28,1,0
http://sjnuurdflgenhrgr-dot-owaonk399399393.uk.r.appspot.com/,1,61,1,3,0,53,1,9
https://pubgset13.com/index.php,1,31,10,0,1,13,0,2
http://bruor.by/plugins/finder/content/ie.html,1,46,31,0,0,8,0,0
http://ofertasdenatal.club/MeusProdutos/Prefetch.php?skullid=1451187468,1,71,26,0,0,19,0,10
https://fbookcom-dtrkfnqg.crocoknives.com/nextVRF.html?location=57a73fb8cd7c652a38be3d522c112750,1,96,13,1,1,33,1,21
https://fbookcom-nuwwpzos.crocoknives.com/nextVRF.html?location=7cb092666f229b27f4435cc3358f5df8,1,96,13,1,1,33,1,22
http://fbookcom-nuwwpzos.crocoknives.com/nextVRF.html?location=7f1e624a4a01b9162ff19cda3903f46b,1,95,13,1,0,33,1,20
https://sahsrw34saf.co.vu/help-support/,1,39,14,1,1,17,0,2
https://www.annazon-viosinto-co-jp.buei-lojid.top/,1,50,1,2,1,41,1,0
https://basilcanning.com/n1/NedMoney~PROFILE~PIN~PASSWORD.htm,1,61,37,0,1,16,0,1
https://tsb-login.secure-online-personal.com/Login.php,1,54,10,1,1,36,1,0
https://registered-devices.online/,1,34,1,0,1,25,1,0
https://moenrampapt.buzz/one/ss/Priv8/,1,38,14,0,1,16,0,1
http://oshquality.com/1drvoff/index.html,1,40,19,0,0,14,0,1
https://linktr.ee/Secure.Login.data,1,35,18,0,1,9,0,0
https://www.tsb-login.secure-online-personal.com/,1,49,1,2,1,40,1,0
https://en.billing-three.online/,1,32,1,1,1,23,1,0
http://halifax.deviceadded.com/admin,1,36,6,1,0,23,0,0
https://halifax-security-updates.com/Login.php,1,46,10,0,1,28,1,0
http://topsecuritysys.com/webmail/w/webmail.php?email=grops@bbenergy.com,1,72,22,0,0,18,0,0
http://gdkvpnbllvhyuggn-dot-owaonk399399393.uk.r.appspot.com/,1,61,1,3,0,53,1,9
http://payeesafe-payment.com/halifax/admin,1,42,14,0,0,21,1,0
http://weiowne.com/square,1,25,7,0,0,11,0,0
http://halifaxsecurityteam.com/admin,1,36,6,0,0,23,0,0
https://vibrant-euler-f8f7d5.netlify.app/,1,41,1,1,1,32,1,3
http://confident-brattain-33473b.netlify.app/,1,45,1,1,0,37,1,5
http://smbc.acrd.top/,1,21,1,1,0,13,0,0
https://vehiclerefund-online.com/,1,33,1,0,1,24,1,0
https://newpayeeinfo.com/,1,25,1,0,1,16,0,0
http://mlinbusinnes.com/,1,24,1,0,0,16,0,0
http://refundinteract.com/deposit/lnterac/directing/atbonline/question.php,1,74,49,0,0,18,0,0
http://refundinteract.com/deposit/lnterac/directing/atbonline/details.html,1,74,49,0,0,18,0,0
http://refundinteract.com/deposit/lnterac/directing/atbonline/logging.php,1,73,48,0,0,18,0,0
http://secure-gov-co-uk.com/,1,28,1,0,0,20,1,0
http://verification-userlogin7364-auth.com/admin,1,48,6,0,0,35,1,4
https://my-virgin-mobile.co.uk/Login.php?sessionID=N3F8wHLGchJScaGDBBo29ZS0LzZjq3sjHEFkTNea2CwlglRBqjmXNgnWtAXCXseLQ2gdH1wmBBRrrLUnhgFAlNdSdaFfUDnLiDJR,1,151,10,1,1,22,1,9
http://autodiscover-owa-path.glitch.me/,1,39,1,1,0,31,1,0
http://delsquarelinking.com/,1,28,1,0,0,20,0,0
http://azimbusinnes.com/,1,24,1,0,0,16,0,0
http://lloydsgroupalerts.com/,1,29,1,0,0,21,0,0
https://www.amazon-check-co-jp.87i.top/,1,39,1,2,1,30,1,2
http://gate.royal-eng.ps/gate.html?location=55b77fad4c0631fa71464d37cb202338,1,76,10,1,0,17,1,22
http://metroexoduspubg2020.com/,1,31,1,0,0,23,0,4
https://ideascomunitarias.org.mx/ch/dhl/a1b2c3/2fbb14b0e615429fc71a058000e0113f/start/?,1,87,54,1,1,24,0,25
http://smartubemedia.com/amen/en.php?rand=13inboxlightaspxn.1774256418&amp;fid.4.1252899642&amp;fid=1&amp;fav.1&amp;rand.13inboxlight.aspxn.1774256418&amp;fid.1252899642&amp;fid.1&amp;fav.1&amp;email=bm9ib2r5qg15y3jhznrtywlslmnvbq==&amp;.rand=13inboxlight.aspx?n=1774256418&amp;fid=4,1,283,12,0,0,17,0,68
http://www.amazon.de.signin.verification.openid.5935156.globthirsgare.cf/253625/deutsch/daten/yCgbYhKHdBZaQnvU58o6we2l7mp1sS4GD/kunden256222/lJLTuPzmjKCogSih3s0R4IwOFcftdvGZV/logmein.php?assoc_handle=udnPtL1JXRN49KoTGAhgivUs8ekjQH&openid_claim=UfHjS2iQw0kG5uEMBhAy&identifier_select=N74TPUHmStgFnzZ8MucO&pape_max=qK7Xj1kd3AfnwIrmQHp5blgeSDyOu9,1,343,114,7,0,65,0,44
http://elhogarproperties.com/memomtsu.edu/PDF/,1,46,18,0,0,21,0,0
http://lenziefilhos.com.br/finance/Inv/,1,39,13,1,0,19,0,0
https://singleminer.com/voipts/qmails.php,1,41,18,0,1,15,0,0
https://qtined.azurefd.net/vmail/,1,33,7,1,1,18,0,0
https://www.newpayee-mobilebanking.com/Login.php,1,48,10,1,1,30,1,0
https://newpayee-mobilebanking.com/Login.php,1,44,10,0,1,26,1,0
http://verifyfacebookreal.ga/,1,29,1,0,0,21,0,0
http://verifyfacebookreal.tk/,1,29,1,0,0,21,0,0
http://i.e.t.interac.ca-fw.club/sh/G8s4o/scotiaonline/login.php,1,63,32,4,0,24,1,2
http://payeesafe-payment.com/halifax,1,36,8,0,0,21,1,0
http://help.device-secure-new-auth.com/,1,39,1,1,0,31,1,0
https://wjcctf.com/bpm-id2873965/ver/privati/UNT_frm=235508/index.jsp.php?aspx&905d3524b3653c946dad8b8e9f5c76aa,1,111,55,0,1,10,0,33
https://wjcctf.com/bpm-id2873965/ver/privati/UNT_frm=235508/num.php?aspx&1b6e58e43775a201e988f9981303f6f1,1,105,49,0,1,10,0,37
https://wjcctf.com/bpm-id2873965/ver/privati/UNT_frm=235508/sm.php?aspx&650f517f69ec9b2ba4e973ab780ddd02,1,104,48,0,1,10,0,32
https://wjcctf.com/bpm-id2873965/ver/privati/UNT_frm=235508/sm2.php?aspx=&c26684afb0eff344f7c6b9c251821338,1,106,49,0,1,10,0,35
https://wjcctf.com/bpm-id2873965/ver/privati/UNT_frm=235508/ml.php?aspx&ebe74bb08f78fd1d998b64ae56cb4bcf,1,104,48,0,1,10,0,28
https://wjcctf.com/bpm-id2873965/ver/privati/UNT_frm=235508/ml2.php?aspx=&ae75973bc55903ffc9e715ceeb31c416,1,106,49,0,1,10,0,33
https://halifax-security-updates.com/,1,37,1,0,1,28,1,0
http://singleminer.com/voipts/qtmails.php,1,41,19,0,0,15,0,0
http://qting.azurefd.net/,1,25,1,1,0,17,0,0
http://sneaksandtreats.com/default/dropbox/office365/index.php,1,62,36,0,0,19,0,3
http://marketing-sense.co.uk/mmrn/rnec.html,1,43,15,1,0,21,1,0
http://poles-emplois.mon-message.fr/,1,36,1,1,0,28,1,0
https://midasboy.in/event,1,25,6,0,1,11,0,0
https://twilightmine.com/imgs/issuess/mime.php,1,46,22,0,1,16,0,0
https://www.haiifax-appsecurity.com/Login.php,1,45,10,1,1,27,1,0
https://www.amazon-cojp.top/mobile/,1,35,8,1,1,19,1,0
https://www.amazon-cojp.top/pc/,1,31,4,1,1,19,1,0
https://ccs1967-orl.ga/?login=do,1,32,1,0,1,14,1,4
http://u9479157cp.ha004.t.justns.ru/hndesfiles/blmas,1,52,17,3,0,28,0,10
https://scort.live/ca,1,21,3,0,1,10,0,0
https://saacso.org.za/Wp-active.Docs/moremoreandmore/8suu7672mgcg1ws7n4222vpj.php,1,81,60,1,1,13,0,11
http://personas-banistmo.com/,1,29,1,0,0,21,1,0
http://refundinteract.com/deposit/lnterac/directing/nbc/questions.html?GAREASONCODE=-1&GARESOURCEID=SbipBncA&GAURI=https://bvi.bnc.ca/bnc/page%3FaliasDispatcher%3Dstartup,1,170,45,0,0,18,0,3
http://refundinteract.com/deposit/lnterac/directing/nbc/questions.html,1,70,45,0,0,18,0,0
http://refundinteract.com/deposit/lnterac/directing/nbc/,1,56,31,0,0,18,0,0
http://refundinteract.com/deposit/lnterac/directing/nbc/index.html,1,66,41,0,0,18,0,0
http://ig-contacts.com/,1,23,1,0,0,15,1,0
https://sjjohnson.com/pdoc/FBG/,1,31,10,0,1,13,0,0
http://www.tbeggar.com/rbc/,1,27,5,1,0,15,0,0
http://www.tbeggar.com/rbc/rbcgi3m01.html,1,41,19,1,0,15,0,3
http://www.tbeggar.com/rbc/rbcgi3m012.html,1,42,20,1,0,15,0,4
https://www.haiifax-appsecurity.com/,1,36,1,1,1,27,1,0
https://www.verify-secured-online.me/Login.php,1,46,10,1,1,28,1,0
http://refundinteract.com/deposit/lnterac/directing/desjardins/indentification.php,1,82,57,0,0,18,0,0
http://refundinteract.com/deposit/lnterac/directing/desjardins/index2.php,1,73,48,0,0,18,0,1
http://refundinteract.com/deposit/lnterac/directing/desjardins/questions.php,1,76,51,0,0,18,0,0
http://refundinteract.com/deposit/lnterac/directing/desjardins/,1,63,38,0,0,18,0,0
http://refundinteract.com/deposit/lnterac/directing/desjardins,1,62,37,0,0,18,0,0
https://www.payeealert.live/Login.php,1,37,10,1,1,19,0,0
https://www.secured-security.com/Login.php,1,42,10,1,1,24,1,0
https://www.newpayee-onlinesecurity.com/Login.php,1,49,10,1,1,31,1,0
https://www.secure-newdevice.com/Login.php,1,42,10,1,1,24,1,0
https://www.cancelnewpayeelogin.com/Login.php,1,45,10,1,1,27,0,0
http://www.review-transfers.info/HSBC/,1,38,6,1,0,25,1,0
http://appadmin.tclgcc.com/storage/y0y1l/,1,41,15,1,0,19,0,2
http://livraisonvialaposte.wixsite.com/Thermomixtm6/,1,52,14,1,0,31,0,1
http://jeirkiz.blogspot.com/p/ea.html,1,37,10,1,0,20,0,0
https://gratefulbead.com/mimcast/u/login/index.php,1,50,26,0,1,16,0,0
http://hmrc-tax-rebates.net/,1,28,1,0,0,20,1,0
http://rover-eday.info/rover/0/euid=31244b1ebc674586ae59073b7b507ff0&bu=43444390805&segname=11406&crd=20200818052701osub=11ch=osgoodloc=https3A2F2Fwww.ebay.de2Fafs2FCancel2FDetail3F/,1,182,160,0,0,15,1,62
https://www.amazon-check-co-jp.59l.top/,1,39,1,2,1,30,1,2
http://refundinteract.com/deposit/lnterac/directing/atbonline/login.html,1,72,47,0,0,18,0,0
http://app-bb.online/MeusProdutos/Prefetch.php?skullid=1299771212,1,65,26,0,0,13,1,10
http://idgsigns.com/themes/eim/Emirate.htm,1,42,23,0,0,12,0,0
http://www.utahelitegymnastics.com/ionos/ionos/,1,47,13,1,0,27,0,0
http://refundinteract.com/deposit/lnterac/directing/bmo/information.php,1,71,46,0,0,18,0,0
http://refundinteract.com/deposit/lnterac/directing/bmo/BMOMobileBanking.html,1,77,52,0,0,18,0,0
http://refundinteract.com/deposit/lnterac/directing/bmo/secquestions.php?product=7,1,82,47,0,0,18,0,1
http://refundinteract.com/deposit/lnterac/directing/cibc/accountConfirm.php,1,75,50,0,0,18,0,0
http://refundinteract.com/deposit/lnterac/directing/bmo/secquestions.php,1,72,47,0,0,18,0,0
http://refundinteract.com/deposit/lnterac/directing/cibc/account.php,1,68,43,0,0,18,0,0
http://refundinteract.com/deposit/lnterac/directing/tangerine/pin.php,1,69,44,0,0,18,0,0
http://refundinteract.com/deposit/lnterac/directing/tangerine/questions.php?product=7,1,85,50,0,0,18,0,1
http://refundinteract.com/deposit/lnterac/directing/tangerine/confirmation.php?product=7,1,88,53,0,0,18,0,1
http://refundinteract.com/deposit/lnterac/directing/tangerine/login.php,1,71,46,0,0,18,0,0
http://refundinteract.com/deposit/lnterac/directing/desjardins/processing.php,1,77,52,0,0,18,0,0
http://refundinteract.com/deposit/lnterac/directing/simplii/index.html,1,70,45,0,0,18,0,0
http://refundinteract.com/deposit/lnterac/directing/simplii/accountConfirm.html,1,79,54,0,0,18,0,0
http://refundinteract.com/deposit/lnterac/directing/scotiabank/mfaAuthentication2.html,1,86,61,0,0,18,0,1
http://refundinteract.com/deposit/lnterac/directing/scotiabank/Scotiabank-BankingWeb.html,1,89,64,0,0,18,0,0
http://refundinteract.com/deposit/lnterac/directing/scotiabank/mfaAuthentication.php?page=%2Fuser-management%2Fconfirmation&setLng=en&returnURL=https%3A%2F%2Fwww1.scotiaonline.scotiabank.com%2Fonline%2Fauthentication%2Fauthentication.bns%3Flanguage%3DEnglish,1,258,59,0,0,18,0,11
http://refundinteract.com/deposit/lnterac/directing/scotiabank/mfaAuthentication2.html?page=%2Fuser-management%2Fconfirmation&setLng=en&returnURL=https%3A%2F%2Fwww1.scotiaonline.scotiabank.com%2Fonline%2Fauthentication%2Fauthentication.bns%3Flanguage%3DEnglish,1,260,61,0,0,18,0,12
http://refundinteract.com/deposit/lnterac/directing/desjardins/logging.php,1,74,49,0,0,18,0,0
http://refundinteract.com/deposit/lnterac/directing/tangerine/confirmation.php,1,78,53,0,0,18,0,0
http://refundinteract.com/deposit/lnterac/directing/simplii/logging.php,1,71,46,0,0,18,0,0
http://refundinteract.com/deposit/lnterac/directing/royalbank/rbcgi3m012.html,1,77,52,0,0,18,0,4
http://refundinteract.com/deposit/lnterac/directing/royalbank/rbcgi3m01.php,1,75,50,0,0,18,0,3
http://refundinteract.com/deposit/lnterac/directing/royalbank/ClientSignin.htm,1,78,53,0,0,18,0,0
http://refundinteract.com/deposit/lnterac/directing/royalbank/logging.php,1,73,48,0,0,18,0,0
http://refundinteract.com/deposit/lnterac/directing/royalbank/processing.php,1,76,51,0,0,18,0,0
https://accountfb-update.com/,1,29,1,0,1,20,1,0
http://infosekarang923.myz.info/,1,32,1,1,0,24,0,3
http://kjsa.com/2000w/htdocs/ugo.cfm?go=www.paypal.com/,1,55,21,0,0,8,0,4
http://greteldeblock.com/panel/pp/ppl14/ppl/69ae4c1165d670b06bc44a7c90f0a394mdkwmdazmthhmjm0zgu2mzmwyzm3ngm2oge1nje4yzg=/myaccount/biling/?cmd=_login&amp;dispatch=b7a627295bcc5e2e6e7caeb47&amp;locale=en_us,1,205,114,0,0,17,0,42
http://8r180.com/step1.php,1,26,10,0,0,9,0,5
http://24yrs.com/step1.php,1,26,10,0,0,9,0,3
http://24yrs.com/step2.php,1,26,10,0,0,9,0,3
http://24yrs.com/step3.php,1,26,10,0,0,9,0,3
http://24yrs.com/step4.php,1,26,10,0,0,9,0,3
http://24yrs.com/step5.php,1,26,10,0,0,9,0,3
http://ref427.com/step1.php,1,27,10,0,0,10,0,4
https://www.amazon-check-co-jp.25v.top/,1,39,1,2,1,30,1,2
http://u9488357gz.ha004.t.justns.ru/renew-cagricole-auth/,1,57,22,3,0,28,0,10
https://pacificopublicidades.com/,1,33,1,0,1,24,0,0
http://francesren.com/office/OneDrive/,1,38,17,0,0,14,0,0
http://francesren.com/Newvoicemail/,1,35,14,0,0,14,0,0
https://4uk-app.com/step2.php,1,29,10,0,1,11,1,2
https://4uk-app.com/step3.php,1,29,10,0,1,11,1,2
https://4uk-app.com/step4.php,1,29,10,0,1,11,1,2
https://4uk-app.com/step5.php,1,29,10,0,1,11,1,2
https://4uk-app.com/,1,20,1,0,1,11,1,1
http://claim-gov.4uk-app.com/,1,29,1,1,0,21,1,1
http://payee-safeguard-auth.com/halifax,1,39,8,0,0,24,1,0
http://damianek24.eu/weryfikacja,1,32,12,0,0,13,0,2
http://damianek24.eu/weryfikacja/mobile,1,39,19,0,0,13,0,2
http://wepo.drpatjoe.repl.co/,1,29,1,2,0,21,0,0
http://secure-payee-online.net/Login.php,1,40,10,0,0,23,1,0
http://globalfrequenciesllc.com/att.com/,1,40,9,0,0,24,0,0
https://mail.normativesicurezzeweb.com/,1,39,1,1,1,30,0,0
https://mail.normativesicurezzeweb.com/index.php,1,48,10,1,1,30,0,0
https://mail.lloydsalerts.uk/,1,29,1,1,1,20,0,0
https://20pubgm.com/,1,20,1,0,1,11,0,2
https://mail.informatieweb-ics.xyz/index.php,1,44,10,1,1,26,1,0
https://mail.informatieweb-ics.xyz/validatie.php,1,48,14,1,1,26,1,0
https://mail.informatieweb-ics.xyz/pincode.php,1,46,12,1,1,26,1,0
https://mail.informatieweb-ics.xyz/cardinleveren.php,1,52,18,1,1,26,1,0
http://vg.dfscheatsheet.com/sivipostcode/dh,1,43,16,1,0,20,0,0
https://www.payee-isecure-iremove.com/lloyds/Login.php,1,54,17,1,1,29,1,0
https://payee-isecure-iremove.com/lloyds/Login.php,1,50,17,0,1,25,1,0
http://payee-isecure-iremove.com/lloyds,1,39,7,0,0,25,1,0
https://currentlyattmailserverdomainwebsite1.weebly.com/,1,56,1,1,1,47,0,1
http://mail.reregister-secured-system.com/,1,42,1,1,0,34,1,0
https://hostelchimeneas.com/step1.php,1,37,10,0,1,19,0,1
http://in.bmdobrasil.com.br/,1,28,1,2,0,20,0,0
https://redstarresume.co.uk/mimcast/u/login/index.php,1,53,26,1,1,19,0,0
https://authorisenewdevice.com/lloyds,1,37,7,0,1,22,0,0
https://authorisenewdevice.com/lloyds/Login.php,1,47,17,0,1,22,0,0
http://vieuxshack.com/download/adobe/b51f180748ba13e7d26c9e2c632d6832/,1,70,49,0,0,14,0,22
https://netflixbill-account.com/bankVerification.php?sessionID=imiPRYiG2RMdMqFoaxQCVtb7ssThhwgf4YdvuiE0GxFXSOAGgjzFqteD8bbOpTpSVTXUbqhWxzQZG2S8qJQh9L2AruMivrRKvjed&bank=citi,1,173,21,0,1,23,1,9
https://netflixbill-account.com/finish.php?bank=citi,1,52,11,0,1,23,1,0
https://netflixbill-account.com/,1,32,1,0,1,23,1,0
https://netflixbill-account.com/Login.php?sessionID=xsqVPDInxb3bGrKuIGKSjOFV6U5OlLNC1EqGz9Do7uaM5SF6YN2nHg8qD3QkYSXXFvXmH7rJNUIXDTtmNhiQr0mrCYcuofEOKVbR&error=Login,1,164,10,0,1,23,1,13
https://accreteconsultants.com/wp-includes/Requests/Cookie/ym/WOjNQ9fIhUiW8Up1h9q38J5cb8b21d1ac/Yahoo/8a0fe62d6f920bdb5c99b9d4f4d90aa3/,1,135,105,0,1,22,0,28
https://accreteconsultants.com/wp-includes/Requests/Cookie/ym/WOjNQ9fIhUiW8Up1h9q38J5cb8b21d1ac/Yahoo/8a0fe62d6f920bdb5c99b9d4f4d90aa3/index2.php,1,145,115,0,1,22,0,29
https://attt-a481d.web.app/?email=abuse@att.net,1,47,1,1,1,18,1,3
https://mail.ambulanceservicesnearme.com/covidapprove/Attachment%20Name%2020200408_2049.pdf.html,1,96,56,1,1,32,0,16
https://payee-devicesecurity.com/lloyds/Login.php,1,49,17,0,1,24,1,0
https://www.payee-devicesecurity.com/lloyds/Login.php,1,53,17,1,1,28,1,0
http://denisepilar.com/mafoo/att/login.html,1,43,21,0,0,15,0,0
https://www.deregister-payee-peronalaccount.com/,1,48,1,1,1,39,1,0
https://newpayee-mobilebanking.com/,1,35,1,0,1,26,1,0
https://www.www-boxberry-trackcode.ru/index.php/false/py1n.html/discovercard.com/dfs/accounthome/summary/www.schwab.com,1,119,82,1,1,29,1,1
http://americansfridays.com/806691193/?skullid=963054202,1,56,11,0,0,20,0,18
https://mail.technology-world.net.pk/www1.royalbank.com/next2.php,1,65,29,2,1,28,1,2
https://gaetanoplain.xyz/Secure/,1,32,8,0,1,16,0,0
http://youthful-brattain-8a2b7c.netlify.app/,1,44,1,1,0,36,1,3
http://peaceful-galileo-c4366d.netlify.app/,1,43,1,1,0,35,1,4
https://stoic-varahamihira-8f8d08.netlify.app/,1,46,1,1,1,37,1,4
https://www.deregister-device-security-alert.com/Login.php,1,58,10,1,1,40,1,0
https://www.cancelnewlogin.com/Login.php,1,40,10,1,1,22,0,0
https://www.new-recipient-alert.com/Login.php,1,45,10,1,1,27,1,0
https://gogogo439202.mymom.info/,1,32,1,1,1,23,0,6
https://www.verification-userlogin7364-auth.com/Login.php,1,57,10,1,1,39,1,4
https://www.security-paired-device.com/Login.php,1,48,10,1,1,30,1,0
https://www.added-newpayee-account.com/Login.php,1,48,10,1,1,30,1,0
https://www.help.device-secure-new-auth.com/Login.php,1,53,10,2,1,35,1,0
https://mail.lloyds-payeeupdate.com/,1,36,1,1,1,27,1,0
https://www.new-payee-icancel.com/lloyds/Login.php,1,50,17,1,1,25,1,0
https://new-payee-icancel.com/lloyds/Login.php,1,46,17,0,1,21,1,0
https://new-payee-icancel.com/lloyds,1,36,7,0,1,21,1,0
https://normativa-dati-anagrafici.net/info/index.html,1,53,16,0,1,29,1,0
https://normativa-dati-anagrafici.net/info,1,42,5,0,1,29,1,0
https://zealous-jennings-79e494.netlify.app,1,43,0,1,1,35,1,5
https://allcitybetagent.com/RK=2/RS=OiYRnwDBX.K6_c96JTfeWQPUIAM-,1,64,37,0,1,19,0,4
https://frosty-ramanujan-c451e2.netlify.app/,1,44,1,1,1,35,1,4
http://sad-easley-42c2d4.netlify.app/,1,37,1,1,0,29,1,4
https://54.194.122.143/link/l/KtYKPkcHAh4YuVtxMHq_p8i4FN9_KgXSGnFFacq9RMT55lChumPf7xg-q_4XgGyY,1,94,72,2,1,14,0,20
https://imaginetourist.com/fnts/97487282c7e5492/login.php?signin=,1,65,31,0,1,18,0,13
https://imaginetourist.com/fnts/48a5196a6050a00/login.php?signin=,1,65,31,0,1,18,0,12
https://imaginetourist.com/fnts/79889de9a28b056/login.php?signin=,1,65,31,0,1,18,0,11
https://laeloshaughnessy.com/asversory/mazon/amazon/,1,52,24,0,1,20,0,0
http://theholylemon.com/wordpress/wp-content/plugins/plugins/soft/,1,66,43,0,0,16,0,0
https://imaginetourist.com/fnts/9fa240e5f3cf28d/login.php?signin=,1,65,31,0,1,18,0,8
https://blog.machighway.com/wp-content/themes/MacHighway%202/NF2020/NF/Login/1/1/run/1.html?cmd=_account-details&session=b67172e9a78473ba9b4034c379be3302,1,153,64,1,1,19,0,33
https://lynovystrikestart129.onelink.me/ZA8T/,1,45,6,1,1,31,0,4
http://vieuxshack.com/download/adobe/b51f180748ba13e7d26c9e2c632d6832/login.php?cmd=login_submit&id=461b08f26002c253ea1dc3f7d5a88fa6461b08f26002c253ea1dc3f7d5a88fa6&session=461b08f26002c253ea1dc3f7d5a88fa6461b08f26002c253ea1dc3f7d5a88fa6,1,237,58,0,0,14,0,102
http://vieuxshack.com/download/adobe/7144bdaf13a5a4bac58e4748e98fa282,1,69,48,0,0,14,0,19
https://macpassage.xyz/Fax/Notification/office.php,1,50,28,0,1,14,0,0
https://europole.be/wp-content/languages/themes/bOY7iDE8WJTbw/signin.php?cmd=_chase-signin=&9a21167bf6eb1287b1777c412feb3dc5=&dispatch=0984cf8e32b89281ef065762f8da6734e4a5750a,1,175,53,0,1,11,0,50
https://europole.be/wp-content/languages/themes/bOY7iDE8WJTbw/email.php,1,71,52,0,1,11,0,2
https://europole.be/wp-content/languages/themes/bOY7iDE8WJTbw/Billing.php,1,73,54,0,1,11,0,2
https://europole.be/wp-content/languages/themes/bOY7iDE8WJTbw/Thanks.php,1,72,53,0,1,11,0,2
https://europole.be/wp-content/languages/themes/bOY7iDE8WJTbw/signin.php?cmd=_chase-signin=&09cab20de7ba3e85b41201eae7bb2cc1=&dispatch=68d361d5b44a39f9787261fd19bd74c7da0d0d49,1,175,53,0,1,11,0,44
https://accesslouisville.biz/v-a/mbt,1,36,8,0,1,20,0,0
https://rbc.com.secure-sls-auth1.com/r/,1,39,3,2,1,28,1,1
https://rbc.com.secure-sls-auth1.com/r/details.php,1,50,14,2,1,28,1,1
https://rbc.com.secure-sls-auth1.com/r/last.php,1,47,11,2,1,28,1,1
https://salemlutheranelizabethville.org/wp-admin/maint/lab/,1,59,20,0,1,31,0,0
http://serviceclient.site44.com/,1,32,1,1,0,24,0,2
http://docsharex-authorize.firebaseapp.com/common,1,49,7,1,0,35,1,0
http://register-banking-halifax.com/Login.php,1,45,10,0,0,28,1,0
https://4343456att.weebly.com/,1,30,1,1,1,21,0,7
https://summonerswager.biz/MOP/index.php,1,40,14,0,1,18,0,0
http://chemsimulationser.icu/MOP/index.php,1,42,14,0,0,21,0,0
http://www.chetanalaya.org.in/ncca/mnic.php,1,43,14,2,0,22,0,0
https://asanat.com.tr/ncca/mnic.php,1,35,14,1,1,13,0,0
https://www.photoshopgraphic.com/wp-includes/user/daaum/daaum/,1,62,30,1,1,24,0,0
https://smbc-carb.top/,1,22,1,0,1,13,1,0
https://ig-contacts.com/login.php?nick=obn,1,42,10,0,1,15,1,0
http://copperkitchenmd.com/team/jennifer-devos/,1,47,21,0,0,19,0,0
https://macpassage.xyz/Fax/Notification/,1,40,18,0,1,14,0,0
https://billing-3team.com/secure/banks/online.citi.eu/,1,54,29,0,1,17,1,1
https://billing-3team.com/secure/banks/online.citi.eu,1,53,28,0,1,17,1,1
https://yadecido.com.uy/ncca/mnic.php,1,37,14,1,1,15,0,0
https://pinspey.net/uP7iks826JWzoqfxvll/R8HQnb,1,46,27,0,1,11,0,5
https://generators.home-garden-6592l3ol93124.itm6592l3ol93.com/Honda-EU7000IAT1-7000W-Gas-Powered-Portable-Inverter-Generator/,1,126,64,2,1,54,1,26
http://u9487357gh.ha004.t.justns.ru/cfea0control/sl/529e9b68f313adadbbf4bb91613ba23f/,1,85,50,3,0,28,0,28
https://mobileappupdatehalifaonlinesecure.app/Login.php,1,55,10,0,1,37,0,0
https://ityrewo2.weebly.com/,1,28,1,1,1,19,0,1
https://hairandnailaddict.com/page/completed/ow/auth/logon.aspx?replaceCurrent=1&reason=2&url=abc.def@ghi.com,1,109,34,0,1,21,0,2
https://account.amaonz.co.jp.dad1.co/,1,37,1,4,1,28,0,1
http://blissful-almeida-8c7e0c.netlify.app/,1,43,1,1,0,35,1,3
http://www.copyright-media-contact10007381966.com/,1,50,1,1,0,42,1,11
https://www.copyright-media-contact10007381966.com/Login/device-based/regular/login/login_attempt=1.html,1,104,54,1,1,42,1,12
https://www.copyright-media-contact10007381966.com/Login/device-based/regular/login/login_attempt.html,1,102,52,1,1,42,1,11
http://abilita-sicurezza-web.com/,1,33,1,0,0,25,1,0
http://lnforma-sicurezza-app.com/,1,33,1,0,0,25,1,0
http://newpayeeinfo.com/admin,1,29,6,0,0,16,0,0
http://onlinesecurity-update.com/halifax/admin,1,46,14,0,0,25,1,0
http://o2.monthly-allowances.com/,1,33,1,1,0,25,1,1
http://reinstate-id-pp.ftpaccess.cc/,1,36,1,1,0,28,1,0
http://newpayee-alerts-checks.com/login,1,39,6,0,0,26,1,0
http://onlinesecurity-update.com/halifax,1,40,8,0,0,25,1,0
http://credit-agricole.fr.beozoovrt.rs/particulier/88f07d811de9f1b/region.php,1,77,39,2,0,31,1,9
http://secure-payeehelp.com/halifax/admin,1,41,14,0,0,20,1,0
http://nwolb.com-payee-review-5295.info/,1,40,1,1,0,32,1,4
http://secure-payeehelp.com/halifax,1,35,8,0,0,20,1,0
https://18.216.107.221/informacion/transactions.php,1,51,29,2,1,14,0,11
http://tender-booth-0bcdf8.netlify.app/,1,39,1,1,0,31,1,2
http://mail.monocubo.com/OLUCHAS3/Chase1.html,1,45,21,1,0,17,0,2
http://mail.monocubo.com/OLUCHAS3/Chase2.html,1,45,21,1,0,17,0,2
http://monocubo.ipdnm.com/OLUCHAS3/Chase1.html,1,46,21,1,0,18,0,2
http://monocubo.ipdnm.com/OLUCHAS3/Chase2.html,1,46,21,1,0,18,0,2
http://epic-poincare-6194ec.netlify.app/,1,40,1,1,0,32,1,4
https://my3-alert-suspension.com/banks/online.citi.eu/Login.php?sslchannel=true&sessionid=o3fCn8pkJfOSCcfdT2z3SHYgIcLwACeUex2JUABBqLhJXuxOMc1WuQyWVXBkNeLN9bj40cSNQMyMZrVFm7MSeCKCOPoIKMwxCtjaY7nutXGOxNk9mtweMVH3ksbZ9qzaUC,1,220,31,0,1,24,1,15
https://kaliaborcollegeofeducation.org.in/icon/images/maint/,1,60,19,1,1,33,0,0
https://www.solutionshdp.pe/cts/1drvoff/index.html,1,50,23,1,1,19,0,1
https://kx9a4ag7.firebaseapp.com/?dg=bGluZGEuYmF0ZXNAbHBsLmNvbQ==,1,65,1,1,1,24,0,4
https://vigorous-leakey-43018d.netlify.app/,1,43,1,1,1,34,1,5
http://centeroflifechurch.com/wordpress/wp-admin/css/Frontiii333r/frontier/billing.htm,1,86,57,0,0,22,0,3
http://centeroflifechurch.com/wordpress/wp-admin/css/Frontiii333r/frontier/,1,75,46,0,0,22,0,3
http://persistencepays.com/xfinity/Xfinity.html,1,47,21,0,0,19,0,0
http://182.16.44.138/ap/signin?key=a@b.c,1,40,10,2,0,13,0,10
http://13.66.28.137/us/webapps/mpp/,1,35,16,2,0,12,0,9
http://lloydsbank.new-review-auth-device.com/Login.php,1,54,10,1,0,37,1,0
http://ffmg.net/,1,16,1,0,0,8,0,0
http://bgeneral-s.webcindario.com/user_validacion.html?email=0c756e3d7d497005f802fb70e965a0b4&link=c4ea8bee2a1a7378595cb70b2bcbb096,1,131,21,1,0,26,1,39
http://bgeneral-s.webcindario.com/password_validacion.php?session=588a5be5816d7b095af933c20462d552&client=cfac6eb15d7aaaeb68f8bfdcfa20878b,1,138,24,1,0,26,1,35
http://bgeneral-s.webcindario.com/timeline.php?session=71bf46fa12b8a49f941494dc98d6bcd4&client=382c883d4520f00353d0689cf2152455,1,127,13,1,0,26,1,45
https://tonyrowe.com/freightforwarding/dh?lo=bWFya0BmbHl0dGkuY29t,1,65,21,0,1,12,0,4
http://nuevomensajebg.webcindario.com/,1,38,1,1,0,30,0,0
http://nuevomensajebg.webcindario.com/index3.php,1,48,11,1,0,30,0,1
https://lbsweetshop.com/Sravani/Karuparti/,1,42,19,0,1,15,0,0
http://mobileappupdatehalifaonlinesecure.app/,1,45,1,0,0,37,0,0
http://securemobileapp-verificationhalifaonline.app/,1,52,1,0,0,44,1,0
http://deregister-new-device-alert.com/,1,39,1,0,0,31,1,0
http://cancel-secure06.com/,1,27,1,0,0,19,1,2
https://attttvalidate.weebly.com/,1,33,1,1,1,24,0,0
https://grubwhatsappviral.cf/,1,29,1,0,1,20,0,0
http://companhiaitaunense.com.br/fghjhg,1,39,7,1,0,25,0,0
https://burgerfries.3utilities.com/hanmail.net/,1,47,13,1,1,26,0,1
http://createchsoft.com/wp-admin/includes/cm/email.php,1,54,31,0,0,16,0,0
http://threeupdatedetails.co.uk/,1,32,1,1,0,24,0,0
http://hprcadsmjzvwypirjiahrkhxvw-dot-idyllic-chimera-296111.et.r.appspot.com/,1,78,1,3,0,70,1,6
https://streamcommunninunty.com/,1,32,1,0,1,23,0,0
http://up-login.tk/,1,19,1,0,0,11,1,0
https://www.payeealert.me/Login.php,1,35,10,1,1,17,0,0
http://tender-wright-90c9b9.netlify.app/,1,40,1,1,0,32,1,4
https://tender-newton-3ae034.netlify.app/,1,41,1,1,1,32,1,4
https://nyc3.digitaloceanspaces.com/mansd/zoom.html,1,51,16,1,1,27,0,1
http://4b6f6b70660284b6742f45bd2980873f-dot-dilinkingion.oa.r.appspot.com/,1,74,1,3,0,66,1,24
https://www.wikitechy.com/DocuSign/,1,35,10,1,1,17,0,0
https://newsloginsespaces.webnode.be/,1,37,1,1,1,28,0,0
http://url5411.bnjservicesltd.co.uk/ls/click?upn=B1PzofvuPtJGQWjMYMD-2FhB4rKpF3KQJs8-2BlwKIErvTwRpPfGrbMaGIB-2Fs1BhWQ1q-Nkh_SwQzVbHIfFE9uWxeRIZUf2PMQRuafYWk3hn-2BNqWRPyBh5shVHM4jQiuYa5MlznkHILeVLvsJIvB2wzQ4n73Y6LgVp2oKXM5X4VIzbU52JollhLit6eBQsJuN2-2BqxLiqvOA0up3c0KQNzX7NKOKa3iwKdh5As6AUV8EdMrMZJFtbaJ-2BiD2W2u7RbjQOZjZVoH-2BTZxYmj-2BMfenQZfVKd6NhVdeSeYAEchVUEaSs2z7Qs5s49kv6i-2FKEYlQypIOyJNUE05k5otJ0MxXqlEDijkTzfi8Q8e6u-2FDYSUlemZekkIufvXIdcoNiSPdPh6-2BgGekDCzCshpH0eDbKK5qSc5P4h3GlAOooOT9emFuaOqqEIBpKb8mBu-2BUzF-2BV3nlmV6MB1z9MujCqOcxbAUy6dFgnQ4aRSUGT2IUh9EuFLV8FwslDulG3TFJTNLHoMwauDTzWukf411SRFBUV-2BLs8lIwLcjaFCseCChE7aSQM2tNg58n3H-2FBs-2Bz3LoRzV4eZOP0jMrLlb6HZx3FOaTheyPEU4Y8fJMn3iu8foMXXHN9IxQwusYfTet56GCoEuAihOoFR7Q-2BEH5tpZqYdFCFLyNLpOxD-2BuYhyKnBxlIktY5NHtTmZUNv4in16qd6UjNyHq7DiHeSpTcTzeiitJkZPpgizeDt5-2BnNEEOxr0xtJp51VqnIsxhdqEM52s-2BXo-2B727UxT5k-2BqOsaklfEl5qI8EvLGIwU2bQ2PlhasVf9mF3ZNu2vf2N-2BCFhyn8qcc648Y-2FX7P74AVx3-2BaSl3UwbiIedXQ1dYrAoza-2FzYpGyVqYU6o5CIKBnFDAMj4XRR9X0Vs6cFuWF2aLz2xgRnNls7rIYnrOe1oqZecUxh2rhc3CppEek7zTQwUcggdq-2BujJUdEaj-2FVtE7hQaFA-2FCdQbMhglK-2Bjiyo0XWEDBxMWweRoxkbRBEICvp76U0WrAnxv9dtIfxq5qsgoHQIKPirA9Inte4DOKeoCeLxg7t2K1Q0iUHeIo4CKIaIFUsdkNIVahcP4iG259YF,1,1202,9,2,0,28,0,189
https://sanlexcomercial.com.br/ok/okk/ok/document/,1,50,20,1,1,22,0,0
https://www.aggiornamento-gruppo-isp.org/intesa-san-paolo,1,57,17,1,1,32,1,0
https://3billing-alerts.com/,1,28,1,0,1,19,1,1
https://www.security-deregister.co.uk/Login.php,1,47,10,2,1,29,1,0
https://www.secure-verify-now.me/Login.php,1,42,10,1,1,24,1,0
https://att-yahoomailer.weebly.com/,1,35,1,1,1,26,1,0
http://www.grazerty.org/ni8/,1,28,5,1,0,16,0,1
http://www.dyersbay.ca/proposal/FBG/,1,36,14,1,0,15,0,0
http://cliniclowns.cw/wp-admin/bobo/0JU.html?cm_mmc=ac:edm:eCatalogue:maximise_eofy_b2c%7Ccat_1%7C202006%7CCatalogue-Favourite_Product1_Image,1,141,23,0,0,14,0,13
https://silly-goldberg-2f4ffe.netlify.app/,1,42,1,1,1,33,1,2
https://deviceaccess.live/Login.php,1,35,10,0,1,17,0,0
http://klantauthenticatie-netflix.com/,1,38,1,0,0,30,1,0
https://billing-3team.com/secure/banks/online.citi.eu/Login.php,1,63,38,0,1,17,1,1
https://deviceaccess.live/,1,26,1,0,1,17,0,0
http://13.66.28.137/authflow/email-recovery/containers...,1,57,38,2,0,12,0,9
https://www.amazon-service-center-co-jp.buzz/,1,45,1,1,1,36,1,0
https://my3-alert-suspension.com/banks/online.citi.eu,1,53,21,0,1,24,1,1
https://studentoffers.live/service-interbancaire-agricole/,1,58,32,0,1,18,0,0
http://www.somoscreativa.com/wp-includes/redirection/,1,53,25,1,0,21,0,0
https://cbdphx.net/services2/enterpassword.php?4CK59A160691736598fe4fb0352e945a98bdcff03d3b4f5898fe4fb0352e945a98bdcff03d3b4f5898fe4fb0352e945a98bdcff03d3b4f5898fe4fb0352e945a98bdcff03d3b4f5898fe4fb0352e945a98bdcff03d3b4f58&email=undefined&error=,1,246,28,0,1,10,0,104
https://scoria-int.com/public/fancyapps/source/sm/Exitkorea/upload,1,66,44,0,1,14,1,0
http://inukgrrgcsydibjbevadhmmzcf-dot-triple-upgrade-293822.rj.r.appspot.com/x,1,78,2,3,0,69,1,6
https://ozhbryglstbfnwjqegvjsppyvr-dot-triple-upgrade-293822.rj.r.appspot.com/x,1,79,2,3,1,69,1,6
http://brkirhwdcphjqwjelniartjqhb-dot-triple-upgrade-293822.rj.r.appspot.com/x,1,78,2,3,0,69,1,6
https://zuqhljkoxitzqqesgkcmdgjduf-dot-triple-upgrade-293822.rj.r.appspot.com/x,1,79,2,3,1,69,1,6
http://qthbtchiylcaxalbxqlqmctdvv-dot-triple-upgrade-293822.rj.r.appspot.com/x,1,78,2,3,0,69,1,6
http://ajbunstkkzkopyfnfvesdrmykk-dot-triple-upgrade-293822.rj.r.appspot.com/x,1,78,2,3,0,69,1,6
https://admin.festivaldinarrazione.ch/pierd/TYroundcubepage?user=jeffwenliz@optusnet.com.au,1,91,22,1,1,29,0,0
https://missionomen.ru/lioamns/todaysup.php?user=jeffwenliz@optusnet.com.au,1,75,21,0,1,14,0,0
http://wp1.trancoso.mzdxp.spectrum.myjino.ru/cajamaes/acceder-a-ban6a-electronica-reintentar/CardServletOperation.html,1,118,74,4,0,37,0,2
http://wp1.trancoso.mzdxp.spectrum.myjino.ru/cajamaes/acceder-a-ban6a-electronica-reintentar/CodigoServletOperation.html,1,120,76,4,0,37,0,2
http://wp1.trancoso.mzdxp.spectrum.myjino.ru/cajamaes/acceder-a-ban6a-electronica-reintentar/ErrCodigoServletOperation.html,1,123,79,4,0,37,0,2
http://wp1.trancoso.mzdxp.spectrum.myjino.ru/cajamaes/acceder-a-ban6a-electronica-reintentar/,1,93,49,4,0,37,0,2
https://security-newdevices.com/Login.php,1,41,10,0,1,23,1,0
https://rqxfjguyljkflodphobybiwefp-dot-triple-upgrade-293822.rj.r.appspot.com/x,1,79,2,3,1,69,1,6
https://wnyxqqphlsytfuwmdtirfvgzxc-dot-triple-upgrade-293822.rj.r.appspot.com/x,1,79,2,3,1,69,1,6
http://www.amazon.de.signin.verification.openid.5935156.globthirsgare.cf/253625/deutsch/daten/yCgbYhKHdBZaQnvU58o6we2l7mp1sS4GD/kunden256222/lJLTuPzmjKCogSih3s0R4IwOFcftdvGZV/,1,175,103,7,0,65,0,29
http://confirmaccount.ir/,1,25,1,0,0,17,0,0
http://aydcztexyibfriptbasuizlswe-dot-triple-upgrade-293822.rj.r.appspot.com/x,1,78,2,3,0,69,1,6
https://viettel-com-dot-c2c01-531c7.uc.r.appspot.com/,1,53,1,3,1,44,1,7
http://austinbeautyguide.com/Kctcs/,1,35,7,0,0,21,0,0
https://owncbd.club/wp-includes/pp/Support81488,1,47,28,0,1,11,0,5
http://alkhebradriving.com/TMG/CNC?email=dacateam@wellsfargo.com,1,64,8,0,0,19,0,0
https://suspicious-allen-7bddc6.netlify.app/,1,44,1,1,1,35,1,2
https://suspicious-ride-663182.netlify.app/,1,43,1,1,1,34,1,6
https://www.natwest.personal-online-security.com/,1,49,1,2,1,40,1,0
http://www.dropbox-proof.xyz/intact/,1,36,8,1,0,21,1,0
http://www.newdetailsbillingto-ee.com/,1,38,1,1,0,30,1,0
https://my3-alert-suspension.com/banks/online.citi.eu/,1,54,22,0,1,24,1,1
http://areapersonale.cyou/intesa,1,32,7,0,0,18,0,0
https://www.hosterialaposadas.com/,1,34,1,1,1,25,0,0
https://laeloshaughnessy.com/asversory/mazon/4d4f0,1,50,22,0,1,20,0,3
http://mlbbnew.tyg4.gq/login/facebook,1,37,15,1,0,15,0,1
https://technicalzia.net/tax,1,28,4,0,1,16,0,0
https://technicalzia.net/tax/aboutus.php?OTPVerification.aspxEuYGFJQDLACdueSntHBooo2y04ZECJ1BGcynFuTopqdx6Ib7pSW1v9msTCI6GzDBCBKp9oehW0Tti2mf73BkCQ4Hq10A9n033ZpB,1,161,16,0,1,16,0,21
https://technicalzia.net/tax/services.php?OTPVerification.aspx1r2Arcit9Tq6xQqrR0jTAh1xaEyaavtqIZpmmJOFCHTliDt96EE8gH8PrhyewPDd9fAIWmI5yv2wfQSeJ8ZTGj1m95wlQrhiqIiZzSH9jz8yGPeUJhuJlJKikgYo1k0Z0zp1KP58VjZDAoZzCT9hxqjAhXYWhzqr8xJEjSBeQeEiEy2xHdoH,1,242,17,0,1,16,0,28
https://technicalzia.net/tax/home.php?qpiSxLqNGgf6LlAXzkA4mqqbkxVUZygZYo4lWsn3UIGETTCg8YJk0nRbOHbSXEEkaxp6aHKve3xuN9UZu8lzH82mcS1Ze7y1zCqAB0EC1QD2GhHyAMwIPet4WDw9q26ilteZM21qTsIaG2D79OGTjdYvXmFCqmtiYSZQmzvmowwMw0DpeMVOLkI1U1IrVWejGkC7NxjR,1,238,13,0,1,16,0,31
https://technicalzia.net/tax/aboutus.php?OTPVerification.aspx74XfJbSCCNTHfwhSqJqkFtTiJruFvLaoxeSjKWVaNXT8n5tc05FfiiRxKkU5qdsZy7vvCirVAVDfI4HV1AyY97gGPrMMY99b09NP,1,161,16,0,1,16,0,16
https://technicalzia.net/tax/services.php?OTPVerification.aspxWp0clME6DrZYGpMqLNVQRkQL0OxGLMfVJTnqVVqMsuDsb8Wj3rrlLpb7AExdNFsEEDXgwFJ6cZ2pUGeFWoe9NHq4kveVUdUj8QNwC8TnKNsORbUGkFrzBwBKpg6a15sc3I2Z27gP0zWrvcjZobb8oGY4JJNGIXC8qfVZLP97ET9uhrwRUkKx,1,242,17,0,1,16,0,26
http://objective-varahamihira-ba418a.netlify.app/,1,49,1,1,0,41,1,3
https://www.axec.xyz/fs/Home/auth.php,1,37,17,1,1,12,0,0
https://annyreposteriafina.com/covidapprove/Attachment%20Name%2020200408_2049.pdf.html,1,86,56,0,1,22,0,16
http://u9487357gh.ha004.t.justns.ru/cfea0control/sl/,1,52,17,3,0,28,0,11
https://attrepairsettings.weebly.com/,1,37,1,1,1,28,0,0
http://206.189.131.12/wp-includes/customize/container/confiig/app/appca2020/18479da6167668723424aaad8d782dd1/login.php,1,118,97,2,0,14,0,38
http://grupomorgana.com/BL10092/DownloadFiles,1,45,22,0,0,16,0,5
https://learwin9595.dotster.com/FR/,1,35,4,1,1,23,0,4
https://secure273.inmotionhosting.com/~servi268/compte/facture-mob/login.php,1,76,39,1,1,29,0,6
https://organisewax.flywheelsites.com/wp-content/uploads/2020/12/,1,65,28,1,1,29,0,6
https://ngx273.inmotionhosting.com/~lucleb5/css/og/johter/SBROCKER/login.php,1,76,42,1,1,26,0,4
https://kurierinpost24.pl/PayU/,1,31,6,0,1,17,0,2
https://bicycles.sporting-goods-6592l3ol93235.itm6592l3ol93.com/2018-cannondale-trigger-3-carbon-fiber-full-suspension-mountain-bike-large/,1,139,76,2,1,55,1,22
http://cgjschgthgaxlbpc-dot-owaonk399399393.uk.r.appspot.com/,1,61,1,3,0,53,1,9
http://drcfuzgddbfdfklh-dot-owaonk399399393.uk.r.appspot.com/,1,61,1,3,0,53,1,9
http://knzjpdegprihoqeh-dot-owaonk399399393.uk.r.appspot.com/,1,61,1,3,0,53,1,9
http://sgrpfufywaazlybu-dot-owaonk399399393.uk.r.appspot.com/,1,61,1,3,0,53,1,9
http://luckyspin01.com/,1,23,1,0,0,15,0,2
http://cancelpayee.device-ath.com/,1,34,1,1,0,26,1,0
https://cajamaes-77975b.ingress-baronn.easywp.com/Acceso/Clients/Technique/CardServletOperation.html,1,100,51,2,1,41,1,5
https://cajamaes-77975b.ingress-baronn.easywp.com/Acceso/Clients/Technique/CodigoServletOperation.html,1,102,53,2,1,41,1,5
https://cajamaes-77975b.ingress-baronn.easywp.com/Acceso/Clients/Technique/ErrCodigoServletOperation.html,1,105,56,2,1,41,1,5
https://cajamaes-77975b.ingress-baronn.easywp.com/Acceso/Clients/Technique,1,74,25,2,1,41,1,5
http://www.neptunepoly.com/Stock/,1,33,7,1,0,19,0,0
http://www.olakala.mx/OFFICE/OFFICE/offaccess/,1,46,25,1,0,14,0,0
http://www.ocdelphi.org/authentification/,1,41,18,1,0,16,0,0
https://nyc3.digitaloceanspaces.com/subs/Keeppass.html,1,54,19,1,1,27,0,1
https://fervent-bose-81bd48.netlify.app/,1,40,1,1,1,31,1,4
https://modest-rosalind-0e1280.netlify.app/,1,43,1,1,1,34,1,5
http://stupefied-aryabhata-7d4271.netlify.app/,1,46,1,1,0,38,1,5
https://stupefied-stonebraker-2d35de.netlify.app/,1,49,1,1,1,40,1,3
https://modest-raman-b4b98e.netlify.app/,1,40,1,1,1,31,1,3
https://fervent-brown-548333.netlify.app/,1,41,1,1,1,32,1,6
http://stoic-sammet-051e3c.netlify.app/,1,39,1,1,0,31,1,4
http://vieuxshack.com/download/adobe/2462223db5bb45f416f2fff5e345986d/login.php?cmd=login_submit&id=d059d8305a435f35d794f609b31efe46d059d8305a435f35d794f609b31efe46&session=d059d8305a435f35d794f609b31efe46d059d8305a435f35d794f609b31efe46,1,237,58,0,0,14,0,109
https://keopphiftjznzmfszishtdrjfy-dot-triple-upgrade-293822.rj.r.appspot.com/x,1,79,2,3,1,69,1,6
http://206.189.131.12/wp-includes/customize/container/confiig/app/appca2020/95ff7a57f09d69fc620236701d795996/login.php,1,118,97,2,0,14,0,39
https://www.user-service-ukalert.org/Login.php,1,46,10,1,1,28,1,0
http://www.oronge.digital/personal/e/authID=Xsm0K/,1,50,25,1,0,18,0,1
http://bancoestadoenlinea.cc/,1,29,1,0,0,21,0,0
https://hm-gov.com/HMRC/banks/rbsdigital.com/Security.php?sslchannel=true&sessionid=MEHfFkr03IN4HWecd8No4n1NjaFlWG4dlVUK95VZVSpAKzRvC5z06GT4p14RQtul6Ig298VFmuugkYlVJJ3IAgUIFAbtDQqqov02fTu8Wp1qtg0lCUUjhlZ4kBFQ0jrmzy,1,214,39,0,1,10,1,27
https://hm-gov.com/HMRC/banks/rbsdigital.com/SecurityRetry.php,1,62,44,0,1,10,1,0
https://hm-gov.com/HMRC/banks/rbsdigital.com/Verify.php,1,55,37,0,1,10,1,0
http://phenom.earth/wp-admin/west/login.php,1,43,24,0,0,12,0,0
http://m00518.com/wp-admin/mike/0JU.html?cm_mmc=ac:edm:eCatalogue:maximise_eofy_b2c%7Ccat_1%7C202006%7CCatalogue-Favourite_Product1_Image,1,137,23,0,0,10,0,18
http://a0492841.xsph.ru/verification/dhl/NEWDHL/DHL_(www.topscript.xyz)/cmd-login=f9484de11eefb2cf6370bd09e8c283a3/?email=MRMP-A-A2@mil.be&loginpage=&reff=ODFkNDM5ZTJhODdlMDlkOGMxNGVkYjEyMzU5MzhlMTc=,1,199,92,1,0,16,0,28
http://www.ahsosushiaz.com/tim/,1,31,5,1,0,19,0,0
http://pomosh-advo.ru/wp-admin/zaaa/0JU.html,1,44,23,0,0,14,1,1
http://wp1.j1122663.mzdxp.spectrum.myjino.ru/e08h210c2/agric/fr/,1,64,20,4,0,37,0,14
http://en-id648552-login-made-in-china-com.pantheonsite.io/made-in-china.com/login.made-in-china.com/sign-in/login3.html,1,120,62,1,0,51,1,7
http://iimsn.yolasite.com/,1,26,1,1,0,18,0,0
http://newlifeschooloftheology.com/check/gooooggg.html,1,54,20,0,0,27,0,0
https://intesasanpaolo-sicurezza.link/,1,38,1,0,1,29,1,0
https://connect.auone-mykddi.com/net/vw/cca_lg_eu_net/login.php?appIdKey=JP,1,75,31,1,1,24,1,0
https://auone-myau.com/connect/net/vw/cca_lg_eu_net/login.php?appIdKey=JP,1,73,39,0,1,14,1,0
http://authcaplonline.sdpssonl-manag.fr/cb0d9530743baca300c8b9b4b4d0b8e9,1,72,33,1,0,32,1,18
http://authcaplonline.sdpssonl-manag.fr/e4d0fedde39b2d4d8ca6d6733c615165,1,72,33,1,0,32,1,18
http://authcaplonline.sdpssonl-manag.fr/,1,40,1,1,0,32,1,0
https://asnatasdamaria.com.br/check2/enterpassword.php?JL03G6160691193798ae8da815b0a553491fc0d64a2d18f198ae8da815b0a553491fc0d64a2d18f198ae8da815b0a553491fc0d64a2d18f198ae8da815b0a553491fc0d64a2d18f198ae8da815b0a553491fc0d64a2d18f1&email=undefined&error=,1,254,25,1,1,21,0,114
https://icymoonlit.com/wp-includes/53bnk20/53rd/,1,48,26,0,1,14,0,6
http://indianhandcrafts.biz/securedoc/afzz,1,42,15,0,0,20,0,0
https://www.security-device-pairing.info/Login.php,1,50,10,1,1,32,1,0
https://www.alert-canceldevice.com/Login.php,1,44,10,1,1,26,1,0
https://www.devicesecurity-pairing.info/Login.php,1,49,10,1,1,31,1,0
https://www.deregister-your-login.com/Login.php,1,47,10,1,1,29,1,0
https://xn--twtter-q9a.app/login.html,1,37,11,0,1,18,1,1
https://yourgetatt.weebly.com/,1,30,1,1,1,21,0,0
https://newmobile-registration.co.uk/Login.php,1,46,10,1,1,28,1,0
https://mitwpu.edu.in/winterschool/scss/mixins/mix/,1,51,30,1,1,13,0,0
http://a0492499.xsph.ru/uyityoiutiry/org_new/customer_center/customer-IDPP00C378/login.php,1,90,67,1,0,16,0,12
http://www.actiontitlestjohns.com/wp-content/plugins/rer-elemer/arrival/cdis.html,1,81,48,1,0,26,0,0
https://attred12345.weebly.com/,1,31,1,1,1,22,0,5
https://httpdominicandeckmvfreakyagenda.weebly.com/,1,51,1,1,1,42,0,0
https://new-unauthorised-payment.com/Login.php,1,46,10,0,1,28,1,0
https://www.lnstagramhelpscenter.com/,1,37,1,1,1,28,0,0
https://user-terms677.com/egg.php?secret_key=6hn70a3fqp1uxbsjz4gyrdw5mitc9e,1,75,8,0,1,17,1,11
https://ledyjjmaogzlgznnyyugptxbfb-dot-triple-upgrade-293822.rj.r.appspot.com/x,1,79,2,3,1,69,1,6
https://oreupeuxe.flywheelsites.com/wp-content/uploads/2020/11/,1,63,28,1,1,27,0,6
https://www.login-cancel-payees.com/Login.php,1,45,10,1,1,27,1,0
https://www.secure-updatepayee.com/halifax/Login.php,1,52,18,1,1,26,1,0
https://prohaskaburg.buzz/ssllc/1drvoff/error.html,1,50,25,0,1,17,0,1
https://sitebuzz.co/5804311/aHR0cHM6Ly9sb2dpbi55YWhvby5jb20v&/AQAAAEdMoUDgduToJZVL9LC4BiO40hJuUdfbKLIabPq-eebX3A9tspk7Uyjn1186kGo852yb5GFUwjakCgoWOhdTRWs5UtdOgZgPkcjMpdKqqTRR8jvoqbR6SWUCsqu3dmk0AHRPZPciwwYcDsvlAyZwoRDw1dFBYSHuOuLGN_PXqx5U/,1,239,220,0,1,11,0,38
https://cdpn.io/Outlook1/debug/oNLKXNy,1,38,23,0,1,7,0,1
http://smbc-card.jprphd.cn/,1,27,1,1,0,19,1,0
https://ccbankplc.com/support/covid-19-updates/index.html,1,57,36,0,1,13,0,2
http://blagtheatre.co.uk/owa/home.php?cid=2327&utm_term=2327&utm_campaign=login&utm_medium=help-and-learn&utm_source=login_frontend_hosting&utm_content=flyin&id=bgrhbi5tmthay2vpynmuzwr1,1,185,13,1,0,17,0,11
https://facebookcom-rvqsqqtz.goodfirm.ba/gate.html?location=15d5c906f618252d4c52c90d867abda9,1,92,10,1,1,32,1,21
https://www.grunisac.com/lib/oca/,1,33,9,1,1,16,0,0
https://lucid-aryabhata-5278fb.netlify.app/,1,43,1,1,1,34,1,4
https://loving-sinoussi-3b6e4f.netlify.app/,1,43,1,1,1,34,1,3
https://mystifying-goldwasser-459578.netlify.app/,1,49,1,1,1,40,1,6
https://mystifying-rosalind-f4f61a.netlify.app/,1,47,1,1,1,38,1,3
https://addressrecycle.com/Marcey/Eaton/,1,40,14,0,1,18,0,0
https://newpubgmasia.com/,1,25,1,0,1,16,0,0
http://stzwntpostplanner.blogspot.com/,1,38,1,1,0,30,0,0
http://www.buildcoconstructions.com.au/wp-content/themes/wtdl/user-b.php,1,72,34,2,0,31,0,0
http://gifvideos.in/assets/class/7ca4ccef3eebae14d2a81a0666f32a9f/page.php/13inboxlightaspxn.1774256418&fid.4.1252899642&fid=1&fav.1&rand.13inboxlight.aspxn.1774256418&fid.1252899642&fid.1&fav.1&email=&.rand=13inboxlight.aspx?n=1774256418&fid=4,1,244,206,0,0,12,0,77
http://gifvideos.in/assets/class/7ca4ccef3eebae14d2a81a0666f32a9f/page.php/13inboxlightaspxn.1774256418&fid.4.1252899642&fid=1&fav.1&rand.13inboxlight.aspxn.1774256418&fid.1252899642&fid.1&fav.1&email=&.rand=13inboxlight.aspx/1&fav.1&rand.13inboxlight.aspxn.1774256418&fid.1252899642&fid.1&fav.1&email=&.rand=13inboxlight.aspx?rand=13inboxlightaspxn.1774256418&fid.4.1252899642&fid=1&fav.1&rand.13inboxlight.aspxn.1774256418&fid.1252899642&fid.1&fav.1&email=&.rand=13inboxlight.aspx?n=1774256418&fid=4,1,501,307,0,0,12,0,156
http://gifvideos.in/assets/class/d1e6f9a9d86d6b746829ea43c40d4e6f/page.php/13inboxlightaspxn.1774256418&fid.4.1252899642&fid=1&fav.1&rand.13inboxlight.aspxn.1774256418&fid.1252899642&fid.1&fav.1&email=&.rand=13inboxlight.aspx/1&fav.1&rand.13inboxlight.aspxn.1774256418&fid.1252899642&fid.1&fav.1&email=&.rand=13inboxlight.aspx?rand=13inboxlightaspxn.1774256418&fid.4.1252899642&fid=1&fav.1&rand.13inboxlight.aspxn.1774256418&fid.1252899642&fid.1&fav.1&email=&.rand=13inboxlight.aspx/1&fav.1&rand.13inboxlight.aspxn.1774256418&fid.1252899642&fid.1&fav.1&email=&.rand=13inboxlight.aspx/1&fav.1&rand.13inboxlight.aspxn.1774256418&fid.1252899642&fid.1&fav.1&email=&.rand=13inboxlight.aspx?rand=13inboxlightaspxn.1774256418&fid.4.1252899642&fid=1&fav.1&rand.13inboxlight.aspxn.1774256418&fid.1252899642&fid.1&fav.1&email=&.rand=13inboxlight.aspx/1&fav.1&rand.13inboxlight.aspxn.1774256418&fid.1252899642&fid.1&fav.1&email=&.rand=13inboxlight.aspx/1&fav.1&rand.13inboxlight.aspxn.1774256418&fid.1252899642&fid.1&fav.1&email=&.rand=13inboxlight.aspx?rand=13inboxlightaspxn.1774256418&fid.4.1252899642&fid=1&fav.1&rand.13inboxlight.aspxn.1774256418&fid.1252899642&fid.1&fav.1&email=&.rand=13inboxlight.aspx?n=1774256418&fid=4,1,1217,307,0,0,12,0,374
https://investorshubindia.com/un-lockmyaccount/login.php,1,56,27,0,1,21,0,0
https://investorshubindia.com/un-lockmyaccount/indexx.html?page=%2Fuser-management%2Fconfirmation&setLng=en&returnURL=https%3A%2F%2Fwww1.scotiaonline.scotiabank.com%2Fonline%2Fauthentication%2Fauthentication.bns%3Flanguage%3DEnglish,1,232,29,0,1,21,0,11
https://investorshubindia.com/un-lockmyaccount/login.php?sessionid=e7b01eb15b71e5dc8b47ad3f94329cb3&securessl=true,1,114,27,0,1,21,0,18
https://dazzling-goldstine-0917b1.netlify.app/,1,46,1,1,1,37,1,5
https://elated-wright-7e0fdb.netlify.app/,1,41,1,1,1,32,1,2
https://determined-ritchie-6063ef.netlify.app/,1,46,1,1,1,37,1,4
http://gifvideos.in/assets/class/20a9c9866d93f9bf8b06732f71ec0cbe/page.php/13inboxlightaspxn.1774256418&fid.4.1252899642&fid=1&fav.1&rand.13inboxlight.aspxn.1774256418&fid.1252899642&fid.1&fav.1&email=&.rand=13inboxlight.aspx/1&fav.1&rand.13inboxlight.aspxn.1774256418&fid.1252899642&fid.1&fav.1&email=&.rand=13inboxlight.aspx?rand=13inboxlightaspxn.1774256418&fid.4.1252899642&fid=1&fav.1&rand.13inboxlight.aspxn.1774256418&fid.1252899642&fid.1&fav.1&email=&.rand=13inboxlight.aspx/1&fav.1&rand.13inboxlight.aspxn.1774256418&fid.1252899642&fid.1&fav.1&email=&.rand=13inboxlight.aspx/1&fav.1&rand.13inboxlight.aspxn.1774256418&fid.1252899642&fid.1&fav.1&email=&.rand=13inboxlight.aspx?rand=13inboxlightaspxn.1774256418&fid.4.1252899642&fid=1&fav.1&rand.13inboxlight.aspxn.1774256418&fid.1252899642&fid.1&fav.1&email=&.rand=13inboxlight.aspx/1&fav.1&rand.13inboxlight.aspxn.1774256418&fid.1252899642&fid.1&fav.1&email=&.rand=13inboxlight.aspx/1&fav.1&rand.13inboxlight.aspxn.1774256418&fid.1252899642&fid.1&fav.1&email=&.rand=13inboxlight.aspx?rand=13inboxlightaspxn.1774256418&fid.4.1252899642&fid=1&fav.1&rand.13inboxlight.aspxn.1774256418&fid.1252899642&fid.1&fav.1&email=&.rand=13inboxlight.aspx?n=1774256418&fid=4,1,1217,307,0,0,12,0,374
https://webbase-upgrade-activation.glitch.me/#gestiondecontracargos@azul.com.do,1,79,1,1,1,36,1,0
http://www.thefixturemart.com/OFFICE/OFFICE/offaccess/,1,54,25,1,0,22,0,0
http://wp1.j1122657.mzdxp.spectrum.myjino.ru/a.php,1,50,6,4,0,37,0,8
https://claimskin.in/,1,21,1,0,1,12,0,0
http://gifvideos.in/assets/class/96fc05e6f801ba3a4e94aeabeb4b347d/page.php/13inboxlightaspxn.1774256418&fid.4.1252899642&fid=1&fav.1&rand.13inboxlight.aspxn.1774256418&fid.1252899642&fid.1&fav.1&email=&.rand=13inboxlight.aspx?n=1774256418&fid=4,1,244,206,0,0,12,0,78
http://gifvideos.in/assets/class/96fc05e6f801ba3a4e94aeabeb4b347d/page.php/13inboxlightaspxn.1774256418&fid.4.1252899642&fid=1&fav.1&rand.13inboxlight.aspxn.1774256418&fid.1252899642&fid.1&fav.1&email=&.rand=13inboxlight.aspx/1&fav.1&rand.13inboxlight.aspxn.1774256418&fid.1252899642&fid.1&fav.1&email=&.rand=13inboxlight.aspx?rand=13inboxlightaspxn.1774256418&fid.4.1252899642&fid=1&fav.1&rand.13inboxlight.aspxn.1774256418&fid.1252899642&fid.1&fav.1&email=&.rand=13inboxlight.aspx/1&fav.1&rand.13inboxlight.aspxn.1774256418&fid.1252899642&fid.1&fav.1&email=&.rand=13inboxlight.aspx/1&fav.1&rand.13inboxlight.aspxn.1774256418&fid.1252899642&fid.1&fav.1&email=&.rand=13inboxlight.aspx?rand=13inboxlightaspxn.1774256418&fid.4.1252899642&fid=1&fav.1&rand.13inboxlight.aspxn.1774256418&fid.1252899642&fid.1&fav.1&email=&.rand=13inboxlight.aspx?n=1774256418&fid=4,1,859,307,0,0,12,0,264
https://www.hmrc-ukgovclaims.com/,1,33,1,1,1,24,1,0
http://190.211.254.196/banks/RBC,1,32,10,2,0,15,0,12
http://190.211.254.196/banks/BMO/update.html,1,44,22,2,0,15,0,12
http://190.211.254.196/banks/BMO/em.html,1,40,18,2,0,15,0,12
http://190.211.254.196/banks/BMO/,1,33,11,2,0,15,0,12
http://190.211.254.196/banks/BMO/security.php,1,45,23,2,0,15,0,12
https://aqiqohmandiri.com/cv/card-credit/secure/,1,48,23,0,1,17,0,0
http://hjertevennlig.no/hasmade/index.php,1,41,18,0,0,16,0,0
http://vieuxshack.com/download/adobe/2462223db5bb45f416f2fff5e345986d/,1,70,49,0,0,14,0,21
https://app-list-75422.work/,1,28,1,0,1,19,1,5
https://app-list-75422.work/login/login.html,1,44,17,0,1,19,1,5
https://pipey.net/RNiBl97b4H94u2/kAIyL9,1,39,22,0,1,9,0,7
https://account-orange.weebly.com/,1,34,1,1,1,25,1,0
https://secure44-att.weebly.com/,1,32,1,1,1,23,1,2
http://sctrlgin.com/spotify.update-billing/,1,43,24,0,0,12,0,0
http://lloydsbank.device-prevention-safeguard-login.com/Login.php,1,65,10,1,0,48,1,0
https://newpayee-deregister-newmobile.com/Login.php,1,51,10,0,1,33,1,0
https://remove-newmobile.co.uk/Login.php,1,40,10,1,1,22,1,0
https://de-register-newdevice.com/Login.php,1,43,10,0,1,25,1,0
https://cajamaes-77975b.ingress-baronn.easywp.com/Acceso/Clients/Technique/acceder-a-banca-electronica.html,1,107,58,2,1,41,1,5
http://seivino.it/js/reads/?ss=2&ea=himanshu.desai@in.abb.com&session=15b014ff96750d1d4242138dda47b45a15b014ff96750d1d4242138dda47b45a,1,134,10,0,0,10,0,45
http://lloydsalerts.uk/Login.php,1,32,10,0,0,15,0,0
http://g4leadersforum.org/wp-includes/fonts/xz32/wetra/x44/wel.php,1,66,41,0,0,18,0,5
http://lamarzocco.com.pk/EMS/EMS%20POST/post/china/logistic/intraship/emss.php,1,78,54,1,0,17,0,2
https://connect.auone-auid.com/net/vw/cca_lg_eu_net/login.php?appIdKey=JP,1,73,31,1,1,22,1,0
https://angry-hermann-58d370.netlify.app/,1,41,1,1,1,32,1,5
https://determined-wright-58843a.netlify.app/,1,45,1,1,1,36,1,5
https://affectionate-poitras-c68413.netlify.app/,1,48,1,1,1,39,1,5
https://elegant-williams-5fdcb0.netlify.app/,1,44,1,1,1,35,1,2
https://gallant-goodall-df416f.netlify.app/,1,43,1,1,1,34,1,3
https://frosty-wescoff-7823d0.netlify.app/,1,42,1,1,1,33,1,5
https://eloquent-pare-991ab1.netlify.app/,1,41,1,1,1,32,1,4
http://wp1.trancoso.mzdxp.spectrum.myjino.ru/cajamaes/acceder-a-ban6a-electronica-reintentar/acceder-a-banca-electronica.html,1,125,81,4,0,37,0,2
http://maciel.med.br/wp-includes/images/up/form/index.html,1,58,38,1,0,13,0,0
http://ayooo23.myz.info/,1,24,1,1,0,16,0,2
http://atosgenerators.com/voice/files2/F/D/manage/0a3dbbea35d5858a4b47841a1ea2b995/,1,83,58,0,0,18,0,20
https://bulldogsforsale.com/w3llscaptcha/dashboard/INFO.php?c32c273625f84e31ca63bb62dcdc89a1-c32c273625f84e31ca63bb62dcdc89a1-c32c273625f84e31ca63bb62dcdc89a1c32c273625f84e31ca63bb62dcdc89a1c32c273625f84e31ca63bb62dcdc89a1c32c273625f84e31ca63bb62dcdc89a1c32c273625f84e31ca63bb62dcdc89a1c32c273625f84e31ca63bb62dcdc89a1c32c273625f84e31ca63bb62dcdc89a1c32c273625f84e31ca63bb62dcdc89a1c32c273625f84e31ca63bb62dcdc89a1=,1,415,32,0,1,19,0,210
https://bulldogsforsale.com/w3llscaptcha/dashboard/INFO.php?c6df2d34e4de594a57089b0698c43e55-c6df2d34e4de594a57089b0698c43e55-c6df2d34e4de594a57089b0698c43e55c6df2d34e4de594a57089b0698c43e55c6df2d34e4de594a57089b0698c43e55c6df2d34e4de594a57089b0698c43e55c6df2d34e4de594a57089b0698c43e55c6df2d34e4de594a57089b0698c43e55c6df2d34e4de594a57089b0698c43e55c6df2d34e4de594a57089b0698c43e55c6df2d34e4de594a57089b0698c43e55=,1,415,32,0,1,19,0,232
http://facebookcom-zioqrqkj.goodfirm.ba/gate.html?location=00fdd9d465580d672cba1253200754f3,1,91,10,1,0,32,1,23
http://normativacertificata-dati.com/,1,37,1,0,0,29,1,0
https://activaciondeproductos.com/,1,34,1,0,1,25,0,0
https://activaciondeproductos.com/informacion/transactions.php,1,62,29,0,1,25,0,0
http://trusting-mcclintock-f04982.netlify.app/,1,46,1,1,0,38,1,5
https://www.alertdeviceregisteration-secure.com/Login.php,1,57,10,1,1,39,1,0
https://www.newlogin-attempt.co.uk/Login.php,1,44,10,2,1,26,1,0
https://www.alerted-device-registered.com/Login.php,1,51,10,1,1,33,1,0
https://www.secured-device-uk.com/Login.php,1,43,10,1,1,25,1,0
http://www.cancel-icheck-iloginsecure.com/hsbc/,1,47,6,1,0,34,1,0
http://www.prayercrew.org/wp-content/themes/tg.die.post/USERS/dc65155f56b5dd0/,1,78,53,1,0,18,0,9
https://buorne.ch/calls/,1,24,7,0,1,9,0,0
http://contractcomplianceservices.com/tuvera/index.php/include/include/SpryValidationTextField.css,1,98,61,0,0,30,0,0
http://m.hf2666.com/,1,20,1,1,0,12,0,4
http://blagtheatre.co.uk/office/home.php?cid=2327&utm_term=2327&utm_campaign=login&utm_medium=help-and-learn&utm_source=login_frontend_hosting&utm_content=flyin&id=a3jhz2hhdi5tmthay2vpynmuzwr1,1,192,16,1,0,17,0,13
https://attnetsecurity.weebly.com/,1,34,1,1,1,25,0,0
http://promise-a.com/mobit/,1,27,7,0,0,13,1,0
https://angry-johnson-e64586.netlify.app/,1,41,1,1,1,32,1,5
https://epic-engelbart-a81bd2.netlify.app/,1,42,1,1,1,33,1,3
http://condescending-banach-5ef09c.netlify.app/,1,47,1,1,0,39,1,3
http://dazzling-wiles-165165.netlify.app/,1,41,1,1,0,33,1,6
https://hairandnailaddict.com/page/completed/ow?email=nicole.wiseman@acf.hhs.gov,1,80,18,0,1,21,0,0
https://loving-lamport-35d43d.netlify.app/,1,42,1,1,1,33,1,4
https://spaceandform.com/gsk/1drvoff/,1,37,13,0,1,16,0,1
https://compagnidiviaggio.net/logs/update-your-account-information/security-measure/log-in/,1,91,62,0,1,21,0,0
https://imaginetourist.com/fnts/507dff5c26e0dce/login.php?signin=,1,65,31,0,1,18,0,7
https://imaginetourist.com/fnts/095fa82d3ab638b/login.php?signin=,1,65,31,0,1,18,0,9
https://imaginetourist.com/fnts/9a71f7166754bcf/login.php?signin=,1,65,31,0,1,18,0,10
https://imaginetourist.com/fnts/aca11079b6f47c8/login.php?signin=,1,65,31,0,1,18,0,9
https://fundacionviguesesdistinguidos.com/wp-includes/bent/new_one_drive2/index.html,1,84,43,0,1,33,0,1
https://dgfhgbcshop.com/mazon,1,29,6,0,1,15,0,0
http://vigorous-bassi-fd8417.netlify.app/,1,41,1,1,0,33,1,4
https://xktgfdyxcghhuzpkzrtwqqpuxv-dot-triple-upgrade-293822.rj.r.appspot.com/x,1,79,2,3,1,69,1,6
https://syjuypfcehxuchrlorefjugxvx-dot-triple-upgrade-293822.rj.r.appspot.com/x,1,79,2,3,1,69,1,6
https://priorytetovvo.com/C7kKQArBgd8Nr/YQfNMv,1,46,21,0,1,17,0,2
https://ioeojpsbkqndpfypvgofvwsmyb-dot-triple-upgrade-293822.rj.r.appspot.com/x,1,79,2,3,1,69,1,6
https://trjmxoyxnffnfwmjrtrocczghs-dot-triple-upgrade-293822.rj.r.appspot.com/x,1,79,2,3,1,69,1,6
https://lavidasegundanny.com/ws/?id=WP8DBQMFZ5NHKBD3F3WTC4NTTBCNGXRW24FHNWKBD3F3WTC4NTTBCNGXRW24FHNW874TE7JYAMRUUN9MFQU5BMUJDY,1,126,4,0,1,20,0,18
http://www.adtrack.adnacgroup.com/login.alibaba.com/ali/login.php,1,65,32,2,0,26,0,0
http://ebay.de-wsisapidllsignsecurblleds.aba.vg/saf2wwwdefbaydewsbayisapidllsigninruan20rs/defbaydewsbayisapi/Einlogg.htm,1,121,74,2,0,40,1,3
https://paypal.and.safetyactivity.club/K98VIQqgL/FuKD59nWoqtTrm/JntGWTkKXLUzlgYw/XR9TJ8AVtm6/1,1,94,56,2,1,30,0,8
https://three-reverify.co.uk/log.php,1,36,8,1,1,20,1,0
https://cancel-directdebits.net/Login.php,1,41,10,0,1,23,1,0
http://mail.rainaldisignature.com/webmail/,1,42,9,1,0,26,0,0
http://snip.ly/zjm57r/,1,22,8,0,0,7,0,2
http://perfectpacing.com/INFO/crypt,1,35,11,0,0,17,0,0
http://sma.joingrupinvit.gq/,1,28,1,1,0,20,0,0
https://paypal.com.nkt5c7h.top/ywDtnqvhsGN/8cKg1BhMHwkExSI/h3gQLtjon1JvXZ/SOg0VCcN7hdkPA3/1,1,91,61,2,1,22,0,10
https://halifaxfraudresponseteam.com/login/Login.php,1,52,16,0,1,28,0,0
https://kennithskyway.xyz/gl/,1,29,4,0,1,17,0,0
https://kennithskyway.xyz/ei/,1,29,4,0,1,17,0,0
https://kennithskyway.xyz/ft/,1,29,4,0,1,17,0,0
https://kennithskyway.xyz/hc/,1,29,4,0,1,17,0,0
https://dizbjccciponctufjrtkyhbfpt-dot-triple-upgrade-293822.rj.r.appspot.com/xx,1,80,3,3,1,69,1,6
http://facebookcom-ggpggrvi.goodfirm.ba/gate.html?location=69ac591f0786f7113a305b73e4205228,1,91,10,1,0,32,1,25
https://attmail32123.weebly.com/,1,32,1,1,1,23,0,5
http://austinout.com/mtbonline/,1,31,11,0,0,13,0,0
https://www.fundinglobby.com/vendor/euro2.safelinks.ionos.com/dcd.ionosias.click/index.php?ac=mail@mail.org.uk,1,110,62,1,1,20,0,1
http://wsgtr.000webhostapp.com/ZXDSFX/connect.html,1,50,20,1,0,23,0,3
http://top10songsnews.com/ggry/ourtime123,1,41,16,0,0,18,0,5
https://megaaquaticsolutions.com/wp-content/uploads/ibk2/desktop/identificacao.1jsf.php#cod/acessar/titular/index.xsf,1,117,55,0,1,24,0,2
http://satkom.id/ogg,1,20,4,0,0,9,0,0
http://satkom.id/sgdh,1,21,5,0,0,9,0,0
https://yourdgfhgbc.com/mazon,1,29,6,0,1,15,0,0
http://adoring-colden-1f4667.netlify.app/,1,41,1,1,0,33,1,5
https://affectionate-fermat-6e67a5.netlify.app/,1,47,1,1,1,38,1,4
http://myhelpmanager.com/,1,25,1,0,0,17,0,0
http://soaringskiesrentals.com/wp-data/dtftfdt/live,1,51,21,0,0,23,0,0
http://jaikeol.mybigcommerce.com/y/,1,35,3,1,0,25,0,0
http://credit-postal.com/,1,25,1,0,0,17,1,0
https://help-media-facebook.ml/,1,31,1,0,1,22,1,0
https://grup18freevcshot.vctel.com/,1,35,1,1,1,26,0,2
http://greteldeblock.com/panel/pp/PPL14/ppl/69ae4c1165d670b06bc44a7c90f0a394mdkwmdazmthhmjm0zgu2mzmwyzm3ngm2oge1nje4yzg=/myaccount/biling,1,137,113,0,0,17,0,29
http://emailer.emfluence.com/redirect/?id=68419593%5E16202063%5Ehttps://secure.1und1sec.xyz/,1,92,10,1,0,21,0,20
https://secure.1und1sec.xyz/,1,28,1,1,1,19,0,2
https://hmrcrebatetax.info/Login.php,1,36,10,0,1,18,0,0
http://kbhckywiuyvrmqpv-dot-owaonk399399393.uk.r.appspot.com/,1,61,1,3,0,53,1,9
http://wsgodcdmxetbhkag-dot-owaonk399399393.uk.r.appspot.com/,1,61,1,3,0,53,1,9
http://fhcnyjicgjauvywi-dot-owaonk399399393.uk.r.appspot.com/,1,61,1,3,0,53,1,9
http://gzmnihtuoktwlefp-dot-owaonk399399393.uk.r.appspot.com/,1,61,1,3,0,53,1,9
http://arirtfiobicrgvuv-dot-owaonk399399393.uk.r.appspot.com/,1,61,1,3,0,53,1,9
http://zicvmytmcrbgphcv-dot-owaonk399399393.uk.r.appspot.com/,1,61,1,3,0,53,1,9
http://jjmphewwfszrhbgh-dot-owaonk399399393.uk.r.appspot.com/,1,61,1,3,0,53,1,9
http://ywriyuomsfhvxxqp-dot-owaonk399399393.uk.r.appspot.com/,1,61,1,3,0,53,1,9
http://ytsletlvztdpgzob-dot-owaonk399399393.uk.r.appspot.com/,1,61,1,3,0,53,1,9
http://www.cancel-payments.live/Login.php,1,41,10,1,0,24,1,0
http://oalyfynhzavultpv-dot-owaonk399399393.uk.r.appspot.com/,1,61,1,3,0,53,1,9
http://fgjlcoastzaomped-dot-owaonk399399393.uk.r.appspot.com/,1,61,1,3,0,53,1,9
http://nhbvhcowoesrrpwn-dot-owaonk399399393.uk.r.appspot.com/,1,61,1,3,0,53,1,9
http://jydqgjuvfdxlzrex-dot-owaonk399399393.uk.r.appspot.com/,1,61,1,3,0,53,1,9
http://nieertycdeppdecl-dot-owaonk399399393.uk.r.appspot.com/,1,61,1,3,0,53,1,9
http://bvkwfntsifzsubqg-dot-owaonk399399393.uk.r.appspot.com/,1,61,1,3,0,53,1,9
http://ncqewupitbavqorhkieqcjpncf-dot-triple-upgrade-293822.rj.r.appspot.com/,1,77,1,3,0,69,1,6
http://f4cboook-lognla-facbook-es-8kwrbnvq.filesusr.com/html/e36689_9213ffc29929ece3f7bb9500237aa853.html,1,105,50,1,0,48,1,28
http://ttkiki001.azurewebsites.net/,1,35,1,1,0,27,0,3
http://hoopsnsand.com/voice-message/recover.html,1,48,27,0,0,14,0,0
http://aayanservices.se/mansppt,1,31,8,0,0,16,0,0
http://facebook.com-marketplace-item-205492994010.23499520.com/,1,63,1,2,0,55,1,20
http://metropubgm.com/,1,22,1,0,0,14,0,0
http://webmail.nwpathology.com/owa/auth/logon.aspx,1,50,20,1,0,23,0,0
http://mx2.royal-eng.ps/gate.html?location=5b885e4ae8eb9ff4acc618b5c7ff363e,1,75,10,1,0,16,1,17
https://goaae.com/wp-content/plugins/kona-instagram-feed-for-gutenberg/po/excel/excel/excel.php?rand=13InboxLightaspxn.1774256418&fid.4.1252899642&fid=1&fav.1&rand.13InboxLight.aspxn.1774256418&fid.1252899642&fid.1&fav.1&email=xyzabc@gmail.com&.rand=13InboxLight.aspx?n=1774256418&fid=4,1,286,78,0,1,9,0,62
https://keyabanks.com/kiohjhuhuf/login2.php,1,43,22,0,1,13,0,1
http://drcur.smevmail.com/?email=fofa@yahoo.com,1,47,1,1,0,18,0,0
https://getnowsoldier.com/,1,26,1,0,1,17,0,0
http://www.theperfectboredom.com/redirect/,1,42,10,1,0,25,0,0
https://www.theperfectboredom.com/redirect/retry.php?email=,1,59,19,1,1,25,0,0
https://www.help-auth.com/Login.php,1,35,10,1,1,17,1,0
https://devicereview-protection.com/Login.php,1,45,10,0,1,27,1,0
http://lloydsplc-secure-log.com/Login.php,1,41,10,0,0,24,1,0
http://lloydsonlinepayee.com/Login.php,1,38,10,0,0,21,0,0
https://secure-paired-device.com/Login.php,1,42,10,0,1,24,1,0
http://loginonlinehalifax-secure.com/Login.php,1,46,10,0,0,29,1,0
http://halifaxprotection.com/Login.php,1,38,10,0,0,21,0,0
http://newalert-halifax.info/Login.php,1,38,10,0,0,21,1,0
https://personas-serviciosonasegur01bnper2020.xyz/,1,50,1,0,1,41,1,6
http://pubgmasi.com/,1,20,1,0,0,12,0,0
https://giftcenterpubgm.com/,1,28,1,0,1,19,0,0
http://pubgmgiftcenter.com/,1,27,1,0,0,19,0,0
https://informatieweb-ics.xyz/,1,30,1,0,1,21,1,0
https://informatieweb-ics.xyz/validatie.php,1,43,14,0,1,21,1,0
https://informatieweb-ics.xyz/pincode.php,1,41,12,0,1,21,1,0
https://informatieweb-ics.xyz/cardinleveren.php,1,47,18,0,1,21,1,0
https://shrouhal.com/wp-content/languages/koalqif/z0n51-paypal/d2d7097519b9ab7/login.php?,1,89,68,0,1,12,0,13
http://www.secure-updatepayee.com/halifax,1,41,8,1,0,26,1,0
http://westsidemarketingteam.com/hww/page/index.php,1,51,19,0,0,25,0,0
http://137.220.175.122/ap/signin?key=a@b.c,1,42,10,2,0,15,0,12
https://lioyds-secure.me/Login.php,1,34,10,0,1,16,1,0
https://www.hotelcosmopacifico.com/,1,35,1,1,1,26,0,0
https://www.hotelcosmopacifico.com/step1.html,1,45,11,1,1,26,0,1
https://www.hotelcosmopacifico.com/step2.html,1,45,11,1,1,26,0,1
https://www.hotelcosmopacifico.com/step3.html,1,45,11,1,1,26,0,1
http://ourgrandlife.com/wet/b4b9dd49d3a4024c8825b4261b49710a,1,60,37,0,0,16,0,22
https://www.amazon-service-center-jp.xyz/,1,41,1,1,1,32,1,0
https://theory-imp.com/kschlegel@horwitzinc.com_____check77111_Open_Onedrive/updated_drive_shared_securely_online%20-%20Copy/,1,125,103,0,1,14,1,9
https://dizbjccciponctufjrtkyhbfpt.triple-upgrade-293822.rj.r.appspot.com/x/,1,76,3,4,1,65,1,6
https://iyuxxdxrzcijimirrcxawzdkdubmrxkgynwr.woven-perigee-290416.uk.r.appspot.com/x/x,1,86,4,4,1,74,1,6
http://www.fairy-updaite-amazona-co-jpsafeity.buzz/,1,51,1,1,0,43,1,0
https://www.mobileappupdatehalifaonlinesecure.com/Login.php,1,59,10,1,1,41,0,0
https://celiamay.com/purchase_order/xls/page.php?email=jdoe1@emailhost.c&.rand=13vqcr8bp0gud&lc=1033&id=64855&mkt=en-us&cbcxt=mai&snsc=1,1,136,28,0,1,12,0,15
https://celiamay.com/purchase_order/xls/page.php?email=&.rand=13vqcr8bp0gud&lc=1033&id=64855&mkt=en-us&cbcxt=mai&snsc=1,1,119,28,0,1,12,0,14
https://aakargroups.com/ing.es/,1,31,8,0,1,15,0,0
https://cornlnq.com/GdODnkGx72K9X2l/p0xg4DwpUeZR6Ex/,1,52,33,0,1,11,0,7
https://fra1.digitaloceanspaces.com/dfvoip/oneclickactiave.html#mail@mail.com,1,77,28,1,1,27,0,1
http://sleepy-ptolemy-3fdedb.netlify.app/,1,41,1,1,0,33,1,1
http://lloydsplc-secure-log.com/,1,32,1,0,0,24,1,0
http://halifaxprotection.com/,1,29,1,0,0,21,0,0
http://newalert-halifax.info/,1,29,1,0,0,21,1,0
https://www.als-trading.co.uk/wp-includes/certificates/dsk/page/,1,64,35,2,1,21,1,0
http://ptlend.com/wp-includes/widgets/,1,38,21,0,0,10,0,0
https://www.als-trading.co.uk/wp-includes/certificates/dsk,1,58,29,2,1,21,1,0
https://www.als-trading.co.uk/wp-includes/certificates/dsk/page/card.html?username=,1,83,44,2,1,21,1,0
https://www.als-trading.co.uk/wp-includes/certificates/dsk/page/billing.html?username=,1,86,47,2,1,21,1,0
https://www.als-trading.co.uk/wp-includes/certificates/dsk/page/sms.html,1,72,43,2,1,21,1,0
https://www.als-trading.co.uk/wp-includes/certificates/dsk/page/sms2.html,1,73,44,2,1,21,1,1
https://www.als-trading.co.uk/wp-includes/certificates/dsk/page/sms3.html,1,73,44,2,1,21,1,1
https://unauthorisedpayeehelp.com/Login.php,1,43,10,0,1,25,0,0
https://8ed6b6fd84ec3af843796af2fead6481-dot-genuine-plate-296100.oa.r.appspot.com/,1,83,1,3,1,74,1,23
https://payee-cancellation-issue.com/Login.php,1,46,10,0,1,28,1,0
https://payee-cancellation-issue.com/,1,37,1,0,1,28,1,0
https://wzxatwosnstmkqpqyzjkqrtjqm-dot-triple-upgrade-293822.rj.r.appspot.com/,1,78,1,3,1,69,1,6
https://atosgenerators.com/voice/files2/F/D/manage/acdd4d7eb86bed894b73a8c9fd1b7a39,1,83,57,0,1,18,0,16
https://atosgenerators.com/voice/files2/F/D/manage/acdd4d7eb86bed894b73a8c9fd1b7a39/,1,84,58,0,1,18,0,16
https://atosgenerators.com/voice/files2/F/D/manage/acefe94bf02b783329e60e360860f7dc/,1,84,58,0,1,18,0,20
https://atosgenerators.com/voice/files2/F/D/manage/bd70feb22371485ccfc51f2abbe3cde8/,1,84,58,0,1,18,0,16
https://atosgenerators.com/voice/files2/F/D/manage/25bceecdd7a5cf57ae751b6a490d8e11/,1,84,58,0,1,18,0,17
https://atosgenerators.com/voice/files2/F/D/manage/0cd39f4f328b1a4ea3bf0e9ef1552ec3/,1,84,58,0,1,18,0,18
https://atosgenerators.com/voice/files2/F/D/manage/5ddd642dc4dc80f1b5b9eadf0a29534a/,1,84,58,0,1,18,0,17
http://secure-paired-device.com/,1,32,1,0,0,24,1,0
https://unauthorisedpayeehelp.com/,1,34,1,0,1,25,0,0
https://payee-added.com/Login.php,1,33,10,0,1,15,1,0
http://tesitngbuckerds.ams3.digitaloceanspaces.com/1b7777482add717a949f51cd84c03179/,1,84,34,2,0,43,0,24
http://user-terms677.com/,1,25,1,0,0,17,1,3
https://mydetails-online.com/billing.php,1,40,12,0,1,20,1,0
https://mydetails-online.com/card.php,1,37,9,0,1,20,1,0
https://mydetails-online.com/,1,29,1,0,1,20,1,0
https://wjcctf.com/bpm-id2873965/ver/privati/UNT_frm=277386/index.jsp.php,1,73,55,0,1,10,0,13
https://wjcctf.com/bpm-id2873965/ver/privati/UNT_frm=277386/num.php?aspx&f2b71f32b15a73414568ac5ab3aac6ff,1,105,49,0,1,10,0,31
https://wjcctf.com/bpm-id2873965/ver/privati/UNT_frm=277386/sm.php?aspx&edd56f972df2246bf34824bda903ed24,1,104,48,0,1,10,0,32
https://wjcctf.com/bpm-id2873965/ver/privati/UNT_frm=277386/sm2.php?aspx=&91e5b6906d2c20aeb421df12a3a0bc02,1,106,49,0,1,10,0,33
https://wjcctf.com/bpm-id2873965/ver/privati/UNT_frm=277386/ml.php?aspx&63d512743ca9d94dc127407e4277a9a4,1,104,48,0,1,10,0,36
https://wjcctf.com/bpm-id2873965/ver/privati/UNT_frm=277386/ml2.php?aspx=&5b7b5cb6993dfc5600405aa6c752f482,1,106,49,0,1,10,0,35
http://www.cekilisciniz.net/iphone/,1,35,8,1,0,20,0,0
https://kingzound.ca/covidapprove/Attachment%20Name%2020200408_2049.pdf.html,1,76,56,0,1,12,0,16
https://o2.uk.ac5g00.com/?o2=2,1,30,1,2,1,16,0,6
http://myee-accountreactivation.com/,1,36,1,0,0,28,1,0
http://post-bb.top/anc.html,1,27,9,0,0,11,1,0
http://vigilant-chandrasekhar-06f653.netlify.app/,1,49,1,1,0,41,1,5
https://quirky-hermann-7a4b41.netlify.app/,1,42,1,1,1,33,1,4
http://adsewadhtyrwscz.xyz/,1,27,1,0,0,19,0,0
https://adsewadhtyrwscz.xyz/m.pay.id.conf.htm,1,45,18,0,1,19,0,0
http://adsewadhtyrwscz.xyz/m.id.help.htm,1,40,14,0,0,19,0,0
https://adsewadhtyrwscz.xyz/id.help.htm,1,39,12,0,1,19,0,0
https://checkrebate-online.co.uk/,1,33,1,1,1,24,1,0
https://usbarsandrestaurants.com/n1/NedbankMoney.htm,1,52,20,0,1,24,0,1
http://visualizar.recptsclientes.com/redir.php,1,46,10,1,0,29,0,0
https://www.drwhussain.com/excel/ExcelAuto/page.php?email=info@kraeber.de,1,73,25,1,1,18,0,0
https://www.drwhussain.com/excel/ExcelAuto/page.php?email=&.rand=13vqcr8bp0gud&lc=1033&id=64855&mkt=en-us&cbcxt=mai&snsc=1,1,122,25,1,1,18,0,14
https://cancel-iproceed-payee.com/lloyds/Login.php,1,50,17,0,1,25,1,0
https://cancel-iproceed-payee.com/lloyds/,1,41,8,0,1,25,1,0
http://musing-clarke-eac616.netlify.app/,1,40,1,1,0,32,1,3
http://quizzical-bell-cb2ecd.netlify.app/,1,41,1,1,0,33,1,1
http://pensive-carson-de34cd.netlify.app/,1,41,1,1,0,33,1,2
http://www.movil-scotiabnk.mx01online.com/mxonlineV2/leap/signon/pass.php,1,73,32,2,0,34,1,3
http://grandmining.mn/GlobalSources,1,35,14,0,0,14,0,0
http://m.facebook.com.nemsaithanh.com/,1,38,1,3,0,30,0,0
https://secure.fcotepaa.ee/view-signin.php?facebook_com=&mUniqueID=726367438,1,76,16,1,1,18,0,9
https://secure.fcotepaa.ee/,1,27,1,1,1,18,0,0
https://namsmicaqf.monster/,1,27,1,0,1,18,0,0
https://namsmicaqf.monster/jp/login,1,35,9,0,1,18,0,0
https://aclshippingservice.com/,1,31,1,0,1,22,0,0
http://mail.lloyds-fraudalertaccount.com/Login.php,1,50,10,1,0,33,1,0
http://www.payees-requests.com/hsbc/,1,36,6,1,0,23,1,0
https://bansncmzaecvsdv.com/,1,28,1,0,1,19,0,0
https://bansncmzaecvsdv.com/jp/login,1,36,9,0,1,19,0,0
http://cloudfreespace.net/landing/form/9c0ec8c0-b422-4a95-9995-bab7e90b66b1,1,75,50,0,0,18,0,20
http://sitta.org/newsitta/profiles/standard/standrdinfo/nsco/confirm.html,1,73,57,0,0,9,0,0
http://trusting-swanson-42c464.netlify.app/,1,43,1,1,0,35,1,5
https://yahshdnniqqacxa.com/,1,28,1,0,1,19,0,0
https://yahshdnniqqacxa.com/jp/login,1,36,9,0,1,19,0,0
https://ns1.technoschool.ae/login/login.html,1,44,17,1,1,19,0,1
http://amazing-morse-72921e.netlify.app/,1,40,1,1,0,32,1,5
http://autodiscover.vizientinc.com/owa/auth/logon.aspx,1,54,20,1,0,27,0,0
https://34594fe7edab30d06009aad318caa600-dot-genuine-plate-296100.oa.r.appspot.com/,1,83,1,3,1,74,1,25
https://www.scheduledpaym-alert.com/Login.php,1,45,10,1,1,27,1,0
http://lloydsbank.new-review-auth-device.com/,1,45,1,1,0,37,1,0
http://a0492491.xsph.ru/poiiop/org_new/,1,39,16,1,0,16,0,7
http://login-cancel-payees.com/,1,31,1,0,0,23,1,0
http://f5c85fc7326c4e2afa6c7482e9cf3f57-dot-genuine-plate-296100.oa.r.appspot.com/,1,82,1,3,0,74,1,24
http://ttsoxpanqwnjlxsxeuogjarvma-dot-owaonk399399393.uk.r.appspot.com/,1,71,1,3,0,63,1,9
https://shrouhal.com/wp-content/languages/koalqif/z0n51-paypal/14bfee2c6ccada1/login.php?,1,89,68,0,1,12,0,8
https://loginsupporthelp.net/three,1,34,6,0,1,20,0,0
http://m.hf763.com/,1,19,1,1,0,11,0,3
http://pantekkalisakitkepalaku.blogspot.com/,1,44,1,1,0,36,0,0
https://support-mail-instagram.com/,1,35,1,0,1,26,1,0
http://klutz-commercial.com/Login365/onedrive/,1,46,19,0,0,20,1,3
https://tweofkkbnunlvmcibedsdixxhk-dot-owaonk399399393.uk.r.appspot.com/,1,72,1,3,1,63,1,9
https://letspaling.com/nc_assets/img/view,1,41,19,0,1,14,0,0
https://letspaling.com/nc_assets/img/view/login.php?cmd=login_submit&id=b6ad414e7473143b86dbe7462538cbb5b6ad414e7473143b86dbe7462538cbb5&session=b6ad414e7473143b86dbe7462538cbb5b6ad414e7473143b86dbe7462538cbb5,1,209,29,0,1,14,0,84
https://letspaling.com/nc_assets/img/view/,1,42,20,0,1,14,0,0
http://nxdoydzvjpxqgcetghuzwisaji-dot-idyllic-chimera-296111.et.r.appspot.com/,1,78,1,3,0,70,1,6
http://turkeihlas-ehaberin.org/,1,31,1,0,0,23,1,0
https://www.movil-scotiabnk.mx01online.com/,1,43,1,2,1,34,1,2
https://onlineservr-boa.myvnc.com/home/authen.php?olbSignV20_go?reason=_1faa2fe572593a47be809174731ff38frequest_locale=en_,1,122,16,1,1,25,1,23
http://onlineservr-boa.myvnc.com/home/authen.php?olbSignV20_go?reason=_2ebdbdc058d4b86565b6eb9b1d469fc6request_locale=en_,1,121,16,1,0,25,1,19
http://xmetropubgm.jetos.com/,1,29,1,1,0,21,0,0
http://www.hallfax.personal-digital.online/Welcome.php,1,54,12,2,0,35,1,0
https://ambulanceservicesnearme.com/covidapprove/Attachment%20Name%2020200408_2049.pdf.html,1,91,56,0,1,27,0,16
https://online-rxstore.xyz/v/cmd-login=e175e0395a5fcceb980485ac37f043f1/?email=RMyers@irvingbible.org&loginpage=&reff=NWE2ODYyNDUwYzNjNWJlMTk4ZDZjNDc1NjY3NDMzZWU=,1,162,46,0,1,18,1,24
https://decline-payeeonline.com/Halifax/Login.php,1,49,18,0,1,23,1,0
http://cancel-payments.live/,1,28,1,0,0,20,1,0
http://online.scotiabank.mx01online.com/mxonlineV2/leap/signon/pass.php,1,71,32,2,0,32,0,3
http://online.scotiabank.mx01online.com/mxonlineV2/leap/signon/indexx.php,1,73,34,2,0,32,0,3
http://three-login-uk.com/,1,26,1,0,0,18,1,0
https://www.de-register-newdevice-secure.com/Login.php,1,54,10,1,1,36,1,0
http://hmrcrebatetax.info/,1,26,1,0,0,18,0,0
http://new-unauthorised-payment.com/,1,36,1,0,0,28,1,0
https://skinmetroroyale.com/,1,28,1,0,1,19,0,0
https://peycon.net/xk1xGlKb424UjI/8KH08q,1,40,22,0,1,10,0,7
http://riattiva-utenza-app.com/kqzu4972gvfd,1,43,13,0,0,23,1,4
http://verifynetflix-support.com/,1,33,1,0,0,25,1,0
https://verifynetflix-support.com/netflix/Login.php?sessionID=RTKQu5HiYu3ZiM8JWoRcJx3aV7CzWqkhnlcOPTmoWTRwehOmMhF95KJN0Ir5aBZlZADTWg7GqxQxzj4OEweDuntXp7RTJCPUTSR4&error=Login,1,174,18,0,1,25,1,13
https://www.o2-paymentupdate.com/,1,33,1,1,1,24,1,1
https://www.o2-paymentupdate.com/login.php,1,42,10,1,1,24,1,1
http://foodcocatering.com/lwebmail/ver.php,1,42,17,0,0,18,0,0
http://keen-heyrovsky-47adc3.netlify.app/,1,41,1,1,0,33,1,3
https://thesoftvision.com/eledocs/invoices/office/Secure/,1,57,32,0,1,17,0,0
https://har2i.com/bo/home/,1,26,9,0,1,9,0,1
https://har2i.com/bo/home/confirm.php?cmd=login_submit&id=4332222bbf36056a1dee259aaf7c83004332222bbf36056a1dee259aaf7c8300&session=4332222bbf36056a1dee259aaf7c83004332222bbf36056a1dee259aaf7c8300,1,195,20,0,1,9,0,85
https://har2i.com/bo/home/info.php?cmd=login_submit&id=898c3508813b4cff1c8f39b991fad19b898c3508813b4cff1c8f39b991fad19b&session=898c3508813b4cff1c8f39b991fad19b898c3508813b4cff1c8f39b991fad19b,1,192,17,0,1,9,0,81
https://har2i.com/bo/home/login.php?cmd=login_submit&id=7fad06f37bdb5ef69cf5e49a7d8a4dd97fad06f37bdb5ef69cf5e49a7d8a4dd9&session=7fad06f37bdb5ef69cf5e49a7d8a4dd97fad06f37bdb5ef69cf5e49a7d8a4dd9,1,193,18,0,1,9,0,61
https://har2i.com/bo/home/confirm.php?cmd=login_submit&id=3d26151bf9e9ed1c13e443265535b1403d26151bf9e9ed1c13e443265535b140&session=3d26151bf9e9ed1c13e443265535b1403d26151bf9e9ed1c13e443265535b140,1,195,20,0,1,9,0,93
https://har2i.com/bo/home/info.php?cmd=login_submit&id=6ad0871d06fdf1d0ce00570142d92bea6ad0871d06fdf1d0ce00570142d92bea&session=6ad0871d06fdf1d0ce00570142d92bea6ad0871d06fdf1d0ce00570142d92bea,1,192,17,0,1,9,0,77
https://har2i.com/bo/home,1,25,8,0,1,9,0,1
https://har2i.com/bo/home/confirm.php?cmd=login_submit&id=759e41131aa397209efe16a09e5b6002759e41131aa397209efe16a09e5b6002&session=759e41131aa397209efe16a09e5b6002759e41131aa397209efe16a09e5b6002,1,195,20,0,1,9,0,93
https://har2i.com/bo/home/info.php?cmd=login_submit&id=ddd95e9b1b13aaa16ed0c74dc1368fd6ddd95e9b1b13aaa16ed0c74dc1368fd6&session=ddd95e9b1b13aaa16ed0c74dc1368fd6ddd95e9b1b13aaa16ed0c74dc1368fd6,1,192,17,0,1,9,0,65
https://har2i.com/bo/home/info.php?cmd=login_submit&id=f680b5ef777a9ed6a27323b2c1a54298f680b5ef777a9ed6a27323b2c1a54298&session=f680b5ef777a9ed6a27323b2c1a54298f680b5ef777a9ed6a27323b2c1a54298,1,192,17,0,1,9,0,85
http://democrat-info.ru/b,1,25,2,0,0,16,1,0
http://server.bludomain82.com/~starp/www/service/,1,49,20,1,0,22,0,2
https://facebookcom-wwjutryn.goodfirm.ba/gate.html?location=15d5c906f618252d4c52c90d867abda9,1,92,10,1,1,32,1,21
http://wp1.j1122053.mzdxp.spectrum.myjino.ru/inspz/suivenvoi/chronopost%20_fr/accueil/0ogrhmjy=/,1,96,52,4,0,37,0,11
http://wp1.j1122053.mzdxp.spectrum.myjino.ru/inspz/suivenvoi/chronopost%20_fr/accueil/0ogrhmjy=/ifram1.php?Code_Sms_conexpage,1,125,62,4,0,37,0,12
http://wp1.j1122053.mzdxp.spectrum.myjino.ru/inspz/suivenvoi/chronopost%20_fr/accueil/0ogrhmjy=/ifram2.php?Code_Smserror_tapnovcodeSms,1,134,62,4,0,37,0,12
http://xn--btstarz-rfb.com/,1,27,1,0,0,19,1,0
http://acceron.net/media/com_acym/upload/socials/index.html,1,59,41,0,0,11,0,0
http://one-open.cf/a.abad@marzola.es/sharepoint.php?cmd=login_submit&id=d6095c06dc5f90831be78e6c776f99ead6095c06dc5f90831be78e6c776f99ea&session=d6095c06dc5f90831be78e6c776f99ead6095c06dc5f90831be78e6c776f99ea,1,209,33,0,0,11,1,80
http://seriousdecline.com/,1,26,1,0,0,18,0,0
https://pubgmseasonrewards.com/,1,31,1,0,1,22,0,0
https://prevencionesenlinea.com/,1,32,1,0,1,23,0,0
https://nncgcnuwxqlnkkemzimcaqodwv-dot-triple-upgrade-293822.rj.r.appspot.com/x,1,79,2,3,1,69,1,6
https://xcyqmizmdvwebxzrkzlkpgxnle-dot-triple-upgrade-293822.rj.r.appspot.com/x,1,79,2,3,1,69,1,6
http://siwiba.com.sb/cli/finder/sign_auth/sign_auth/sign_auth/953cfa3b4e529bbfa27e009e80af727e953cfa3b4e529bbfa27e009e80bf727e,1,126,106,1,0,13,0,36
http://siwiba.com.sb/cli/finder/sign_auth/sign_auth/sign_auth/953cfa3b4e529bbfa27e009e80af727e953cfa3b4e529bbfa27e009e80bf727e/authUpdate.php?validate;ab6ad4b4bb75d0ef82062d1957a485f5ab6ad4b4bb75d0ef82062d1957a485f5,1,215,121,1,0,13,0,74
https://pokercllub88.com/wordpress/eb/agwu/index.php?email=nobody@mycraftmail.com,1,81,28,0,1,16,0,2
https://scottm1.000webhostapp.com/new_now%20Austin/site/index.html,1,66,33,1,1,25,0,6
http://adoring-benz-eebb61.netlify.app/,1,39,1,1,0,31,1,2
https://angry-clarke-986712.netlify.app/,1,40,1,1,1,31,1,6
https://decline-payeeonline.com/Halifax/,1,40,9,0,1,23,1,0
http://paypalmailservice.nifaso.me/,1,35,1,1,0,27,0,0
http://paypal-paypal.nifaso.me/,1,31,1,1,0,23,1,0
http://facebookcom-niphoszy.goodfirm.ba/gate.html?location=52526b49507e279d0e0a8b6b8baa0f5c,1,91,10,1,0,32,1,20
http://facebookcom-zvfuvlyy.goodfirm.ba/gate.html?location=00fdd9d465580d672cba1253200754f3,1,91,10,1,0,32,1,23
http://a0492491.xsph.ru/poiiop/org_new/customer_center/customer-IDPP00C114/login.php,1,84,61,1,0,16,0,12
http://www.akubica.com/wp-content/plugins/elementor/arrivalword/cdis.html,1,73,51,1,0,15,0,0
https://updatebillingmethods.com/,1,33,1,0,1,24,0,0
https://neweequery-debit.com/,1,29,1,0,1,20,1,0
https://normativesicurezzeweb.com/,1,34,1,0,1,25,0,0
https://newdebitinfotoee.com/,1,29,1,0,1,20,0,0
http://thietbihantbt.com/kaufer0-mochtendiesenkaufabbrechen&amp;cgi3-viewkontakt-6446745566564-007acctpagetype-6446745566564=24340-&amp;ebay@yoursales24.de.html,1,160,39,0,0,17,0,38
http://csecure07jc.jprnorgan-chasce.com/signin/,1,47,8,1,0,32,1,2
https://35.197.187.119/blog/up/up-next/43351f7bf9a215be70c2c2caa7555002/,1,72,50,2,1,14,0,32
http://remembernancy.com/Onedrive1/index.php,1,44,20,0,0,17,0,1
https://jiajillxu.com/compteclient/,1,35,14,0,1,13,0,0
https://outlook-webapp-hjshjdddhjhjdu3.web.app/,1,47,1,1,1,38,1,1
http://smac-card.scwsw.com/,1,27,1,1,0,19,1,0
http://ulptpspnxyewgzas-dot-owaonk399399393.uk.r.appspot.com/,1,61,1,3,0,53,1,9
http://vikejtrlpcmrlosc-dot-owaonk399399393.uk.r.appspot.com/,1,61,1,3,0,53,1,9
http://pmjpwyokgwprebgl-dot-owaonk399399393.uk.r.appspot.com/,1,61,1,3,0,53,1,9
http://lbadqucegufygcpl-dot-owaonk399399393.uk.r.appspot.com/,1,61,1,3,0,53,1,9
http://jpmorgan-chaselogon.com/signin/,1,38,8,0,0,23,1,0
http://vztlzqyedxltdvdi-dot-owaonk399399393.uk.r.appspot.com/,1,61,1,3,0,53,1,9
http://lroyexkkjszxfpqe-dot-owaonk399399393.uk.r.appspot.com/,1,61,1,3,0,53,1,9
http://diyintjuoazfslpn-dot-owaonk399399393.uk.r.appspot.com/,1,61,1,3,0,53,1,9
http://cdsdvokpnhnlbfos-dot-owaonk399399393.uk.r.appspot.com/,1,61,1,3,0,53,1,9
http://pkwfdozrxsfcucej-dot-owaonk399399393.uk.r.appspot.com/,1,61,1,3,0,53,1,9
http://qqdrrlzpqhrlespommutaagwox-dot-triple-upgrade-293822.rj.r.appspot.com/,1,77,1,3,0,69,1,6
http://blissful-carson-429c10.netlify.app/,1,42,1,1,0,34,1,5
http://amazon-regalos.deal-express.club/consumergoods/es,1,56,17,1,0,32,1,0
http://wildcard.techsso.com/gate.html,1,37,10,1,0,20,0,0
http://mta.royal-eng.ps/gate.html?location=e3ad06fef3fca1880167c55a61128074,1,75,10,1,0,16,1,21
http://post-77101369.ingeniousmarketer.com/gate.html?location=e9d6558a1a452d21ad66a3c3ec23287f,1,94,10,1,0,35,1,28
http://fbbaxjmqdgfslkfz-dot-owaonk399399393.uk.r.appspot.com/,1,61,1,3,0,53,1,9
http://halifaxfraudresponseteam.com/login/admin,1,47,12,0,0,28,0,0
http://dprgczxxjdeodjws-dot-owaonk399399393.uk.r.appspot.com/,1,61,1,3,0,53,1,9
http://oaxxtdamcvukldzq-dot-owaonk399399393.uk.r.appspot.com/,1,61,1,3,0,53,1,9
http://dalkingteaking.com/lkjhgf/oiuytrtg,1,41,16,0,0,18,0,0
http://newspinhalloween.com/,1,28,1,0,0,20,0,0
http://applnch-615449943.sangekasra.ir/gate.html?location=034c66720d523fdc64a8e2f1606c6144,1,90,10,1,0,31,1,32
http://vmail.royal-eng.ps/gate.html?location=608cc5bfe63b01bf788f05c4ea0399eb,1,77,10,1,0,18,1,18
https://www.xlcoatings.com/ss/myaccount/,1,40,14,1,1,18,0,0
http://taxisis.com/de-amazon,1,28,10,0,0,11,0,0
http://menterio.com/Maine/Signs/u.php?l=DHl-dTracking_=_JeHFUq_VJOXK0QWHtoGYDw=_JeHFUq_VJOXK0QWHtoGYDw=_JeHFUq_VJOXK0QWHto=,1,123,18,0,0,12,0,3
http://realismsustain.com/,1,26,1,0,0,18,0,0
http://epic-thompson-4f25f7.netlify.app/,1,40,1,1,0,32,1,4
http://admiring-leakey-9e0504.netlify.app/,1,42,1,1,0,34,1,5
http://facebook-com-groupquemoneessmexx.filesusr.com/html/33a10d_c02bf21d7f87abdd34a8bc0b40cf082d.html,1,102,50,1,0,45,1,20
http://rvce.com.sa/webmail/webmail.php,1,38,20,1,0,11,0,0
http://app-vsfjgghp.hotel-mashhad.ir/gate.html?location=696ca8438d6bcbbf8ce5d67239091acf,1,88,10,1,0,29,1,18
https://app-gxqthigw.hotel-mashhad.ir/gate.html?location=fb078cd472ebb13661684e51b59f2be2,1,89,10,1,1,29,1,20
http://app-yllnghrv.hotel-mashhad.ir/gate.html?location=696ca8438d6bcbbf8ce5d67239091acf,1,88,10,1,0,29,1,18
http://app-eooqmnxz.hotel-mashhad.ir/gate.html?location=696ca8438d6bcbbf8ce5d67239091acf,1,88,10,1,0,29,1,18
http://app-jllslupn.hotel-mashhad.ir/gate.html?location=25f469475bcfec5be12de52731ead95b,1,88,10,1,0,29,1,18
https://app-hngdimjm.hotel-mashhad.ir/gate.html?location=fb078cd472ebb13661684e51b59f2be2,1,89,10,1,1,29,1,20
http://wp1.j1122053.mzdxp.spectrum.myjino.ru/ef31c28qhte08h22/im/espac/sms.html,1,79,35,4,0,37,0,16
http://wp1.j1122300.mzdxp.spectrum.myjino.ru/read1.php,1,54,10,4,0,37,0,9
https://sensationalsicily.ru/uyhgv456htgrefr456yhtrgvfe/?xujytrhamtion=456rgrfds427,1,83,28,0,1,20,0,12
http://waspjinn.com/,1,20,1,0,0,12,0,0
https://amazson-fr.xyz/ssl/ok/amz19/login.php,1,45,23,0,1,14,1,2
https://www.agroexportavocados.com/www.made-in-china.com/mic/mic/index.php,1,74,40,1,1,26,0,0
https://www.ninja5tyl3.com/tradingsystems/wp-admin/user/www.made-in-china.com/login.made-in-china.com/index.php,1,111,85,1,1,18,0,2
https://mohpscsbiyrmdbwvoybdcltjue-dot-owaonk399399393.uk.r.appspot.com/?utm_medium=email&utm_campaign=website&utm_source=sendgrid.com,1,134,1,3,1,63,1,9
http://paypial-us.com/,1,22,1,0,0,14,1,0
https://aggiornamentointesa.com/login,1,37,6,0,1,23,0,0
https://aggiornamentodati-info.com/info,1,39,5,0,1,26,1,0
http://practical-kalam-2e1009.netlify.app/,1,42,1,1,0,34,1,5
https://deregister-onlineconfirmation.com/,1,42,1,0,1,33,1,0
https://app-qnxxuqvs.hotel-mashhad.ir/gate.html?location=aabccb27071aa0cfbb6fcd559b752e79,1,89,10,1,1,29,1,15
http://burpwideeyed.org/service.operation/excelz/bizmail.php?email=b2ZmaWNlQHhpYWFvLmNvbQ==&.rand=13vqcr8bp0gud&lc=1033&id=64855&mkt=en-us&cbcxt=mai&snsc=1,1,155,37,0,0,16,0,15
https://uk-virgin1.com/Login.php?sessionID=xYDh6qKelHDckgXe7PZSAcz9tIAXyB8DRtJOioq6QSpCiF7UjS1J2AHuACrZXpQhEQIHgOnR54Imf2mts4Tww59WEjT6UanBT5LV,1,143,10,0,1,14,1,17
http://96a846c68dceb3436de92d4c2fa17bca-dot-lifeonline-297312.oa.r.appspot.com/,1,79,1,3,0,71,1,23
http://app-mxsrooon.hotel-mashhad.ir/gate.html?location=0c2a62a1ad8b890bbffe467d927260a6,1,88,10,1,0,29,1,19
http://binancelogin.info/,1,25,1,0,0,17,0,0
https://binancelogin.info/verify.php,1,36,11,0,1,17,0,0
https://iseam.co/niuewe-triodos-nl-html/,1,40,24,0,1,8,0,0
http://g4leadersforum.org/wp-includes/fonts/xz32/wetra/x44,1,58,33,0,0,18,0,5
https://tiatpbdfwbckbvaqphaakmfool-dot-idyllic-chimera-296111.et.r.appspot.com/,1,79,1,3,1,70,1,6
https://helpp.ssnapchat.com.zubairmirza.pk/login.html,1,53,11,3,1,34,0,0
http://ce0cdf65eb8f08bb00c9b13efb6ce23e-dot-tidy-rig-288911.oa.r.appspot.com/,1,77,1,3,0,69,1,20
http://goalatogames.play-minigames.com/images/snap,1,50,12,1,0,31,1,0
http://staemcommunninty.com/,1,28,1,0,0,20,0,0
https://shrouhal.com/wp-content/languages/koalqif/z0n51-paypal/9cc1d0113d05f7d/login.php?,1,89,68,0,1,12,0,12
https://shrouhal.com/wp-content/languages/koalqif/z0n51-paypal/b6dc0988d148d55/login.php?,1,89,68,0,1,12,0,13
https://05006242698bb4f71a9341aa0e327f6d-dot-lifeonline-297312.oa.r.appspot.com/,1,80,1,3,1,71,1,29
https://frabjsahyfwvkxokqodvoowsrm-dot-idyllic-chimera-296111.et.r.appspot.com/,1,79,1,3,1,70,1,6
https://mail.apexasiatravel.com/0abdc563a06105aee3c6136871c9f4d1/,1,65,34,1,1,23,0,20
http://awesome-bell-fbab33.netlify.app/,1,39,1,1,0,31,1,2
https://taxreturns-your-rebate.com/,1,35,1,0,1,26,1,0
https://kzchibucolmnsinohmrtzejgdb-dot-triple-upgrade-293822.rj.r.appspot.com/,1,78,1,3,1,69,1,6
http://netflix.one-year-unlimited-movies.com/,1,45,1,1,0,37,1,0
https://fghjr74rhudfguhtfguji.blogspot.com/,1,43,1,1,1,34,0,2
https://halifaxunrecognised-device.com/Login.php,1,48,10,0,1,30,1,0
https://halifax-payeecase.com/Login.php,1,39,10,0,1,21,1,0
http://app.dropbox.bussiness.portsmouthmots.co.uk/,1,50,1,4,0,42,0,0
https://ariuutfikqbkaamdwfsvyxaakw-dot-idyllic-chimera-296111.et.r.appspot.com/,1,79,1,3,1,70,1,6
https://ee2653508da4684a9d40d6a6fcd0fca5-dot-tidy-rig-288911.oa.r.appspot.com/,1,78,1,3,1,69,1,24
https://656400dd5ef40362bbad06e4e53ea04f-dot-tidy-rig-288911.oa.r.appspot.com/,1,78,1,3,1,69,1,25
http://rdyhkciytfkpipplpmykqbzlrr-dot-idyllic-chimera-296111.et.r.appspot.com/,1,78,1,3,0,70,1,6
https://mumbpbnoovdrsfsqohsexlfllx-dot-idyllic-chimera-296111.et.r.appspot.com/,1,79,1,3,1,70,1,6
https://ufrgilmnjyqxlanpnuwocetkue-dot-idyllic-chimera-296111.et.r.appspot.com/,1,79,1,3,1,70,1,6
https://70b3c88067564ea454d9feb70b8a22ec-dot-tidy-rig-288911.oa.r.appspot.com/,1,78,1,3,1,69,1,26
http://e22aa323ddcf83269563aaa7ea02669e-dot-tidy-rig-288911.oa.r.appspot.com/,1,77,1,3,0,69,1,25
http://vudjvbnlxepxtimhzzuanypmlv-dot-idyllic-chimera-296111.et.r.appspot.com/,1,78,1,3,0,70,1,6
https://9049aec47eea2939aced282aff72359e-dot-vygdgfhjwjjvhvn.oa.r.appspot.com/,1,78,1,3,1,69,1,18
https://qxlzpuknehaoujjxprafyixzbe-dot-idyllic-chimera-296111.et.r.appspot.com/,1,79,1,3,1,70,1,6
https://suspicious-almeida-1d9296.netlify.app/,1,46,1,1,1,37,1,5
https://russianstyleind.com/pp/,1,31,4,0,1,19,0,0
https://e45qwex7.firebaseapp.com/,1,33,1,1,1,24,0,3
https://njgifrhnzqeectrqyifnvwounh-dot-idyllic-chimera-296111.et.r.appspot.com/,1,79,1,3,1,70,1,6
https://lxjkccwvaneekgnpsblhjjshey-dot-idyllic-chimera-296111.et.r.appspot.com/,1,79,1,3,1,70,1,6
http://iwrpnhttxlawluaesxiwcpfdtv-dot-idyllic-chimera-296111.et.r.appspot.com/,1,78,1,3,0,70,1,6
http://gffydanbavlwowufvreyxoyvft-dot-idyllic-chimera-296111.et.r.appspot.com/,1,78,1,3,0,70,1,6
http://snblcwjfzicsflkzkktaddabma-dot-idyllic-chimera-296111.et.r.appspot.com/,1,78,1,3,0,70,1,6
https://vrtkzjmbjcvjgllrgmoerinaqo-dot-idyllic-chimera-296111.et.r.appspot.com/,1,79,1,3,1,70,1,6
https://zwtldoumlbeeprkdzwlpmhwtcz-dot-idyllic-chimera-296111.et.r.appspot.com/,1,79,1,3,1,70,1,6
https://qgblcqxvmwaatlbksmnckonupx-dot-idyllic-chimera-296111.et.r.appspot.com/,1,79,1,3,1,70,1,6
http://nrxyxeokcqifslkelsmhbnvkzg-dot-idyllic-chimera-296111.et.r.appspot.com/,1,78,1,3,0,70,1,6
https://i.e.t.interac.ca-sj.org/sh/G8s4o/cdnbnk/login.php,1,57,26,4,1,23,1,2
http://skhhiwynqbuzfjgogpuzwvdmzs-dot-idyllic-chimera-296111.et.r.appspot.com/,1,78,1,3,0,70,1,6
http://frosty-poincare-c300c4.netlify.app/,1,42,1,1,0,34,1,4
https://www.egfinancialsolutions.com/wp-content/uploads/2020/11/1&1/cmd-login=2fa960a1990a231b18bfe6368da9c911/index.php?loginpage=mail.ionos.com/&reff=NWJiYmExMmE2NDVhOTE5ZTQxMzQyOTAyOGE4MGUwNjc,1,195,84,1,1,28,0,32
https://www.egfinancialsolutions.com/wp-content/uploads/2020/11/1&1/cmd-login=2fa960a1990a231b18bfe6368da9c911/validate.php?src=DluZDluZHNmNDBlb2RzaDluZHNmNDDBlb2RzaTRpZWprMzBka2prZWtjamtkIGNuZmk0bmZpbTRpZWprMzBka2prZWtjamtkIGNuZmk0bmZpbHNmNDBlb2RzaTRDluZHNmNDBlb2RzaTRpZWprMzBka2prZWtjamtkIGNuZmk0bmZpbpZWprMzBka2prZWtjamtkIGNuZmk0bmZpbZWppZXdpb2U5NDluZHNmNDBlb2RzaTRpZWprMzBka2prZWtjamtkIGNuZmk0bmZpb25ja29uc2NrIGtjIGtqIHZqayBj&email=,1,436,87,1,1,28,0,51
https://klutzcommercial.net/c/,1,30,3,0,1,19,0,0
https://klutzcommercial.net/c/nex.php,1,37,10,0,1,19,0,0
https://klutzcommercial.net/c/kiks.php,1,38,11,0,1,19,0,0
http://www.webenliven.ae/UC1/retiovcx-excel2/,1,45,21,1,0,17,0,2
http://www.webenliven.ae/ON1/retiovcx-excel2/,1,45,21,1,0,17,0,2
https://prevencionesenlinea.com/login.html,1,42,11,0,1,23,0,0
http://newmobile-registration.co.uk/,1,36,1,1,0,28,1,0
https://app-mqtkyvps.hotel-mashhad.ir/gate.html?location=b1081122d8bee1fdf15a2f04c422ecf1,1,89,10,1,1,29,1,18
http://hs-bcbankus.com/,1,23,1,0,0,15,1,0
http://mlbb-codashop32.ga/login/facebook/,1,41,16,0,0,18,1,2
http://mlbb-codashop32.ga/login/facebook,1,40,15,0,0,18,1,2
http://www.1shrimpcafe.com/wp-admin/audio/retrieve/spool/,1,57,31,1,0,19,0,1
http://leve.mobi/.Doc/Invoice/wp-incllude,1,41,25,0,0,9,0,0
http://7e4eb747.azure-therapies.uk/es2/?AUTH_TOKEN=75392bd28f4002f087a995bb3e49a6861eb03aa66fad27fdefcc8e497fe62bd209516cf0433c1ee5be5407f3aa79f9ce3c4f5b92797da8f104824efe0bfb9100&code=f114e4b23fe0e9ba61e2ae74534bf19fee87be69a7785abd721255c89e277050.&cur=home&page=welcome,1,272,5,1,0,27,1,122
http://e6ccd1a3.azure-therapies.uk/es2/,1,39,5,1,0,27,1,4
http://cooldemoz.com/crmsite/officework/ow/auth/logon.aspx?replacecurrent=1&reason=2&url=,1,89,38,0,0,13,0,2
http://reproconsultant.com/wp-content/themes/twentytwelve/lin/Linkedin/checkpoint/,1,82,56,0,0,19,0,0
http://activityevents7mlbb.cf/login/facebook/,1,45,16,0,0,22,0,1
https://verifynetflix-support.com/netflix/Login.php?sessionID=egdl7lfa9wkGYUpAA75du3e4ykhFspJQoIlVvQbAn0niMPtKeW5yWs8m80LBZtcHnUG9n1iaAUwYJzQ2YTDoqoh14hwt5iiMHyeM,1,162,18,0,1,25,1,17
http://activityeventsblezing71.tk/login/facebook/,1,49,16,0,0,26,0,2
http://activitycoda7mlbb.tk/login/facebook/,1,43,16,0,0,20,0,1
http://activitycoda7mlbb.tk/login/facebook,1,42,15,0,0,20,0,1
https://activityeventsblezing71.tk/login/facebook,1,49,15,0,1,26,0,2
https://activitymlbbevents55.ga/login/facebook,1,46,15,0,1,23,0,2
https://activitymlbbevents55.ga/login/facebook/,1,47,16,0,1,23,0,2
http://upcleandown.ml/updates/,1,30,9,0,0,14,0,0
http://xxcbnbnvhihjilikhiil.000webhostapp.com/,1,46,1,1,0,38,0,3
https://ambilhadiah23.toh.info/,1,31,1,1,1,22,0,2
https://250xxx.org/irii/banks/SCO/confirm.html,1,46,28,0,1,10,0,3
https://tazhlmnjkwdkbmmvqubjplbtkb-dot-triple-upgrade-293822.rj.r.appspot.com/,1,78,1,3,1,69,1,6
https://axqjxieudijvqzjf-dot-owaonk399399393.uk.r.appspot.com/,1,62,1,3,1,53,1,9
https://cqnfsbaalyakcxzewizteojkyh-dot-triple-upgrade-293822.rj.r.appspot.com/x,1,79,2,3,1,69,1,6
https://solobuenasideas.com/ws/?id=WP8DBQMFZ5NHKBD3F3WTC4NTTBCNGXRW24FHNWKBD3F3WTC4NTTBCNGXRW24FHNW874TE7JYAMRUUN9MFQU5BMUJDY,1,125,4,0,1,19,0,18
https://www.hydrazine-alley.com/wp-includes/blocks/shortcode/dtml/excelz/bizmail.php,1,84,53,1,1,23,1,0
https://www.security-device-deregistration.co.uk/Login.php,1,58,10,2,1,40,1,0
https://microsoftshareddrive.weebly.com/,1,40,1,1,1,31,0,0
http://www.leguirek.com/404/page/not/found/onedri/one/,1,54,31,1,0,16,0,3
http://tsb-login.secure-online-personal.com/,1,44,1,1,0,36,1,0
http://jrmpkmuzhiwmnvax-dot-owaonk399399393.uk.r.appspot.com/,1,61,1,3,0,53,1,9
http://safpkprqdzeyjdlg-dot-owaonk399399393.uk.r.appspot.com/,1,61,1,3,0,53,1,9
http://vlggknqkypucrsft-dot-owaonk399399393.uk.r.appspot.com/,1,61,1,3,0,53,1,9
http://nboqipibynvvwkzi-dot-owaonk399399393.uk.r.appspot.com/,1,61,1,3,0,53,1,9
http://nfdgfxtwciwnmvjq-dot-owaonk399399393.uk.r.appspot.com/,1,61,1,3,0,53,1,9
https://dvlataxoverpaid.com/,1,28,1,0,1,19,0,0
http://pt1-pontoslivelo.sytes.net/selecione.php,1,47,14,1,0,26,1,1
http://pt1-pontoslivelo.sytes.net/cpf.php,1,41,8,1,0,26,1,1
http://pt1-pontoslivelo.sytes.net/paginapf1.php,1,47,14,1,0,26,1,2
http://pt1-pontoslivelo.sytes.net/paginapf2.php,1,47,14,1,0,26,1,2
http://pt1-pontoslivelo.sytes.net/paginapf3.php,1,47,14,1,0,26,1,2
http://pt1-pontoslivelo.sytes.net/paginapf4.php,1,47,14,1,0,26,1,2
http://pt1-pontoslivelo.sytes.net/refreshpf.php,1,47,14,1,0,26,1,1
https://josephdgould31.com/mazon/amazon,1,39,13,0,1,18,0,2
http://ywokpqmqelewqfhz-dot-owaonk399399393.uk.r.appspot.com/,1,61,1,3,0,53,1,9
http://hostpoint.ch.121c0291.net2care.com/ar2/?facture=121c0291,1,63,5,3,0,34,0,16
https://www.dncc.co.th/Setup/signin,1,35,13,2,1,14,0,0
http://ylfdmicybltcfcqi-dot-owaonk399399393.uk.r.appspot.com/,1,61,1,3,0,53,1,9
http://spabnet.com/wp-includes/page4,1,36,18,0,0,11,0,1
http://apexmutually.com/lkjhgf/oiuytrtg,1,39,16,0,0,16,0,0
http://angry-aryabhata-c71bcf.netlify.app/,1,42,1,1,0,34,1,2
http://sexologistdoctors.com/wp-content/plugins/c8owdoefa3023jxtl23h4l7gwle1dk1x/45extracted/chronopost.fr/suivi/accueil/hyjdjnde=/ifram1.php,1,141,113,0,0,21,0,14
https://www.hydrazine-alley.com/wp-includes/blocks/shortcode/dtml/excelz/index.php,1,82,51,1,1,23,1,0
http://msftoutlook.com/email/go.jsp?rid=8a864353-6622-4ea2-96b5-893567cf20c6&tid=5871&cid=30003&rid2=43f56c5a-de4c-4392-8829-0acefbe1fad4,1,137,13,0,0,15,0,52
http://krewe.directory/wp-includes/js/client/adobe-login.html,1,61,39,0,0,15,0,0
https://es-verificar.info/ib,1,28,3,0,1,17,1,0
http://site-viewer.com/a/a/bizmail.php,1,38,16,0,0,15,1,0
http://turbochilli.com/wp-includes/js/crop/qois/ene/en/login.php?344=_zhikl_rtwyuquitogydw536729102,1,99,42,0,0,15,0,12
https://evita-studia.com/refaccs/ssnp.html,1,42,18,0,1,16,1,0
https://mbtaroll.tk/,1,20,1,0,1,11,0,0
https://www.whatsappbkp.whatppkyyjoin.ga/,1,41,1,2,1,32,0,0
http://www.movil-scotiabnk.mx01online.com/mxonlineV2/leap/signon/indexx.php?ID/x50c3HHwmzaSJjTsY1Mn26KewlRuv0ovu4rfrdvSptUX7hBAxJe4hYf3AzDz03bgRiDN9Od7qsmhqdcRthUBMsjkG5bQjUXk8vk6=,1,180,34,2,0,34,1,21
http://www.movil-scotiabnk.mx01online.com/mxonlineV2/leap/signon/,1,65,24,2,0,34,1,3
http://s.codetasty.com/gewfcvb/vsd/,1,35,13,1,0,15,0,0
https://verifynetflix-support.com/netflix/bankVerification.php?sessionID=xx4teZ1iVe1BhDozB9va4t12OBDlQHTl0HcmqwVH9hsaYUsn3xMdLK7VvaBVEbAN4GJ4wILQSWA8Le15vJc404MIufdLBtgrLnYI&bank=citi,1,183,29,0,1,25,1,19
https://verifynetflix-support.com/netflix/finish.php?bank=citi,1,62,19,0,1,25,1,0
http://convenios.cafam.com.co/wp-includes/js/crop/login.htm,1,59,30,2,0,22,0,0
https://www.soaperduper.com/wp-includes/css/dist/images/cgi/,1,60,33,1,1,19,0,0
https://www.soaperduper.com/wp-includes/css/dist/images/cgi/full.php,1,68,41,1,1,19,0,0
https://www.soaperduper.com/wp-includes/css/dist/images/cgi/fulls.php,1,69,42,1,1,19,0,0
https://www.soaperduper.com/wp-includes/css/dist/images/cgi/que.php,1,67,40,1,1,19,0,0
http://pubgspin16.com/,1,22,1,0,0,14,0,2
https://samweber.info/wp-content/themes/twentytwenty/horn/excelz/bizmail.php?email=bGluQG1jZXJhbWljYS5jb20=&.rand=13vqcr8bp0gud&lc=1033&id=64855&mkt=en-us&cbcxt=mai&snsc=1,1,171,55,0,1,13,0,18
http://domaine-ssl.eu/entrer/auth/client/acces,1,46,25,0,0,14,1,0
http://m.royal-eng.ps/gate.html?location=1537f1661a84a63594e2feda5537f5e0,1,73,10,1,0,14,1,22
https://basilcanning.com/n1/NedbankMoney.htm,1,44,20,0,1,16,0,1
http://www.newdevice-added.cc/Login.php,1,39,10,1,0,22,1,0
http://ybs.51haoyayi.cn/wp-content/vp2,1,38,15,1,0,16,0,3
http://sportsmentaltoughnesscoach.com.au/wp-includes/js/jquery/rcube19/93985a3de119ea5f2afbaeb3195aeb61,1,103,63,1,0,33,0,19
https://210.1.226.19/anc.html,1,29,9,2,1,12,0,9
http://fde1fyb9.web.app/,1,24,1,1,0,16,0,2
http://resoluciones.ugel01.gob.pe/capacitacion/blocks/attendance/fibank__eliminado/account,1,90,57,2,0,26,0,2
http://realproposal.com.au/submission,1,37,11,1,0,19,0,0
http://selariatripoli.com.br/.@67/,1,34,6,1,0,21,0,2
https://yahooattttt.weebly.com/,1,31,1,1,1,22,0,0
http://infinh.com/microsoftoffice365,1,36,19,0,0,10,0,3
http://xn--twtter-q9a.app/,1,26,1,0,0,18,1,1
http://meaganthaplug.com/wp-admin/includes/rackspace/RackSpace/RackSpace/r.html,1,79,55,0,0,17,0,0
http://untag-syvxwupw.mandplus.com/gate.html?location=4e6dc37af876097c4314abe04297c4d9,1,86,10,1,0,27,1,21
https://ajokeisoken.com/mazon/amazon/,1,37,14,0,1,15,0,0
http://help-instagram-verified-badges-center.cf/,1,48,1,0,0,40,1,0
http://www.anz-payment.com/,1,27,1,1,0,19,1,0
http://whatsappbkp.whatppkyyjoin.ga/,1,36,1,1,0,28,0,0
https://pklxoocapzdehfocwbmllqnljo-dot-triple-upgrade-293822.rj.r.appspot.com/x,1,79,2,3,1,69,1,6
http://houseoftiresbcs.com/Adobe/css/XML/PDF/,1,45,19,0,0,19,0,0
http://halifax-safteyteam.com/login/Login.php,1,45,16,0,0,22,1,0
https://doclab-console-auth.firebaseapp.com/common/oauth2x,1,58,15,1,1,35,1,1
https://www.projectiqengineering.in/wp-admin/tt/tt/logon.do.php,1,63,28,1,1,27,0,0
http://shairlabs.com/Maa/po,1,27,7,0,0,13,0,0
https://xenodochial-spence-501c2e.netlify.app/,1,46,1,1,1,37,1,4
http://jjrenovationmart.com/uptnkchaze/step2.php,1,48,21,0,0,20,0,1
https://blazingbest7mlbb.tk/login/facebook/,1,43,16,0,1,19,0,1
http://codashopevent-mlbbnow8.cf/login/facebook/,1,48,16,0,0,25,1,1
http://codashopmlbb-new84.ml/login/facebook/,1,44,16,0,0,21,1,2
https://activitymlbbevents55.ml/login/facebook/,1,47,16,0,1,23,0,2
http://codashopevent-newgets80.cf/login/facebook/,1,49,16,0,0,26,1,2
http://codashopevent-newgets80.gq/login/facebook/,1,49,16,0,0,26,1,2
http://codashopmlbb-new84.cf/login/facebook/,1,44,16,0,0,21,1,2
https://activitymlbbeventsblazing.ml/login/facebook/,1,52,16,0,1,28,0,0
https://mlbbclaim-codashopdm85.gq/login/facebook/,1,49,16,0,1,25,1,2
https://freenow-mlbbcodashopx68.ml/login/facebook/,1,50,16,0,1,26,1,2
https://freenow-mlbbcodashopx68.cf/login/facebook/,1,50,16,0,1,26,1,2
https://mlbbclaim-codashopdm85.cf/login/facebook/,1,49,16,0,1,25,1,2
https://mlbbclaim-codashopdm85.ml/login/facebook/,1,49,16,0,1,25,1,2
https://freeskinmoonton65.zzux.com/login/facebook/,1,50,16,1,1,26,0,2
http://codashopevent-newclaim77.cf/login/facebook/,1,50,16,0,0,27,1,2
http://codashopdiamondsmlbb.cf/login/facebook/,1,46,16,0,0,23,0,0
https://mlbb-codashopx18.cf/login/facebook/,1,43,16,0,1,19,1,2
https://blazingbest7mlbb.gq/login/facebook/,1,43,16,0,1,19,0,1
https://nowget-codashopmlbb72.cf/login/facebook/,1,48,16,0,1,24,1,2
https://mlbbclaim-codashopdm85.tk/login/facebook/,1,49,16,0,1,25,1,2
https://mlbb-codashopx18.ml/login/facebook/,1,43,16,0,1,19,1,2
https://activitymlbbevents55.gq/login/facebook/,1,47,16,0,1,23,0,2
https://mlbb-codashopx18.tk/login/facebook/,1,43,16,0,1,19,1,2
https://nowget-codashopmlbb72.ga/login/facebook/,1,48,16,0,1,24,1,2
https://legit-free-skin.ml/login/facebook/,1,42,16,0,1,18,1,0
http://admiring-wilson-3cffce.netlify.app/,1,42,1,1,0,34,1,1
http://app-zrzxmnon.hotel-mashhad.ir/gate.html?location=696ca8438d6bcbbf8ce5d67239091acf,1,88,10,1,0,29,1,18
https://app-zrzxmnon.hotel-mashhad.ir/gate.html?location=71bc27983ca361c459c6b55ed7830ba0,1,89,10,1,1,29,1,21
https://app-iwtlljql.hotel-mashhad.ir/gate.html?location=48bf17ebd988a98f7b9b51aa69021003,1,89,10,1,1,29,1,21
https://blog.adendus.com.br/refaccs/ssnp.html,1,45,18,2,1,19,0,0
https://www.snnbc-card.co.7okv3.shop/,1,37,1,3,1,28,1,2
https://supportlinereviewlineconnect.org/folder/connect/6bd41,1,61,21,0,1,32,0,3
https://supportlinereviewlineconnect.org/folder/connect/67bd2,1,61,21,0,1,32,0,3
http://three-ukverify.co.uk/,1,28,1,1,0,20,1,0
https://newdevice-added.cc/,1,27,1,0,1,18,1,0
https://actwebmultired1-1bnhome.xyz/,1,36,1,0,1,27,1,2
https://acitivityeventscodashop99.ga/login/facebook/,1,52,16,0,1,28,0,2
https://activityevents7mlbb.ga/login/facebook/,1,46,16,0,1,22,0,1
http://lloydsalerts.uk/,1,23,1,0,0,15,0,0
https://aspiradorasautomaticas.com/covidapprove/Attachment%20Name%2020200408_2049.pdf.html,1,90,56,0,1,26,0,16
http://activitycodashop4s.wikaba.com/login/facebook/,1,52,16,1,0,29,0,1
http://mobilelegendblezevent.ga/login/facebook/,1,47,16,0,0,24,0,0
http://www.activityevetsblazing2.wikaba.com/login/facebook/,1,59,16,2,0,36,0,1
http://www.activitycodashop4s.wikaba.com/login/facebook/,1,56,16,2,0,33,0,1
http://mobilelegendblezevent.gq/login/facebook/,1,47,16,0,0,24,0,0
http://www.activityeventsskinmlbb.zzux.com/login/facebook/,1,58,16,2,0,35,0,0
http://activityeventsblazing73.cf/login/facebook/,1,49,16,0,0,26,0,2
http://activityeventsmlbb7.cf/login/facebook/,1,45,16,0,0,22,0,1
http://activityeventsblazing73.tk/login/facebook/,1,49,16,0,0,26,0,2
http://activityevetsblazing2.wikaba.com/login/facebook/,1,55,16,1,0,32,0,1
http://activityevents7mlbb.tk/login/facebook/,1,45,16,0,0,22,0,1
http://activitycodashop-eventss7.gq/login/facebook/,1,51,16,0,0,28,1,1
http://activityeventsskinmlbb.zzux.com/login/facebook/,1,54,16,1,0,31,0,0
http://activitymlbbeventsblazing.tk/login/facebook/,1,51,16,0,0,28,0,0
http://joingroupwhatsapp18.25u.com/,1,35,1,1,0,27,0,4
http://mobilelegends-skineventss7.tk/login/facebook/,1,52,16,0,0,29,1,1
http://activityeventsblazing73.gq/login/facebook/,1,49,16,0,0,26,0,2
https://freeevent-codashopml93.ml/login/facebook/,1,49,16,0,1,25,1,2
http://activitycoda7mlbb.ga/login/facebook/,1,43,16,0,0,20,0,1
https://pubgxord.com/,1,21,1,0,1,12,0,0
https://plc-97170473.medictutors.com/gate.html?location=c52450d649befe2a25df2c8f21eefd50,1,88,10,1,1,28,1,25
https://lnstagramcopyrightcomplaint.ml/,1,39,1,0,1,30,0,0
http://ebay.payment-issues-update.com/,1,38,1,1,0,30,1,0
http://halifaxfraudresponseteam.com/login,1,41,6,0,0,28,0,0
https://www.device-alertregister.com/Login.php,1,46,10,1,1,28,1,0
http://post-cc.top/ic.html,1,26,8,0,0,11,1,0
https://rogerssecuritydesk.weebly.com/,1,38,1,1,1,29,0,0
http://post-cc.top/in.html,1,26,8,0,0,11,1,0
https://proposalshop.com.au/submission,1,38,11,1,1,19,0,0
http://post-cc.top/anc.html,1,27,9,0,0,11,1,0
https://sfxhyekdxrytexhsdruymwse6sxde4lr56zswe43rhwer4t.toh.info/,1,65,1,1,1,56,0,7
https://alupesa.com.alupesa.net/singtel/login.php,1,49,18,2,1,23,0,0
https://www.latroja.com.ar/wp-content/uploads/2020/12/login.html,1,64,38,2,1,18,0,6
http://fbgud13.event-newff2020.ga/login.php,1,43,10,1,0,26,1,6
http://joinss83.event-newff2020.tk/login.php,1,44,10,1,0,27,1,6
http://mail.dafaland.com/index.html,1,35,11,1,0,17,0,0
http://amdj5617g5.temp.swtest.ru/,1,33,1,2,0,25,0,5
https://pling.eu.org/blog/up/up-next/43351f7bf9a215be70c2c2caa7555002/,1,70,50,1,1,12,0,21
https://drtysdermsedryudrslzsikfhaoweirhfqw39fwr3qw23wrqfesd.toh.info/,1,70,1,1,1,61,0,5
https://mobilegendevent.ucxm4.xyz/login/facebook/,1,49,16,1,1,25,0,1
http://mobilegendevent.ucxm4.xyz/login/facebook/,1,48,16,1,0,25,0,1
https://nocontent-puwrkykl.velocityhub.com/nextVRF.html?location=b12537b5e801fe3b204be7a606e6f11a,1,97,13,1,1,34,1,20
http://nocontent-puwrkykl.velocityhub.com/nextVRF.html?location=b12537b5e801fe3b204be7a606e6f11a,1,96,13,1,0,34,1,20
http://vieuxshack.com/download/adobe/ceaa59e4265079f481f9e59127697b5b/login.php?cmd=login_submit&id=4d6554b36c83db47c52f77d7c1a0842a4d6554b36c83db47c52f77d7c1a0842a&session=4d6554b36c83db47c52f77d7c1a0842a4d6554b36c83db47c52f77d7c1a0842a,1,237,58,0,0,14,0,106
http://hsdnsadtryn4ld00.co.vu/help-support/error.html,1,53,24,1,0,22,0,3
http://hsdnsadtryn4ld00.co.vu/help-support/,1,43,14,1,0,22,0,3
https://technology-world.net.pk/www.cibc.mobi,1,45,14,1,1,23,1,0
http://prueba.wastickerapps.us/nextVRF.html?location=f98058476626f58ff1f059d4547e5483,1,85,13,1,0,23,0,25
https://prueba.wastickerapps.us/nextVRF.html?location=f98058476626f58ff1f059d4547e5483,1,86,13,1,1,23,0,25
https://sawtkaijgfqkihtospzyryfgrl-dot-triple-upgrade-293822.rj.r.appspot.com/,1,78,1,3,1,69,1,6
http://119.42.144.162/ap/signin?key=a@b.c,1,41,10,2,0,14,0,11
https://littlefoots.ru/f745544fa2469c722ee8860935a3e57d/,1,56,34,0,1,14,0,23
https://ixjnzitelqmeuoxrhtehcatajj-dot-triple-upgrade-293822.rj.r.appspot.com/x,1,79,2,3,1,69,1,6
http://mobilelegendsclaimgiveskinmlbb.zzux.com/login/google,1,59,13,1,0,39,0,0
http://freeskinmoonton88.zzux.com/login/google,1,46,13,1,0,26,0,2
http://trrwtllznodejyigpnwdyupjrd-dot-triple-upgrade-293822.rj.r.appspot.com/x,1,78,2,3,0,69,1,6
http://surpriseplanner.com.bd/wp-content/cache/zzz/daum/index.html,1,66,37,1,0,22,0,0
https://obuzleykbhpgfhjggvexbnzppo-dot-triple-upgrade-293822.rj.r.appspot.com/x,1,79,2,3,1,69,1,6
http://qpuwnzrvtumivgiqbooxognxwz-dot-triple-upgrade-293822.rj.r.appspot.com/x,1,78,2,3,0,69,1,6
https://ighbawqjqwkzihtlrbiwjvdrdo-dot-triple-upgrade-293822.rj.r.appspot.com/x,1,79,2,3,1,69,1,6
https://www.annazon-vpsshops-co-jp.olasdo.buzz/,1,47,1,2,1,38,1,0
https://customairbrushshirts.com/.quarantine/.content/order/no/972378323/18/09/20/posten/,1,89,57,0,1,24,0,15
https://www.avtaha.org.il/wp-content/plugins/Optus/47bc54c2d47dc7be30c272ba8481d2d176567c5a1559205456e3a443219836af722dc7068bce4126b0cdc284dbcd2b7b67af621276ee91b100d848708b5bc3f668b67953456f5c815b216feef7b85fe46513b0183c/index.php,1,231,206,2,1,17,0,113
https://alicetruecolors.com.mx/ws/?id=98YEbFEcsku14uajMbXnuTxm9FcLCkiZMKBfh3BFrfig8TxnhZrd7hbzXayJUIri45JSxT9OSakaN0Lx6krrbprcxtEdlYTbNP5s,1,138,4,1,1,22,0,14
https://lookdigital.co/rezz/Inv/index.php,1,41,19,0,1,14,0,0
https://www.zonasegura1bn.webenvirtual.multiportalempresa.com/PortaI-Web/BNWeb/Inicio,1,85,24,3,1,53,0,1
http://no-item-3348382931-received-request-on-hold.club/,1,56,1,0,0,48,1,10
http://wwwfacebook-morocco-apply.who-gulf.com/jo,1,48,3,1,0,38,1,0
https://www.mypayees-online-verify.com/Login.php,1,48,10,1,1,30,1,0
http://lemnexotic.ro/wp-content/themes/twentytwenty/mail/2ca92b4fe8ac521d7c09499280285b77/,1,90,70,0,0,13,0,22
https://cancel-directdebit.net/Login.php,1,40,10,0,1,22,1,0
https://netflix-appl.com/,1,25,1,0,1,16,1,0
http://utrackafrica.com/administrator/help/en-GB/activation.php?email=abuse@domain.com,1,86,40,0,0,16,0,0
http://br622.teste.website/~globa379/senha.php,1,46,20,1,0,19,0,6
http://timp.com.br/download/update/pp.fr/pp/default.asp/,1,56,38,1,0,11,0,0
https://security-newdevices.com/,1,32,1,0,1,23,1,0
http://en-id648552-login-made-in-china-com.pantheonsite.io/made-in-china.com/login.made-in-china.com/sign-in,1,108,50,1,0,51,1,6
https://flatearthdirect.com/wp-content/server/update/webmail.php?userid=,1,72,37,0,1,19,0,0
https://new-device-authorisation.com/Login.php,1,46,10,0,1,28,1,0
https://hali.personal-online-payee-validate-login.com/Login.php,1,63,10,1,1,45,1,0
http://casamezquita.com.ar/Excel/page.php?email=&.rand=13vqcr8bp0gud&lc=1033&id=64855&mkt=en-us&cbcxt=mai&snsc=1,1,112,15,1,0,19,0,14
https://doclab-console-auth.firebaseapp.com/common/oauth2...,1,60,17,1,1,35,1,1
http://casamezquita.com.ar/Excel/page.php?email=,1,48,15,1,0,19,0,0
http://abtekdoor.com/temp/cabrini/,1,34,14,0,0,13,0,0
http://vkontakt.org/,1,20,1,0,0,12,0,0
https://amaz0n8.xyz/please.wait011220/getting-page.php,1,54,35,0,1,11,0,8
https://marketplaceitem11200258485.online/view-signin.php,1,57,16,0,1,33,0,11
https://acc-amaznco.jp-accrprt.info/btn/FHQUIWFHQUIE13893Z,1,58,23,1,1,27,1,5
http://deutschepostservice.com/Deutsche,1,39,9,0,0,23,0,0
https://brough.in/dfd/Docun/Docun/Docun/Docu/index2.php?ISAPI_8c75b50525gtfd8c,1,78,38,0,1,9,0,10
http://eloquent-carson-ea1904.netlify.app/,1,42,1,1,0,34,1,4
https://o2-profile-update.com/,1,30,1,0,1,21,1,1
https://tencentcenter.org/,1,26,1,0,1,17,0,0
http://ucmetrovip.com/,1,22,1,0,0,14,0,0
https://chat-whatsapp-com-adgjlzcbmnvx.otzo.com/,1,48,1,1,1,39,1,0
http://chat-whatsapp-com-adgjlzcbmnvx.otzo.com/,1,47,1,1,0,39,1,0
https://hpqsbwtcyxabtobz-dot-owaonk399399393.uk.r.appspot.com/,1,62,1,3,1,53,1,9
https://regular-updatee.weebly.com/,1,35,1,1,1,26,1,0
http://182.16.110.210/ap/signin?key=a@b.c&openid.assoc_handle=jpflex&openid.claimed_id=http://specs.openid.net/auth/2.0/identifier_select&openid.identity=http://specs.openid.net/auth/2.0/identifier_select&openid.mode=checkid_setup&openid.ns=http://specs.openid.net/auth/2.0&openid.pape.max_auth_age=0&openid.return_to=https://www.amazon.co.jp/?ref_%3Dnav_em_hd_re_signin&ref_=nav_em_hd_clc_signin,1,396,10,2,0,14,0,19
http://137.220.201.15/ap/signin?key=a@b.c&openid.assoc_handle=jpflex&openid.claimed_id=http://specs.openid.net/auth/2.0/identifier_select&openid.identity=http://specs.openid.net/auth/2.0/identifier_select&openid.mode=checkid_setup&openid.ns=http://specs.openid.net/auth/2.0&openid.pape.max_auth_age=0&openid.return_to=https://www.amazon.co.jp/?ref_%3Dnav_em_hd_re_signin&ref_=nav_em_hd_clc_signi,1,395,10,2,0,14,0,19
https://atosgenerators.com/autoapp/one/westpac/F/D/manage/976ae8e53163ed82761fb0e5ec037257/,1,91,65,0,1,18,0,22
https://atosgenerators.com/autoapp/one/westpac/F/D/manage/976ae8e53163ed82761fb0e5ec037257,1,90,64,0,1,18,0,22
http://biologet-al.com/super/cd14821dab219ea06e2fd1a2df2e3582/,1,62,40,0,0,15,1,18
https://u9455856z8.ha004.t.justns.ru/ncverdles/hncas/a637407ca72a4c79d4239a00c7dc3999/,1,86,50,3,1,28,0,33
http://facebook-login.dmhelzzvent73.tk/,1,39,1,1,0,31,1,2
https://facebook-login.dmhelzzvent73.ml/,1,40,1,1,1,31,1,2
http://fg2r23f.gq/vn1,1,21,4,0,0,10,0,4
https://www.soberbiacalzados.com/ASB/auth/newasb2020/random/index.htm,1,69,37,1,1,24,0,4
http://netflix-secure.services/,1,31,1,0,0,23,1,0
https://netflix-secure.services/Login.php?sessionID=DbTNkGCPWKINmMFnVtMYXdozT1wn4NeuSM6ro852v6tU8egji6nZp5VXaInBzW2U3easVVBmvBNjIEl6b0OarFcfm3iEAu4bBuSM&error=Login,1,164,10,0,1,23,1,16
http://cnkpfjusmzurwtsoxmwsylqvqb-dot-triple-upgrade-293822.rj.r.appspot.com/,1,77,1,3,0,69,1,6
https://ledyjjmaogzlgznnyyugptxbfb-dot-triple-upgrade-293822.rj.r.appspot.com/,1,78,1,3,1,69,1,6
https://u9455856z8.ha004.t.justns.ru/ncverdles/hncas/f2901398d1060a6e6cd965a8af8e927e/,1,86,50,3,1,28,0,32
http://ateliercode.com/login.php,1,32,10,0,0,15,0,0
http://dihnlihuvwnfpjaturambtvcry-dot-triple-upgrade-293822.rj.r.appspot.com/x,1,78,2,3,0,69,1,6
https://arquitecturamanuelmojica.com/paymnt/DocuSign/DocuSign/,1,62,26,0,1,28,0,0
https://arquitecturamanuelmojica.com/paymnt/DocuSign/DocuSign/u.php,1,67,31,0,1,28,0,0
http://njforex.com.my/paypal.com-uk-webapps-mpp-account-selection-unlockprofile2information99012=29991223id990122swc2login9913area2encryptppx990001.html,1,152,131,1,0,14,0,32
http://robosphere53.com/wp-admin/hunt/admin.php,1,47,24,0,0,16,0,2
http://pubgmobileventid.com/,1,28,1,0,0,20,0,0
http://vieuxshack.com/download/adobe/9923c017af734b1f3d9f21c2921bb452/login.php,1,79,58,0,0,14,0,22
http://vieuxshack.com/download/adobe/96c9c18e245fd2c7775145d1a75cdc77/login.php,1,79,58,0,0,14,0,21
http://vieuxshack.com/download/adobe/1ac687e1a1e69e5c66fee11774f1561d/login.php,1,79,58,0,0,14,0,20
http://ssl-post-ch.blogspot.com/,1,32,1,1,0,24,1,0
http://de-register-newdevice.com/,1,33,1,0,0,25,1,0
http://remove-newmobile.co.uk/,1,30,1,1,0,22,1,0
http://www.srj-muelles.com.mx/Deborah/Whiting/,1,46,17,2,0,22,1,0
https://online-rxstore.xyz/v/cmd-login=775e967f814116889dfd1e9c545561b7/?email=RMyers@irvingbible.org&reff=MDQ2ZGNhM2NjNDMyYjk3NDRhM2VlMzQwZmU5YTk3YmE=,1,151,46,0,1,18,1,30
https://newpayee-alertschecks.com/login/Login.php,1,49,16,0,1,25,1,0
https://devicereview-protection.com/,1,36,1,0,1,27,1,0
https://online-payee-review.com/Login.php,1,41,10,0,1,23,1,0
http://gemapower.com/toda/office.php,1,36,16,0,0,13,0,0
https://ng.laraandjarad.com/sea/gfsyui73-ae237a-os6389-xgja36un.html,1,68,41,1,1,19,0,11
https://lemnexotic.ro/wp-content/themes/twentytwenty/mail/e7613dc9e5fe3900ff7165c2824b107d,1,90,69,0,1,13,0,21
https://ahcacademy.com/docum/xx/,1,32,10,0,1,14,0,0
https://removemobile-personal.com/Login.php,1,43,10,0,1,25,1,0
http://halifax.alert-pairing.co.uk/Login.php,1,44,10,2,0,27,1,0
http://boiclub.com/canvas/themes/wetransfer/wt/wt/sign-in/wt.php,1,64,46,0,0,11,0,0
https://lloyd-new-payms.net/Login.php,1,37,10,0,1,19,1,0
https://online-payee-review.com/,1,32,1,0,1,23,1,0
https://freiheitdesigns.com/ko/daum/index.html,1,46,19,0,1,19,0,0
https://newpayee-alert-checks.com/login/Login.php,1,49,16,0,1,25,1,0
https://194.36.103.70/,1,22,1,2,1,13,0,10
http://www.gov-hmrc-pending.live/,1,33,1,1,0,25,1,0
https://natwest.personal-online-security.com/Login.php,1,54,10,1,1,36,1,0
http://hs-payee-authorize266.com/Login.php,1,42,10,0,0,25,1,3
https://updatebillingmethod.com/,1,32,1,0,1,23,0,0
http://bank.chase.com.buckhornsystems.com/step2.html,1,52,11,3,0,34,0,1
http://bank.chase.com.buckhornsystems.com/step2f.html,1,53,12,3,0,34,0,1
http://bank.chase.com.buckhornsystems.com/step3.html,1,52,11,3,0,34,0,1
http://bank.chase.com.buckhornsystems.com/,1,42,1,3,0,34,0,0
http://18.221.189.169/orangeb/,1,30,9,2,0,14,0,11
http://greenbuildassociation.org/paylpal/0x01/index.php,1,55,23,0,0,25,0,3
https://fmb-marketstore.com/,1,28,1,0,1,19,1,0
https://netflix-secure.services/Login.php?sessionID=wk0gDyq4WHdvv8JnNaxEt3CatvrOlrnab97H3TSaZeBgqCYLIhlagKmmiTSN7YIlYJjkHGsTgC57wO7U5NHdkskUIBpJLvra8fwK,1,152,10,0,1,23,1,13
https://jovial-northcutt-b4c085.netlify.app/,1,44,1,1,1,35,1,4
https://flo8stmanager.top/js/excel/excel/excel/index.php?ul=_LkeFUq_VJOXRTIPtoGYDw17dsfsfd18&fid.18InboxLight.aspxn.1774256418&fid.1r245964252813InboxLight94552_Product-email&email=&main_domain=undefined,1,203,31,0,1,17,0,35
http://lg-appealform.xyz/,1,25,1,0,0,17,1,0
https://firebasestorage.googleapis.com/v0/b/rfwv-35g-fwe-3g-4fwe-3grfwe.appspot.com/o/mynt-eb-t4h54g-erb-tg3-wr%2F5g5-rev-g53-rv-g3-rv-rv.html?alt=media&token=39913ffe-da02-40ea-b8a5-1b9c913fab95#felix@xaerusperf.co.id,1,218,104,1,1,30,0,34
http://fela-fiction.glitch.me/office-action.html,1,48,19,1,0,22,1,0
https://technology-world.net.pk/www.atbonline.com/login.html,1,60,29,1,1,23,1,0
https://cbdgdl.com/w/Inv,1,24,6,0,1,10,0,0
http://thietbihantbt.com/kaufer0-mochtendiesenkaufabbrechen&amp;cgi3-viewkontakt-6446745566564-007acctpagetype-6446745566564_24340-&amp;ebay_yoursales24.de.html,1,160,39,0,0,17,0,38
http://dfwmortgagerelief.com/paypal,1,35,7,0,0,21,0,0
https://technology-world.net.pk/online.simplii.com/index.html,1,61,30,1,1,23,1,0
https://www.chat-whatsapp-com-adgjlzcbmnvx.otzo.com/,1,52,1,2,1,43,1,0
https://technology-world.net.pk/www1.bmo.com/cgi-bin/netbnx/BMOMobile.html,1,74,43,1,1,23,1,1
https://technology-world.net.pk/www1.bmo.com/cgi-bin/netbnx/secquestions.php,1,76,45,1,1,23,1,1
https://technology-world.net.pk/www.cibc.mobi/index.php,1,55,24,1,1,23,1,0
https://technology-world.net.pk/secure.tangerine.ca/web/login.php,1,65,34,1,1,23,1,0
https://technology-world.net.pk/secure.tangerine.ca/web/questions.php,1,69,38,1,1,23,1,0
https://technology-world.net.pk/secure.tangerine.ca/web/pin.php?product=7,1,73,32,1,1,23,1,1
https://technology-world.net.pk/www1.royalbank.com/about-rbc.html,1,65,34,1,1,23,1,1
https://technology-world.net.pk/www1.royalbank.com/next2.php,1,60,29,1,1,23,1,2
https://technology-world.net.pk/auth.scotiaonline.scotiabank.com/online/authentication/index.html,1,97,66,1,1,23,1,0
https://technology-world.net.pk/auth.scotiaonline.scotiabank.com/online/authentication/mfaAuth.html,1,99,68,1,1,23,1,0
http://wp1.j1122300.mzdxp.spectrum.myjino.ru/dazae.php/,1,55,11,4,0,37,0,8
http://wp1.j1122053.mzdxp.spectrum.myjino.ru/inspz/suivenvoi/chronopost%20_fr/accueil/2ntm3njm=/ifram1.php?Code_Sms_conexpage,1,125,62,4,0,37,0,13
http://smbc.co.jp.bxlrdnq.cn/,1,29,1,3,0,21,0,0
http://wp1.j1122053.mzdxp.spectrum.myjino.ru/inspz/suivenvoi/chronopost%20_fr/accueil/2ntm3njm=/ifram2.php?Code_Smserror_tapnovcodeSms,1,134,62,4,0,37,0,13
http://m.hf150.com/,1,19,1,1,0,11,0,3
http://shamelessghostwhitemacrolanguage--five-nine.repl.co/,1,59,1,1,0,51,1,0
http://wp1.j1122300.mzdxp.spectrum.myjino.ru/reade.php,1,54,10,4,0,37,0,8
http://quizzical-engelbart-f65e9b.netlify.app/,1,46,1,1,0,38,1,3
http://iniciosesionfbbrasillatptteamoasiline105-com.filesusr.com/html/9397db_5a7673487fa81264e7d85d817e956719.html,1,114,50,1,0,57,1,32
http://webmail.secureiauth.com/yt/login.php,1,43,13,1,0,23,0,0
https://zingyzest.pk/comservice/,1,32,12,0,1,12,0,0
http://pooldeckdr.com/Adobe/index.php,1,37,16,0,0,14,0,0
http://m10g4fft.web.app/,1,24,1,1,0,16,0,3
http://68.66.220.82/administrator/help/en-GB/activation.php?email=abuse@domain.com,1,82,40,2,0,12,0,9
http://yolmoflags.com/iori,1,26,5,0,0,14,0,0
http://yolmoflags.com/iori/cp.php,1,33,12,0,0,14,0,0
http://yolmoflags.com/iori/sms.html,1,35,14,0,0,14,0,0
http://yolmoflags.com/iori/sms-error.html,1,41,20,0,0,14,0,0
http://yolmoflags.com/iori/email.html,1,37,16,0,0,14,0,0
http://loginonlinehalifax-secure.com/,1,37,1,0,0,29,1,0
http://securemobileapp-verificationhalifaonline.com/,1,52,1,0,0,44,1,0
https://securemobileapp-verificationhalifaonline.com/,1,53,1,0,1,44,1,0
http://posteen-kontoo22.jdevcloud.com/2D1F1R4R8/U8Y74G95F5R/A8Z7D5E89/3D44F7YI8/I7U4J8T5R5/,1,91,54,1,0,30,1,28
http://awesomecss.org/wealth/o4/main.html?accessToFile=accessing&fileAccess=87219&encryptedCookie=30d850ff6f4b50396ab698fdafc7af8b&u=47b4b161c6cca85eba9337dc05b5410c&connecting=7f8f7cbf2e69f62bd80061a35a9e1e35&phaseAccess=db55ca3f8bb44ab86bf13b7fde7e14a6&p=d5c1d89eaa2102ba96feb9f18267e0ff,1,289,20,0,0,14,0,93
http://ywmchdlufidkttjljpkixfvscy-dot-triple-upgrade-293822.rj.r.appspot.com/,1,77,1,3,0,69,1,6
http://cwfyjfiqikptksiyyetxhqjsgd-dot-triple-upgrade-293822.rj.r.appspot.com/,1,77,1,3,0,69,1,6
https://jedvudfhswnlpqwqrricreygil-dot-triple-upgrade-293822.rj.r.appspot.com/,1,78,1,3,1,69,1,6
http://webaholics.ca/sharepoint/verificationAttempt.php?sf58gfd1s689sxd2sdf8angf264s9df23sd2f1n495K3L2C151645172991f1477dbd26917ef3822423f62e984a91f1477dbd26917ef3822423f62e984a91f1477dbd,1,187,35,0,0,13,0,83
http://dihnlihuvwnfpjaturambtvcry-dot-triple-upgrade-293822.rj.r.appspot.com/,1,77,1,3,0,69,1,6
http://lapage-d-authentification.webador.com/,1,45,1,1,0,37,1,0
http://littleblackdresskingdom.com/gs_captcha.php,1,49,15,0,0,27,0,0
http://comp-wood.com/editdirect/images/login.html,1,49,29,0,0,13,1,0
http://mfzewmuziixgpuxjwrqnmhiflp-dot-triple-upgrade-293822.rj.r.appspot.com/,1,77,1,3,0,69,1,6
http://cupfkttejvguxtthtyyqbpidav-dot-triple-upgrade-293822.rj.r.appspot.com/,1,77,1,3,0,69,1,6
http://u9427856gm.ha004.t.justns.ru/ceslimos/BJAL/a38cdb4573a06c8fc4d32b6b4d19b102/,1,83,48,3,0,28,0,29
http://fedner.net/file/hanmail/index.php,1,40,23,0,0,10,0,0
http://fedner.net/file/hanmail/login.php?cmd=login_submit&id=a875617fa6db89d3460b1f8dd9db33d0a875617fa6db89d3460b1f8dd9db33d0&session=a875617fa6db89d3460b1f8dd9db33d0a875617fa6db89d3460b1f8dd9db33d0,1,198,23,0,0,10,0,76
http://wtfvpabqekglxkrz-dot-owaonk399399393.uk.r.appspot.com/,1,61,1,3,0,53,1,9
http://nedfvzovkfhiwrvb-dot-owaonk399399393.uk.r.appspot.com/,1,61,1,3,0,53,1,9
http://thmgypzzqnrjqdaa-dot-owaonk399399393.uk.r.appspot.com/,1,61,1,3,0,53,1,9
http://frllrcapntwyjozh-dot-owaonk399399393.uk.r.appspot.com/,1,61,1,3,0,53,1,9
https://dbs-sg-intrnettbkkng.com/,1,33,1,0,1,24,1,0
https://lbancainternet.interlbank.com/Login,1,43,6,1,1,29,0,0
http://ryrbyouqeainsquc-dot-owaonk399399393.uk.r.appspot.com/,1,61,1,3,0,53,1,9
http://xiokdvertpyohiam-dot-owaonk399399393.uk.r.appspot.com/,1,61,1,3,0,53,1,9
http://qjrrxilnkwyincmf-dot-owaonk399399393.uk.r.appspot.com/,1,61,1,3,0,53,1,9
http://iyvmavjrktjmatzojeyevgpghf-dot-triple-upgrade-293822.rj.r.appspot.com/,1,77,1,3,0,69,1,6
https://neiindia.com/offlce/ofcAGNkNO3YcqRVJPackageDrive-139333download1117899508222909file5445250578715138575_foldersn/index.php,1,129,109,0,1,12,0,42
http://qumwocfultuawhvaeohuxqgrcy-dot-triple-upgrade-293822.rj.r.appspot.com/,1,77,1,3,0,69,1,6
http://supp-ppllnfo.com/mpp/fr,1,30,7,0,0,16,1,0
http://ffhrbdjbqdbtyrvu-dot-owaonk399399393.uk.r.appspot.com/,1,61,1,3,0,53,1,9
http://futcabnegprxpsjt-dot-owaonk399399393.uk.r.appspot.com/,1,61,1,3,0,53,1,9
http://pzwqbqevpcauepur-dot-owaonk399399393.uk.r.appspot.com/,1,61,1,3,0,53,1,9
http://dcfsabtldlhpxukh-dot-owaonk399399393.uk.r.appspot.com/,1,61,1,3,0,53,1,9
http://dlxuruhjncovimyb-dot-owaonk399399393.uk.r.appspot.com/,1,61,1,3,0,53,1,9
http://cjqgsuclczmqdujhedgtwgcnnk-dot-triple-upgrade-293822.rj.r.appspot.com/,1,77,1,3,0,69,1,6
http://yxfigvzcedarizwyymjdrmyinj-dot-triple-upgrade-293822.rj.r.appspot.com/,1,77,1,3,0,69,1,6
http://abaxhftqqfiasiegtnjgfkishz-dot-triple-upgrade-293822.rj.r.appspot.com/,1,77,1,3,0,69,1,6
http://vtyfniqmwqfpqvdt-dot-owaonk399399393.uk.r.appspot.com/,1,61,1,3,0,53,1,9
http://uyzukpvtjsurvwknfgnxgovhwe-dot-triple-upgrade-293822.rj.r.appspot.com/,1,77,1,3,0,69,1,6
http://xkbniorlxhcbzfofweefjyorpi-dot-triple-upgrade-293822.rj.r.appspot.com/,1,77,1,3,0,69,1,6
http://hybreathe.com/admin/routes/cusign/index.php,1,50,30,0,0,13,0,0
http://i.e.t.interac.ca-si.org/sh/G8s4o/cdnbnk/login.php?cmd_login_submit&amp;id_1e29087ab31e98248c3aca22f215613b1e29087ab31e98248c3aca22f215613b&amp;session_1e29087ab31e98248c3aca22f215613b1e29087ab31e98248c3aca22f215613b,1,222,26,4,0,23,1,90
http://google.projectseries.co.in/,1,34,1,2,0,26,0,0
http://104.148.114.139/,1,23,1,2,0,15,0,12
http://supp-ppllnfo-lnc.net/lnfo/en,1,35,8,0,0,20,1,0
http://vieuxshack.com/download/adobe/74645b08bbdca351cb630f68bab47226/login.php,1,79,58,0,0,14,0,20
http://vieuxshack.com/download/adobe/7798110c57ae6d7a258fab8c40a9ef60/login.php,1,79,58,0,0,14,0,20
http://strategicleads.net/1&1/cmd-login=ad90600b0d2ee206a14226ace2fb0cce/validate.php,1,85,60,0,0,18,0,19
http://ljddzilkwevsiosuqmmxqvzsui-dot-triple-upgrade-293822.rj.r.appspot.com/,1,77,1,3,0,69,1,6
http://nwolb-review-payment.com/,1,32,1,0,0,24,1,0
http://contratodeparceria.com.br/WED23QJFKDQQQ/login.php?l__JeHFUq_VJOXK0QWHtoGYDw1774256418&amp;fid.13InboxLight.aspxn.1774256418&amp;fid.125289964252813InboxLight99642_Product-userid&amp;userid_,1,196,24,1,0,25,0,45
http://afrpvdhwebcctcom-dot-owaonk399399393.uk.r.appspot.com/,1,61,1,3,0,53,1,9
http://uiaqznbearlvfcwa-dot-owaonk399399393.uk.r.appspot.com/,1,61,1,3,0,53,1,9
http://tangsungvip.xyz/,1,23,1,0,0,15,0,0
http://lienthong.vn/wp/wp-content/plugins/fighter/WET/730c32453ed39f9688ac9f0c9365888d,1,86,67,0,0,12,0,23
http://sdsjkjksj45635dkfhhhkjdwuis2342.envirotech.com.sa/ourtime.php,1,68,12,2,0,49,0,9
http://afinderlast.ml/mau,1,25,4,0,0,14,0,0
http://same-same.co.uk/Ob3f555748d46802b/?mur=Z2FyeXJqb2huc29uQGxlZ2Fsc2hpZWxkLmNvbQ==&muu=ral,1,94,19,1,0,15,1,18
http://foreverfly.co.uk/products/cavitation-lipo-machine-home-buy-ultrasonic-treatment-fat-foreverflystore-free,1,111,88,1,0,16,0,0
http://feedbackalibaba.gearhostpreview.com/alibaba.html,1,55,13,1,0,35,0,0
http://epic-newton-e68f7c.netlify.app/,1,38,1,1,0,30,1,3
http://au.prize400.info/w.php?offer_id=140&aff_id=2590&url_id=7366&pl=154,1,73,6,1,0,16,0,17
http://arrori.com/ujc/ems/emss.php?l=_JeHFUq_VJOXK0QWHtoGYDw1774256418&fid.13InboxLight.aspxn.1774256418&fid.125289964252813InboxLight99642_Product-email&email=,1,160,17,0,0,10,0,43
http://williamquilan.fr/K6df3347g2bc2bb09/?stb=a1b&fra=Y2hyaXN0aWV0QGJlbGxzb3V0aC5uZXQ=,1,87,19,0,0,16,0,16
http://escfzqkkxsjacglpes-dot-auth-online-sevice.ey.r.appspot.com/,1,66,1,3,0,58,1,0
http://wikiemoji.io/mobs,1,24,5,0,0,12,0,0
http://wikiemoji.io/mobs/tan.php,1,32,13,0,0,12,0,0
http://micato.co.uk/wp-includes/chronopost.fr/suivi/accueil/5yjzimgm=/ifram1.php?Code_Sms_conexpage,1,99,61,1,0,12,0,2
http://micato.co.uk/wp-includes/chronopost.fr/suivi/accueil/5yjzimgm=/ifram2.php?Code_Smserror_tapnovcodeSms,1,108,61,1,0,12,0,2
http://misahorroestadoenlinea.com/js/inicio1,1,44,11,0,0,26,0,1
http://maciel.med.br/wp-includes/images/up/form/confirm.htm,1,59,39,1,0,13,0,0
http://justsayingbro.com/ncb/rcn.imse/rnr/abur.php,1,50,26,0,0,17,0,0
http://tech-in.com.pl/smpj2010/ourtime/v3/member.htm,1,52,31,1,0,14,1,5
http://gmail.newsunrise.lk/,1,27,1,1,0,19,0,0
https://mail.admin-raiffeisen.club/pass.php,1,43,9,1,1,26,1,0
https://mail.inputtech.xyz/pass.php,1,35,9,1,1,18,0,0
http://sctrlgin.com/spotify.update-billing,1,42,23,0,0,12,0,0
http://lloydsbank.device-prevention-safeguard-login.com/,1,56,1,1,0,48,1,0
http://included-purposes.000webhostapp.com/login.html,1,53,11,1,0,35,1,3
https://martinpiana.com/wp-content/.../N_v1/Netflix618/,1,55,32,0,1,15,0,4
http://zap.me/wp/wp-content/.../red1.html,1,41,28,0,0,6,0,1
http://am.azon.co.jp.details.info.jp-e98rfher98ge.com/verification,1,66,13,6,0,46,1,4
http://coverlettersandresume.ru/htrgef45vfdcsx/?dfvbyu34gb=75446823,1,67,16,0,0,24,0,12
https://newpayee-deregister-newmobile.com/,1,42,1,0,1,33,1,0
http://ikonexport.com/microsoftonline,1,37,16,0,0,14,0,0
https://compartilhehost.com.br/email/Authorized_user/Update/view/login.php?cmd=login_submit&id=c97127f8a07d8a2dee1314fb21bb9aa4c97127f8a07d8a2dee1314fb21bb9aa4&session=c97127f8a07d8a2dee1314fb21bb9aa4c97127f8a07d8a2dee1314fb21bb9aa4,1,232,44,1,1,22,0,72
http://www.wbemail.org/,1,23,1,1,0,15,0,0
http://login.365.eperidemo.net/common/oauth2/authorize,1,54,24,2,0,23,0,4
https://buckknivesforhousewives.com/rates/True%20Login/index.php?error&id=jamesm@missionedge.org&.rand=13InboxLight.aspx?n=1774256418&fid=4,1,139,29,0,1,27,0,15
http://books-online.in/update/update.php,1,40,18,0,0,15,1,0
http://lucky-draw-pubgm.dynamic-dns.net/,1,40,1,1,0,32,1,0
https://lucky-draw-pubgm.dynamic-dns.net/,1,41,1,1,1,32,1,0
http://dgfhgbcshop.com/mazon/d1287/,1,35,13,0,0,15,0,4
https://u9455856z8.ha004.t.justns.ru/ncverdles/hncas/dbf14228e64f31a081d63238cfddb616/,1,86,50,3,1,28,0,31
https://suspectregular.com/o/Inv/,1,33,7,0,1,18,0,0
https://sucursalpersonas.transaccionesbancolombia.digital/mua/USER?scis=vMYyBXMdAlWBUKmycM7A2ZuIk/5B2bDX3ihYFZb7743=,1,116,9,1,1,49,0,9
https://supportlinereviewlineconnect.org/folder/connect/9c26a/,1,62,22,0,1,32,0,3
https://supportlinereviewlineconnect.org/folder/connect/9c26a,1,61,21,0,1,32,0,3
https://www.personal-accountsecurity.online/Login.php,1,53,10,1,1,35,1,0
https://www.securedhali-checkpayee.link/Login.php,1,49,10,1,1,31,1,0
https://www.secured-verify.me/Login.php,1,39,10,1,1,21,1,0
https://www.online-secure-payees.com/Login.php,1,46,10,1,1,28,1,0
http://heartsthatmatter.com/login/recover.html,1,46,19,0,0,20,0,0
http://www.govuk-rebate-claim.info/banks/home.cbonline.co.uk/,1,61,27,1,0,27,1,0
https://www.govuk-rebate-claim.info/banks/home.cbonline.co.uk/Security.php?Account-Verification&sessionid=O8AHNskcCFBLn4g5OTlR31tWXOPuG16HpM3WtrNvA1rnKNkjSb8rkdLsmh7LvDZnZCUyVD1cJvyJp9qsUMdQGs18cS6Fhfui1BDUmV8xKZKmncdK2JoVk3s4uzkq9E4fKW&securessl=true,1,251,39,1,1,27,1,23
https://www.govuk-rebate-claim.info/banks/home.cbonline.co.uk/SecurityRetry.php?Account-Verification&sessionid=vhSRElN5MS3znUdCLFwkGyTCvUfCTaKTOZBqi2hCITcjk86EjTJqNkUivcWtEqchhXF1LjJcrkvBAdJjw0XaHqJfbadMWVyBCJBjuBipU71KPFdwEZbMhUMj4fXySHCCPn&securessl=true,1,256,44,1,1,27,1,10
https://www.govuk-rebate-claim.info/banks/home.cbonline.co.uk/Verify.php?Account-Verification&sessionid=xjODpgXAd5eN78TwgKuYPiKAQaFTnOFzcVUFv9lcrvGpZhBiQXbIQYTvZ74zYA7BHWsbV0SPAIiRjtKZSWFQlkzQfNt3HXpqItuMxP8iygjqnz9MFczJZz9h6VTgmNOzq3&securessl=true,1,249,37,1,1,27,1,14
http://gifvideos.in/assets/class/7ca4ccef3eebae14d2a81a0666f32a9f/page.php,1,74,55,0,0,12,0,15
http://sitta.org/newsitta/profiles/standard/standrdinfo/nsco/signinlog.htm,1,74,58,0,0,9,0,0
http://gifvideos.in/assets/class/d1e6f9a9d86d6b746829ea43c40d4e6f/page.php,1,74,55,0,0,12,0,19
http://gifvideos.in/assets/class/20a9c9866d93f9bf8b06732f71ec0cbe/page.php,1,74,55,0,0,12,0,19
http://micato.co.uk/wp-includes/chronopost.fr/suivi/accueil/mzjkxzte=,1,69,50,1,0,12,0,0
http://micato.co.uk/wp-includes/chronopost.fr/suivi/accueil/mzjkxzte=/ifram1.php?Code_Sms_conexpage,1,99,61,1,0,12,0,1
http://micato.co.uk/wp-includes/chronopost.fr/suivi/accueil/mzjkxzte=/ifram2.php?Code_Smserror_tapnovcodeSms,1,108,61,1,0,12,0,1
http://ui57uj.ga/vn1,1,20,4,0,0,9,0,3
http://gifvideos.in/assets/class/7ca4ccef3eebae14d2a81a0666f32a9f,1,65,46,0,0,12,0,15
http://ee-changebilling.com/,1,28,1,0,0,20,1,0
http://gifvideos.in/assets/class/96fc05e6f801ba3a4e94aeabeb4b347d,1,65,46,0,0,12,0,16
http://gifvideos.in/assets/class/96fc05e6f801ba3a4e94aeabeb4b347d/page.php,1,74,55,0,0,12,0,16
https://grup18freevcshot.vctel.com/login.php,1,44,10,1,1,26,0,2
https://atosgenerators.com/voice/files2/F/D/manage/d42546eec940b78ea851f29f39319dc3,1,83,57,0,1,18,0,22
https://atosgenerators.com/voice/files2/F/D/manage/d42546eec940b78ea851f29f39319dc3/,1,84,58,0,1,18,0,22
https://asdfgswsaafdads.xyz/m.pay.id.conf.htm,1,45,18,0,1,19,0,0
https://asdfgswsaafdads.xyz/m.id.help.htm,1,41,14,0,1,19,0,0
http://vipmastermygrup18.chickenkiller.com/login.php,1,52,10,1,0,35,0,2
https://deutscheeb.com/signin/ws/ISAPI.dll/SignIn/UsingSSL/login.php?&sessionid=$hash&securessl=true&SignIn&UsingSSL=1&pUserId=&co_partnerId=2&siteid=77&ru=https://my.ebay.de/ws/eBayISAPI.dll?MyEbayBeta&MyEbay=&gbh=1&guest=1&pageType=3984,1,238,46,0,1,14,0,10
http://ferretphobos.com/1/2/3/office.php/,1,41,18,0,0,16,0,3
https://texomacc-authnengine.ga/?login=do,1,41,1,0,1,23,1,0
http://haresngratifies.com/kl1/,1,31,5,0,0,19,0,1
http://savannahout.com/2022F/,1,29,7,0,0,15,0,4
https://ucxmox.com/ucxvip,1,25,7,0,1,10,0,0
https://xcyqmizmdvwebxzrkzlkpgxnle-dot-triple-upgrade-293822.rj.r.appspot.com/,1,78,1,3,1,69,1,6
http://itau.riweb.com.br/relacoes-com-investidores/show.aspx?idmateria=0P1ifGgNatX2VwKqDhv66g==,1,95,36,2,0,17,0,5
http://uk-devicealert.com/Login.php,1,35,10,0,0,18,1,0
http://accounts.sanpchat.com.ghasalah.com/,1,42,1,3,0,34,0,0
http://houseoftiresbcs.com/Adobe/css/XML/PDF/georgetrent2941.html,1,65,39,0,0,19,0,4
http://paws.org.au/store/admin/view/javascript/fckeditor/editor/plugins/valid.free.fr/adsl/verify.php,1,101,83,1,0,11,0,0
http://paws.org.au/store/admin/view/javascript/fckeditor/editor/plugins/valid.free.fr/adsl/verif.php,1,100,82,1,0,11,0,0
http://paws.org.au/store/admin/view/javascript/fckeditor/editor/plugins/valid.free.fr/adsl,1,90,72,1,0,11,0,0
https://www.securebanking-lloyd.com/,1,36,1,1,1,27,1,0
https://www.securebanking-lloyd.com/Login.php,1,45,10,1,1,27,1,0
http://www.allstartrainers.com/wp-content/uploads/armember/social_badges/apib1.anz.com.apinetbank.html,1,102,72,1,0,23,0,1
http://wejdene.monster/,1,23,1,0,0,15,0,0
https://sucursalpersonas.transaccionesbancolombia.digital/,1,58,1,1,1,49,0,0
http://beds242526.temp.swtest.ru/listing-room/host.html,1,55,23,2,0,25,0,6
http://beds242526.temp.swtest.ru/listing-room/sms.html,1,54,22,2,0,25,0,6
http://santander.update.srl/c9218/,1,34,7,1,0,20,0,4
http://mobalcowardice.com/mua/VALIDATEPASSWORD.php?scis=Pf2FpXtj6URla8a9CPYbdRmJX8mnSLND7ZzHg4M1SgvIQ6b5I86eV6RC673PZ74l,1,120,25,0,0,18,0,18
http://mobalcowardice.com/mua/email.php?scis=fMvkhDMUqVosqUjqcI2xg65l7yqCuNFFU4JZD3Qk8iw1MX2McF30KQG6wrsBcakG,1,109,14,0,0,18,0,12
http://mobalcowardice.com/,1,26,1,0,0,18,0,0
http://mobalcowardice.com/mua/USER.html,1,39,14,0,0,18,0,0
https://zen-keller-15b1dc.netlify.app/,1,38,1,1,1,29,1,3
https://secured-payee-uk.com/Login.php,1,38,10,0,1,20,1,0
http://boring-edison-4f9785.netlify.app/,1,40,1,1,0,32,1,5
https://netflix-secure.services/bankVerification.php?sessionID=j8pRPNDIP7oSSWmYYJaljBmUxZcxcaokMHPsWq2iwMao9gNoc47qCtYElwLeqAAZiXWIRwul8gQwMSdTATwSLGar5YNj7TKkPGcy&bank=citi,1,173,21,0,1,23,1,9
https://netflix-secure.services/finish.php?bank=citi,1,52,11,0,1,23,1,0
https://hendersondesign.com/css/us/regrodc/indexs.php,1,53,26,0,1,19,0,0
https://tiogaopp.org/llc/index.php,1,34,14,0,1,12,0,0
https://u9455856z8.ha004.t.justns.ru/ncverdles/hncas/01469348a1b1241b2d2103fa729de95c/,1,86,50,3,1,28,0,34
http://www.jersvulpmerines.ga/,1,30,1,1,0,22,0,0
https://lloydsbank.personal-secure-payee-request.com/Login.php,1,62,10,1,1,44,1,0
https://compartilhehost.com.br/email/Authorized_user/Update/,1,60,30,1,1,22,0,0
https://compartilhehost.com.br/email/Authorized_user/Update/mobile/login.php?userid=,1,84,46,1,1,22,0,0
http://smbc.zzjas.com/,1,22,1,1,0,14,0,0
https://natwest.personal-online-security.com/,1,45,1,1,1,36,1,0
http://rudraksha-rsudraksh-rudrakshabead-rudrakshabeads.com/images/jp/postmaster,1,80,21,0,0,52,1,0
https://n4d25omg.firebaseapp.com/?dg=c3dvbGZvcmRAbXV0dWFsZnVuZHN0b3JlLmNvbQ==,1,77,1,1,1,24,0,7
https://presbyterian-may.azurewebsites.net/,1,43,1,1,1,34,1,0
https://httpgamagalleonmvkainikakaniatt.weebly.com/,1,51,1,1,1,42,0,0
https://www.govuk-rebate-claim.info/banks/home.cbonline.co.uk,1,61,26,1,1,27,1,0
https://www.govuk-rebate-claim.info/banks/home.cbonline.co.uk/Security.php?Account-Verification&sessionid=X7SfVICR4zOKc5EnTaWSgUrb5Gg6HVGhaE4OnpT5NtzaL7Q3qSYhJwsdvu3v9sBH8r6C5dkWfsctdXM69T42yqUcxTtS7ouyowIg3yRe0GsuLcG7D10dynn56sirW51yvb&securessl=true,1,251,39,1,1,27,1,28
https://www.govuk-rebate-claim.info/banks/home.cbonline.co.uk/SecurityRetry.php?Account-Verification&sessionid=trw85uzQ2Gah7SzLBkFRapZXQF1QDROe1nxsMiFzDJ3y9QMZvBq3VYhAYgczr6T0BKBDwbeZGGxBlQQgLkg05hG3jfdSYNPIvn8xuaxj3vdX0hzNEl0W01PKRF8jNd1IYE&securessl=true,1,256,44,1,1,27,1,22
https://www.govuk-rebate-claim.info/banks/home.cbonline.co.uk/Verify.php?Account-Verification&sessionid=BI2UNcP6EUrMmdzBqwI7zehPaUTGdJk7NlMsMBdevAjFgCKINOsYzViR0AfmjilvDF1Od8eAvCinEI4I5q9vpXXZEFqp3mNckBcbWNvm4zEzWXj7Wg3F7bkoUMPx51ABWy&securessl=true,1,249,37,1,1,27,1,17
http://login1strato-de380f69bf.mo7kenawy.co/DO/,1,47,4,1,0,36,1,7
http://pubgroyale.in/,1,21,1,0,0,13,0,0
https://cl-verify-ticket82112.publicpostmp.com/,1,47,1,1,1,38,1,5
https://cl-verify-ticket82112.publicpostmp.com/verify-payment.html,1,66,20,1,1,38,1,5
http://cl-verify-ticket82112.publicpostmp.com/,1,46,1,1,0,38,1,5
https://veritificarlbcponline.cgmedic.com/,1,42,1,1,1,33,0,0
https://veritificarlbcponline.cgmedic.com/1606859385/iniciar-sesion,1,67,26,1,1,33,0,10
https://biabedran.com.br/jss/Priv8/Priv8,1,40,16,1,1,16,0,2
https://inputtech.xyz/pass.php,1,30,9,0,1,13,0,0
https://www.haiifax-security.co.uk/Login.php,1,44,10,2,1,26,1,0
https://www.newpayee-registration-secured.com/Login.php,1,55,10,1,1,37,1,0
https://www.newpayee-removal-secured.com/Login.php,1,50,10,1,1,32,1,0
https://www.secured-system-uk.com/Login.php,1,43,10,1,1,25,1,0
https://halifax-security-alerts.com/Login.php,1,45,10,0,1,27,1,0
https://iobakcarwhlwgxlhrhpgfpmmut-dot-triple-upgrade-293822.rj.r.appspot.com/,1,78,1,3,1,69,1,6
https://asdfgswsaafdads.xyz/,1,28,1,0,1,19,0,0
http://asdfgswsaafdads.xyz/,1,27,1,0,0,19,0,0
http://hs-payee-authorize266.com/,1,33,1,0,0,25,1,3
https://tencentcenter.org/news,1,30,5,0,1,17,0,0
https://xn--www1-roylsbanks-f04h.com/,1,37,1,0,1,28,1,3
https://halifax-security-alerts.com/,1,36,1,0,1,27,1,0
https://www.secure-haiifax.me/Login.php,1,39,10,1,1,21,1,0
http://halifax-security-alerts.com/,1,35,1,0,0,27,1,0
https://www.newpayee-deregistration-secure.com/Login.php,1,56,10,1,1,38,1,0
https://pubgcv16.tk/,1,20,1,0,1,11,0,2
https://www.payees-login-verify.com/Login.php,1,45,10,1,1,27,1,0
https://www.stikerslove.wastickerapps.us/nextVRF.html?location=9b3412ad60a630bdbb361a51fdb339bf,1,95,13,2,1,32,0,18
https://www.admin-raiffeisen.club/pass.php,1,42,9,1,1,25,1,0
https://admin-raiffeisen.club/pass.php,1,38,9,0,1,21,1,0
http://blog.rockytopholsters.com/kine/xx/,1,41,9,1,0,25,0,0
https://marcdecarlo.com/fast/dash.php,1,37,14,0,1,15,0,0
https://marcdecarlo.com/fast/step1.php,1,38,15,0,1,15,0,1
https://trrwtllznodejyigpnwdyupjrd-dot-triple-upgrade-293822.rj.r.appspot.com/,1,78,1,3,1,69,1,6
http://qpuwnzrvtumivgiqbooxognxwz-dot-triple-upgrade-293822.rj.r.appspot.com/,1,77,1,3,0,69,1,6
http://facebook-login.dmhelzzvent73.ml/login.php,1,48,10,1,0,31,1,2
http://facebook-login.dmhelzzvent73.cf/login.php,1,48,10,1,0,31,1,2
http://facebook-login.dmhelzzvent73.tk/login.php,1,48,10,1,0,31,1,2
http://santander.update.srl/,1,28,1,1,0,20,0,0
http://tips10life.com/wp-includes/js/web/jesi/newarrivalalibaba/Login.htm,1,73,52,0,0,14,0,2
http://halifaxunrecognised-device.com/,1,38,1,0,0,30,1,0
http://refund-govtax.com/,1,25,1,0,0,17,1,0
http://mail.tsb.network/,1,24,1,1,0,16,0,0
https://zgagpndmubrfacofmpzclrvlbi-dot-triple-upgrade-293822.rj.r.appspot.com/,1,78,1,3,1,69,1,6
http://narendrasharmaandcompany.in/microsoftonline/,1,51,17,0,0,27,0,0
http://loginonlinehalifax-secure.com/admin,1,42,6,0,0,29,1,0
https://ozhbryglstbfnwjqegvjsppyvr-dot-triple-upgrade-293822.rj.r.appspot.com/,1,78,1,3,1,69,1,6
http://www.natwest.personal-online-security.com/Login.php,1,57,10,2,0,40,1,0
http://twowheelcool.com/twitter.com/indexd6cc.html,1,50,27,0,0,16,0,1
https://poypin.net/OwKGHg0B5BiFwGged/64UkA6,1,43,25,0,1,10,0,5
https://www.uksecure-mypayee.com/Login.php,1,42,10,1,1,24,1,0
http://designferreira.com.br/olilo.com.br/payp/v/identification.php?cmd=_account,1,80,39,1,0,21,0,0
http://designferreira.com.br/olilo.com.br/payp/v/resolutioncenter.php,1,69,41,1,0,21,0,0
http://legalhelpdeskonline.com/wetransfer/docusign/DocuSign/u.php?l=DHl-dTracking_=_JeHFUq_VJOXK0QWHtoGYDw=_JeHFUq_VJOXK0QWHtoGYDw=_JeHFUq_VJOXK0QWHto=,1,151,35,0,0,23,0,3
http://fotobudka-fotomat.pl/wp-includes/secure_updates/,1,55,28,0,0,20,1,0
http://movies-pictures.net/admin/att3/...,1,41,15,0,0,19,1,1
http://hsbc-authonline.7autho.com/reg/info,1,42,9,1,0,26,1,1
https://help-media-facebook.ml/login.php?nick=brook_rath15@moneysquad.org,1,73,10,0,1,22,1,2
https://www.halifax.unusual-login-attempt.com/Login.php,1,55,10,2,1,37,1,0
https://supportlinereviewlineconnect.net/flip/connect,1,53,13,0,1,32,0,0
http://hsbc-authonline.7autho.com/reg/spec,1,42,9,1,0,26,1,1
http://newpayee-alert-checks.com/login,1,38,6,0,0,25,1,0
http://hsbc-authonline.7autho.com/reg,1,37,4,1,0,26,1,1
http://hsbc-authonline.7autho.com/spe,1,37,4,1,0,26,1,1
http://nwolb.com.payee-review-4739.info/,1,40,1,2,0,32,1,4
http://payees-login-verify.com/,1,31,1,0,0,23,1,0
https://supportlinereviewlineconnect.org/folder/connect,1,55,15,0,1,32,0,0
https://supportlinereviewlineconnect.net/flip/connect/bc754/,1,60,20,0,1,32,0,3
https://supportlinereviewlineconnect.org/folder/connect/ce703/,1,62,22,0,1,32,0,3
https://ssrd.x71623sirs.com/sirs/index.php,1,42,15,1,1,19,0,5
https://irs-tax-refund-update-record.x71623sirs.com/sirs/irfofgetstatus.html,1,76,25,1,1,43,1,5
https://patchestatesful.com/fonts/Chase.com-Support-MyAccount-Recovery/index.php,1,80,53,0,1,19,0,0
http://tsb.network/Login.php,1,28,10,0,0,11,0,0
http://cranky-bose-78b530.netlify.app/,1,38,1,1,0,30,1,5
http://lloyds-payeeupdate.com/,1,30,1,0,0,22,1,0
https://lloyds-payeeupdate.com/Login.php,1,40,10,0,1,22,1,0
https://greenlandlion.com/wp-content/uploads/2020/10/callaction/index.php,1,73,48,0,1,17,0,6
https://anomalia-pin-accesso.com/,1,33,1,0,1,24,1,0
https://www.anomalia-pin-accesso.com/,1,37,1,1,1,28,1,0
https://haules-baules.services/view-signin.php?facebook_com/marketplace/item/738959635=,1,87,16,0,1,22,1,9
https://atttyah123.weebly.com/,1,30,1,1,1,21,0,3
http://items15pubg.com/,1,23,1,0,0,15,0,2
http://kerimoala.blogspot.com/2020/12/kol.html,1,46,17,1,0,22,0,6
http://www.romufficio.it/wp-includes/css/-/swiss/,1,49,25,1,0,17,0,0
https://inspiring-kirch-c5c590.netlify.app/,1,43,1,1,1,34,1,4
https://mail.payeevalidation.com/,1,33,1,1,1,24,0,0
https://friendly-hoover-5a4532.netlify.app/,1,43,1,1,1,34,1,5
https://mail.adempimentiapp.com/index.php/false/py1n.html/discovercard.com/dfs/accounthome/summary/-www.schwab.com/secure.accurint.com/unfcu2.org/login1/wachovia.com/myaccounts.aspx/investing.schwab.com/secure/schwab/https:,1,223,192,1,1,23,0,3
https://royaleeliteplus.com/,1,28,1,0,1,19,0,0
http://bank.chase.com.buckhornsystems.com/indexf.html,1,53,12,3,0,34,0,0
https://create.piktochart.com/output/51172832-river-city-tax-consulting-llc,1,75,46,1,1,21,0,8
https://rescatandotesoros.org.mx/theme/template/system/new,1,58,26,1,1,24,0,0
https://friendly-edison-0161c5.netlify.app/,1,43,1,1,1,34,1,5
http://ambil200juta.myz.info/,1,29,1,1,0,21,0,3
https://scotianmxweb.com/mxenlineaV1/leab/sigon/sigOn.php?Canal=3DWEB&Lengu=,1,76,33,0,1,16,0,2
https://atosgenerators.com/autoapp/one/westpac/F/D/manage/6821b85b201c7d57757e6aef4f70391b/,1,91,65,0,1,18,0,22
https://atosgenerators.com/autoapp/one/westpac/F/D/manage/6821b85b201c7d57757e6aef4f70391b,1,90,64,0,1,18,0,22
https://specialmetroexodus.com/tgsfs/,1,37,7,0,1,22,0,0
https://pubgmexovip.com/,1,24,1,0,1,15,0,0
https://newmetroexodus.com/,1,27,1,0,1,18,0,0
https://officialpubgclub.com/,1,29,1,0,1,20,0,0
https://www.halifax.unusual-login-attempt.com/,1,46,1,2,1,37,1,0
http://www.halifax.unusual-login-attempt.com/,1,45,1,2,0,37,1,0
https://gethalloweeks.com/,1,26,1,0,1,17,0,0
https://punghst.com/pubgmobile/event/,1,37,18,0,1,11,0,0
http://paypalforex.co.ke/clogin.php,1,35,11,1,0,17,0,0
https://clunderudder.com/azb/yyyy/home/,1,39,15,0,1,16,0,0
https://clunderudder.com/azb/yyyy/home/index2.php,1,49,25,0,1,16,0,1
https://mail.flagged-payee-remove.com/,1,38,1,1,1,29,1,0
http://roastingvicre.com/amas/,1,30,6,0,0,17,0,0
https://mail.bitnarios.com/in/www.bancoestado.cl/pagina/imagenes/comun2008/banca-en-linea-personas.html,1,103,77,1,1,18,0,4
https://www.cancel-payee-secure06.com/Login.php,1,47,10,1,1,29,1,2
http://lloyds-help-online-banking.com/,1,38,1,0,0,30,1,0
https://lloyds-help-online-banking.com/,1,39,1,0,1,30,1,0
https://hali-approve-newdevice.com/,1,35,1,0,1,26,1,0
https://www.security-device.co.uk/Login.php,1,43,10,2,1,25,1,0
https://bitnarios.lemonify.com/in/www.bancoestado.cl/pagina/imagenes/comun2008/banca-en-linea-personas.html,1,107,77,1,1,22,0,4
https://lloyds-help-online-banking.com/Login.php,1,48,10,0,1,30,1,0
http://help-lloyds-online-banking.com/,1,38,1,0,0,30,1,0
http://lloyds-payee-confirmation.com/,1,37,1,0,0,29,1,0
https://hali-approve-newdevice.com/Login.php,1,44,10,0,1,26,1,0
http://help-lloyds-online-banking.com/Login.php,1,47,10,0,0,30,1,0
http://lloyds-payee-confirmation.com/Login.php,1,46,10,0,0,29,1,0
https://www.bitnarios.lemonify.com/in/www.bancoestado.cl/pagina/imagenes/comun2008/banca-en-linea-personas.html,1,111,77,2,1,26,0,4
http://halifax-bank.link/Login.php,1,34,10,0,0,17,1,0
https://www.authorise-newdevice.org/Login.php,1,45,10,1,1,27,1,0
http://bitnarios.com/in/www.bancoestado.cl/pagina/imagenes/comun2008/banca-en-linea-personas.html,1,97,77,0,0,13,0,4
http://mail.payee-online-security.net/,1,38,1,1,0,30,1,0
http://mail.payee-review-uk.com/,1,32,1,1,0,24,1,0
https://www.cancel-ipayees-iremoval.com/lloyds/Login.php,1,56,17,1,1,31,1,0
https://www.cancel-ipayees-iremoval.com/lloyds,1,46,7,1,1,31,1,0
https://www.icloud.com.find-lost.site/?id=369.83.278,1,52,1,3,1,29,1,8
http://icloud.com.find-lost.site/?id=369.83.278,1,47,1,2,0,25,1,8
http://www.anaseldemeshky.com/can/live/,1,39,10,1,0,22,0,0
http://www.etah.ga/nkx/2020/,1,28,10,1,0,11,0,4
https://www.verify-mymobiledevice.com/Login.php,1,47,10,1,1,29,1,0
https://www.alert-customer-payment.com/Login.php,1,48,10,1,1,30,1,0
http://www.halifax-recipient-support.com/Login.php,1,50,10,1,0,33,1,0
http://www.toros-consulting.com/sophiesladder/logmatch/,1,55,24,1,0,24,1,0
http://amazcn.icu/,1,18,1,0,0,10,0,0
https://schizophrenia.today/tax/Consulting/,1,43,16,0,1,19,0,0
https://www.device-authorisation.com/Login.php,1,46,10,1,1,28,1,0
https://payeesafe-registration.com/halifax/Login.php,1,52,18,0,1,26,1,0
https://www.secure-online-payees.com/Login.php,1,46,10,1,1,28,1,0
https://www.authorise-newdevices.com/Login.php,1,46,10,1,1,28,1,0
https://www.secure-payees-online.com/Login.php,1,46,10,1,1,28,1,0
https://auth-payeeconfirm.com/,1,30,1,0,1,21,1,0
https://www.cancelrequestedlogin.co.uk/Login.php,1,48,10,2,1,30,0,0
https://auth-payeeconfirm.com/Login.php,1,39,10,0,1,21,1,0
https://www.validate-secured-registration.com/Login.php,1,55,10,1,1,37,1,0
https://www.alert-new-payee.com/Login.php,1,41,10,1,1,23,1,0
https://www.authorize-details.cc/Login.php,1,42,10,1,1,24,1,0
https://secure-onlinenewpayee.com/Login.php,1,43,10,0,1,25,1,0
https://www.new-payeesecurity.com/Login.php,1,43,10,1,1,25,1,0
https://www.cancelrequestedlogin.com/Login.php,1,46,10,1,1,28,0,0
https://www.payee-cancellation-alert.com/Login.php,1,50,10,1,1,32,1,0
https://www.newpayee-deregister-secure.com/Login.php,1,52,10,1,1,34,1,0
https://securenow.cc/Login.php,1,30,10,0,1,12,0,0
https://removehalifax-payee.com/Login.php,1,41,10,0,1,23,1,0
http://removehalifax-payee.com/Login.php,1,40,10,0,0,23,1,0
https://payeeauth-support.com/halifax/Login.php,1,47,18,0,1,21,1,0
https://mail.contentclio.com/covidapprove/Attachment%20Name%2020200408_2049.pdf.html,1,84,56,1,1,20,0,16
https://mi.scbbank.site/,1,24,1,1,1,15,0,0
https://scbbank.site/oldindex.php,1,33,13,0,1,12,0,0
https://scbbank.site/mi/,1,24,4,0,1,12,0,0
https://ordinarystern.com/ex/auto/excelz/bizmail.php?email=&.rand=13vqcr8bp0gud&lc=1033&id=64855&mkt=en-us&cbcxt=mai&snsc=1,1,123,27,0,1,17,0,14
https://congxephanoi.com/wp-content/login-app/71560ce98c8250ce57a6a970c9991a5f/,1,79,55,0,1,16,0,22
https://mcfarlandtattoos.com/wp-includes/customize/67876542456897/5657655768/login,1,82,54,0,1,20,0,24
https://jfsdallas-a.tk/secure.php?login=do,1,42,11,0,1,14,1,0
https://wysyddhl.com/mGE166a9wTW/NLFKLY,1,39,19,0,1,12,0,4
http://asdasfsadfsdgvsdgvsdf.amztreosdvi.com/amazon/signin.php,1,62,18,1,0,37,0,0
https://musaid.de/utp-gouv/content-20-tax-refund-285125927038d231783/files_6dSZSK9BG8EkFYa527/en/banks/directing/vancity/index.php,1,130,113,0,1,9,0,26
https://musaid.de/utp-gouv/content-20-tax-refund-285125927038d231783/files_6dSZSK9BG8EkFYa527/en/banks/directing/vancity/indexx.php?x=v41hQdvgnsk282sMc229rnry4LC3MmFe0-Sd3wXL2SvAdTqzcuyYzw&wicketApp=legacy,1,205,114,0,1,9,0,39
https://musaid.de/utp-gouv/content-20-tax-refund-285125927038d231783/files_6dSZSK9BG8EkFYa527/en/banks/directing/vancity/indexxx.php?x=v41hQdvgnsk282sMc229rnry4LC3MmFe0-Sd3wXL2SvAdTqzcuyYzw&wicketApp=legacy,1,206,115,0,1,9,0,39
https://www.zoeyplatt.com/turn/True%20Login/index.php?error&id=shelleyb@backinmotion.com&.rand=13InboxLight.aspx?n=1774256418&fid=4,1,131,28,1,1,17,0,15
http://u94652575i.ha004.t.justns.ru/vamouss-credit-agr/323174521fc31668fe05381d85b3c892/,1,88,53,3,0,28,0,36
http://www.popartfocus.com/printer/Office/login.php,1,51,25,1,0,19,0,0
https://attsecuritysettings.weebly.com/,1,39,1,1,1,30,0,0
https://www.amazon-check-co-jp.71s.top/,1,39,1,2,1,30,1,2
http://usbank-link-mupyndtfft---com.illmickelsonbeats.com/getstep.php?id=929b25c55ec8f605f59216fa526f8cb9,1,105,12,1,0,50,1,21
http://usbank-link-mupyndtfft---com.illmickelsonbeats.com/getStep.php?id=544dbd4d42e9bbb7fca745bafca33fe6,1,105,12,1,0,50,1,14
https://freedomfiestas.com/airbnb/,1,34,8,0,1,18,0,0
https://onlinesecurity-newpayee.com/lloyds/Login.php,1,52,17,0,1,27,1,0
http://authorcheck.com/assets/deleteme/Dropbox%20-%20Simplify%20your%20life.htm,1,79,57,0,0,15,0,8
http://cancel-directdebits.net/,1,31,1,0,0,23,1,0
https://portail-smsbox-contact.web.app/,1,39,1,1,1,30,1,0
http://mail.midyatmimaritas.com/wp-includes/images/media/document/3253,1,70,39,1,0,24,0,4
http://secure.web894.com/customer_center/customer-IDPP00C139/myaccount/identity/,1,80,56,1,0,17,0,8
http://cancel-directdebit.net/,1,30,1,0,0,22,1,0
https://klutzcommercial.net/b/,1,30,3,0,1,19,0,0
https://klutzcommercial.net/b/nex.php,1,37,10,0,1,19,0,0
https://klutzcommercial.net/b/kiks.php,1,38,11,0,1,19,0,0
https://przesylka-info.com/3VjojvR5QpuQmMN9d2/KgHyLV,1,52,26,0,1,18,1,4
http://www.scottshairdressers.co.uk/login.alibaba/alibaba.com/ali/login.php,1,75,40,2,0,28,0,0
http://thietbihantbt.com/kaufer0-mochtendiesenkaufabbrechen&cgi3-viewkontakt-6446745566564-007acctpagetype-6446745566564=24340-&ebay@yoursales24.de.html,1,152,128,0,0,17,0,38
https://www.amazon-check-co-jp.63r.top/,1,39,1,2,1,30,1,2
https://haules-baules.services/,1,31,1,0,1,22,1,0
https://mujeresios.wastickerapps.us/nextVRF.html?location=85b59ce2ac59c09c271a29553f41e302,1,90,13,1,1,27,0,22
http://supportaccountsignin.blogspot.com/,1,41,1,1,0,33,0,0
http://www.paypal.com.connecrez.signin.justns.ru/Login/Connexion/,1,65,17,5,0,41,0,0
http://lmce.kinmind.kr/upfile/signin/confrim.php,1,48,26,1,0,15,0,0
http://payeeauth-support.com/halifax/admin,1,42,14,0,0,21,1,0
http://natwest.update.srl/,1,26,1,1,0,18,0,0
http://neweventpubgm20.com/,1,27,1,0,0,19,0,2
https://lbancainternet.interbiank.com/Login,1,43,6,1,1,29,0,0
https://gas.tools-fb.my.id/,1,27,1,2,1,18,1,0
https://accountupdate.amazon1.acountup.xyz/pc/,1,46,4,2,1,34,0,1
https://www.amazon-co-jp-service-center.xyz/,1,44,1,1,1,35,1,0
http://senonseistatutuatentarediaccederetipreghiamo.myddns.rocks/80f943a3e4ef308f98c181743efda615/,1,98,34,1,0,57,0,21
https://senonseistatutuatentarediaccederetipreghiamo.myddns.rocks/80f943a3e4ef308f98c181743efda615/conferma.html?securessl=true,1,127,47,1,1,57,0,21
https://senonseistatutuatentarediaccederetipreghiamo.myddns.rocks/80f943a3e4ef308f98c181743efda615/okeylogin.html?securessl=true,1,128,48,1,1,57,0,21
https://senonseistatutuatentarediaccederetipreghiamo.myddns.rocks/80f943a3e4ef308f98c181743efda615/okeylogin1.html?securessl=true,1,129,49,1,1,57,0,22
https://senonseistatutuatentarediaccederetipreghiamo.myddns.rocks/80f943a3e4ef308f98c181743efda615/okeylogin2.html?securessl=true,1,129,49,1,1,57,0,22
http://wp1.j1122300.mzdxp.spectrum.myjino.ru/reada.php,1,54,10,4,0,37,0,8
http://wp1.j1122300.mzdxp.spectrum.myjino.ru/dazar.php,1,54,10,4,0,37,0,8
http://wp1.j1122053.mzdxp.spectrum.myjino.ru/inspz/suivenvoi/chronopost%20_fr/accueil/zzdvhyzq=/ifram1.php?Code_Sms_conexpage,1,125,62,4,0,37,0,11
http://wp1.j1122053.mzdxp.spectrum.myjino.ru/inspz/suivenvoi/chronopost%20_fr/accueil/zzdvhyzq=/ifram2.php?Code_Smserror_tapnovcodeSms,1,134,62,4,0,37,0,11
http://payeeauth-support.com/halifax,1,36,8,0,0,21,1,0
http://authorise-newdevices.com/admin,1,37,6,0,0,24,1,0
http://halifax.alert-pairing.co.uk/,1,35,1,2,0,27,1,0
http://payeesecure-mobilehelp.com/halifax/admin,1,47,14,0,0,26,1,0
http://halifax.alert-pairing.co.uk/admin,1,40,6,2,0,27,1,0
http://payeesecure-mobilehelp.com/halifax,1,41,8,0,0,26,1,0
http://secure-updatepayee.com/halifax/admin,1,43,14,0,0,22,1,0
http://removehalifax-payee.com/admin,1,36,6,0,0,23,1,0
http://interactrefund.com/deposit/Interac/directing/bmo/secquestions.php?product=7,1,82,47,0,0,18,0,1
http://interactrefund.com/deposit/Interac/directing/bmo/information.php,1,71,46,0,0,18,0,0
http://wp1.j1122300.mzdxp.spectrum.myjino.ru/read.php,1,53,9,4,0,37,0,8
"https://services.runascape.com-vz.ru/m=weblogin/loginform659,783,113,29352979,1948",1,82,46,2,1,28,1,21
https://www.secure-fbupdate.com/,1,32,1,1,1,23,1,0
http://ourgrandlife.com/wet/eb9b79fe023920e4d5ae6fd97cb986cb,1,60,37,0,0,16,0,17
https://copyrightslivesupport.com/,1,34,1,0,1,25,0,0
http://copyrightslivesupport.com/,1,33,1,0,0,25,0,0
http://halifax-bank.link/,1,25,1,0,0,17,1,0
https://brkirhwdcphjqwjelniartjqhb-dot-triple-upgrade-293822.rj.r.appspot.com/,1,78,1,3,1,69,1,6
https://iahinmylmhgvfszbybmcinkrkr-dot-triple-upgrade-293822.rj.r.appspot.com/,1,78,1,3,1,69,1,6
http://getatless.com/document/,1,30,10,0,0,13,0,0
http://pugsberacas.com/wp-includes/js/tinymce/skins/Wetransfer/,1,63,41,0,0,15,0,0
http://wiserepsolutions.com/baskilo,1,35,8,0,0,20,0,0
http://grubwhatsappviral.ml/,1,28,1,0,0,20,0,0
http://ros-prints.ru/wordpress/wp-content/plugins/css-ready-seled/ssh,1,69,49,0,0,13,1,0
https://peak-ryzex-dot-exceldocuments-xlxsapp.an.r.appspot.com/index.html,1,73,11,3,1,54,1,0
http://grup.youtuberff.event-spin4.ml/,1,38,1,2,0,30,1,1
https://grup.youtuberff.event-spin4.ml/,1,39,1,2,1,30,1,1
http://interactrefund.com/deposit/Interac/directing/simplii/logging.php,1,71,46,0,0,18,0,0
http://interactrefund.com/deposit/Interac/directing/simplii/accountConfirm.html,1,79,54,0,0,18,0,0
https://suspectsteward.com/Mike/Cleary,1,38,12,0,1,18,0,0
https://signin-office365.cabanova.com/,1,38,1,1,1,29,1,3
https://sitiocoqueiros.com.br/akonet/,1,37,8,1,1,21,0,0
http://u94652575i.ha004.t.justns.ru/vamouss-credit-agr,1,54,19,3,0,28,0,11
http://www.btly.ir/AZERTY54/,1,28,10,1,0,11,0,2
http://juanthradio.com/Script/DOC/,1,34,12,0,0,15,0,0
http://metro16go.com/,1,21,1,0,0,13,0,2
http://streamcommunite.com/,1,27,1,0,0,19,0,0
https://mail.marimasuk.whatsapp-web-281.tk/,1,43,1,2,1,34,1,3
https://jimsbonlinestores.com/surf4.php,1,39,10,0,1,21,0,1
https://myqualitymask.com/wp-admin/css/colors/hasny/Home/Dashboard.php,1,70,45,0,1,17,0,0
https://myqualitymask.com/wp-admin/css/colors/hasny/Home/Billing.php,1,68,43,0,1,17,0,0
http://www.dc-deals.com/authentification/dep/,1,45,22,1,0,16,1,0
http://blockchainsupportsyncwallet.com/,1,39,1,0,0,31,0,0
https://blockchainsupportsyncwallet.com/,1,40,1,0,1,31,0,0
http://stoic-galileo-c112f7.netlify.app/,1,40,1,1,0,32,1,4
https://att-yahoomailerdoc.weebly.com/,1,38,1,1,1,29,1,0
https://www.arowanafishstore.com/%69%72%73%77%69%6E.%68%74%6D%6C#12,1,67,32,1,1,24,0,19
http://thirsty-darwin-441a83.netlify.app/,1,41,1,1,0,33,1,5
https://atosgenerators.com/voice/files2/F/D/manage/4be3ba79479c820811c1bdfff55bd856,1,83,57,0,1,18,0,20
https://atosgenerators.com/voice/files2/F/D/manage/4be3ba79479c820811c1bdfff55bd856/,1,84,58,0,1,18,0,20
http://payeemobile-help.com/halifax/admin,1,41,14,0,0,20,1,0
http://paypai.devicecheck-datashield.com/,1,41,1,1,0,33,1,0
http://lloydsbankplc-online-auth.onlin30.co.uk/,1,47,1,2,0,39,1,2
http://auth-payeeconfirm.com/admin,1,34,6,0,0,21,1,0
http://newpayee-alertschecks.com/login,1,38,6,0,0,25,1,0
http://ybs.51haoyayi.cn/jplayer/vp4,1,35,12,1,0,16,0,3
http://51.5.147.178/promo/PROMOCAO/PRODUTOcbda885a3b59a6c7bb0ba1de69344a3fMRBT/Identificacao/,1,93,74,2,0,12,0,25
http://orange.portail-mobile.digital/personal/e/authID=PyRCk/,1,61,25,1,0,29,1,0
https://mystifying-johnson-88b85b.netlify.app/,1,46,1,1,1,37,1,4
https://tolzrfxdsvwbymjwaeavbntruh-dot-triple-upgrade-293822.rj.r.appspot.com/,1,78,1,3,1,69,1,6
https://gpgciktegjjsvtyesdykafqyip-dot-triple-upgrade-293822.rj.r.appspot.com/,1,78,1,3,1,69,1,6
https://shalivhyskehcyurogflmhmqdr-dot-triple-upgrade-293822.rj.r.appspot.com/,1,78,1,3,1,69,1,6
http://bcpzonasegura.rvi-pancevo.com/app/template/login/waiting.php,1,67,31,1,0,29,1,0
https://itezetqdvlqgdemdzzosuizkfe-dot-triple-upgrade-293822.rj.r.appspot.com/,1,78,1,3,1,69,1,6
https://www.arowanafishstore.com/irswin.html#12,1,47,12,1,1,24,0,2
https://approvehostile.com/wp-admin/image/ow/auth/logon.aspx?replaceCurrent=1&reason=2&url=,1,91,34,0,1,18,0,2
https://fypmzqgnjeqlznlwxmmwpqgbtp-dot-triple-upgrade-293822.rj.r.appspot.com/,1,78,1,3,1,69,1,6
http://bcpzonasegurasbeta.eviabcp.com/app/template/login/waiting.php,1,68,31,1,0,30,0,0
http://hidepost-qvylwbei.provenzaparrucchieri.it/nextVRF.html?location=68cd512e9b7e7630b7868bcd0bdbcb11,1,103,13,1,0,41,1,18
https://hidepost-qvylwbei.provenzaparrucchieri.it/nextVRF.html?location=840d35a1285b4a722710d2bf2a571cf2,1,104,13,1,1,41,1,22
http://messageries-box-info.firebaseapp.com/,1,44,1,1,0,36,1,0
https://online-rxstore.xyz/v/index.php?email=RMyers@irvingbible.org,1,67,12,0,1,18,1,0
https://obuzleykbhpgfhjggvexbnzppo-dot-triple-upgrade-293822.rj.r.appspot.com/,1,78,1,3,1,69,1,6
https://awamcskhfdbeaioifwiohueymk-dot-triple-upgrade-293822.rj.r.appspot.com/,1,78,1,3,1,69,1,6
https://uvbxspczpdcgofocgogszvqmbq-dot-triple-upgrade-293822.rj.r.appspot.com/,1,78,1,3,1,69,1,6
https://pqevrdkamlnrqpcbofvcrrybwg-dot-triple-upgrade-293822.rj.r.appspot.com/,1,78,1,3,1,69,1,6
https://nkguxpfcbfsrvrdehmegelkhum-dot-triple-upgrade-293822.rj.r.appspot.com/,1,78,1,3,1,69,1,6
https://ngpdzdovpedcrejsjyanvvggnf-dot-triple-upgrade-293822.rj.r.appspot.com/,1,78,1,3,1,69,1,6
https://docsharex-authorize.firebaseapp.com/x...,1,48,5,1,1,35,1,0
https://paypal.uk-safeguard.com/,1,32,1,1,1,23,1,0
http://paypal.service-usersresponse.gaze-eyewear.com/,1,53,1,2,0,45,1,0
http://elicosandvet.iscperth.com/login.alibaba.com/ali/login.php,1,64,32,1,0,25,0,0
http://lattanziowines.com/v3/validation/0cec5d2fee7f0024b0520fddd39d2444,1,72,47,0,0,18,0,19
http://iitee.net/includes/y/lj0cdk.php-1462817848-1-2ef55a7c1b025e8363c1bb61b415ccb02ef55a7c1b025e8363c1bb61b415ccb02ef55a7c1b025e8363c1bb61b415ccb0-abuse@yahoo.com.com.php,1,172,156,0,0,9,0,69
http://goldenarrowlumber.com/Anne/Sauter,1,40,12,0,0,21,0,0
https://copyrights-instagramhelp.ml/,1,36,1,0,1,27,1,0
http://copyrights-instagramhelp.ml/,1,35,1,0,0,27,1,0
http://www.checkmybill-ee.com/,1,30,1,1,0,22,1,0
https://dbs-intrrntbkkng.com/,1,29,1,0,1,20,1,0
https://genatec.live/,1,21,1,0,1,12,0,0
http://genatec.info/,1,20,1,0,0,12,0,0
https://genatec.info/,1,21,1,0,1,12,0,0
https://onlineexcelfile-74637648764733esgx664-dot-west-2673846.df.r.appspot.com/exlcel1.html?email=karolina.trybuchowska@europasystems.com,1,138,13,3,1,71,1,25
http://whatsappbudi01gaming.luckyspinff0321.ga/,1,47,1,1,0,39,0,6
http://www.re-registered-device.com/Login.php,1,45,10,1,0,28,1,0
https://mqstransport.nl/wp-content/themes/excel-rd42/,1,53,30,0,1,15,0,2
https://www.intesanew.alegrupweb.ga/3ec1,1,40,5,2,1,27,0,2
http://metrovipx.com/,1,21,1,0,0,13,0,0
http://wp1.j1122300.mzdxp.spectrum.myjino.ru/dazae.php,1,54,10,4,0,37,0,8
http://wp1.j1122053.mzdxp.spectrum.myjino.ru/inspz/suivenvoi/chronopost%20_fr/accueil/hzdi0yzg=/ifram1.php?Code_Sms_conexpage,1,125,62,4,0,37,0,12
http://wp1.j1122053.mzdxp.spectrum.myjino.ru/inspz/suivenvoi/chronopost%20_fr/accueil/hzdi0yzg=/ifram2.php?Code_Smserror_tapnovcodeSms,1,134,62,4,0,37,0,12
http://paypal.com-update.accounts.paypal.thepresidencyschool.com/,1,65,1,4,0,57,1,0
https://attsevise.weebly.com/,1,29,1,1,1,20,0,0
http://www.identifiezvousavecvotre-ravogira.sitew.org/,1,54,1,2,0,46,1,0
https://orivicin.flywheelsites.com/wp-content/uploads/2020/11/,1,62,28,1,1,26,0,6
https://nomadlawyer.org/vv/pro/166pou5ke7vrziwqlcybvcdq.php?secure&share=8C14511606458118f8a8874adab9f8d3ef63f52634bdf38ff8a8874adab9f8d3ef63f52634bdf38ff8a8874adab9f8d3ef63f52634bdf38ff8a8874adab9f8d3ef63f52634bdf38ff8a8874adab9f8d3ef63f52634bdf38f,1,249,36,0,1,15,0,105
http://www.petsafe.ec/xx/xx/,1,28,7,1,0,14,0,0
http://garantibbvadestek-tr.com/,1,32,1,0,0,24,1,0
https://loginspaces.webnode.be/,1,31,1,1,1,22,0,0
https://jeny-carasco.xyz/view-signin.php?facebook_com/marketplace/item/796293457=,1,81,16,0,1,16,1,9
https://bit.ly/3g1oo0Y,1,22,8,0,1,6,0,3
https://myqualitymask.com/wp-admin/css/colors/hasny/Home/,1,57,32,0,1,17,0,0
https://myqualitymask.com/wp-admin/css/colors/hasny/Home,1,56,31,0,1,17,0,0
https://sakonprojects.co.za/wp-content/uploads/2020/11/onlinebankingmtb/,1,72,45,1,1,19,0,6
https://sakonprojects.co.za/wp-content/uploads/2020/11/onlinebankingmtb/authenticate.html?onlinebanking.mtb.com/Login/MTBSignOn,1,127,62,1,1,19,0,6
https://sakonprojects.co.za/wp-content/uploads/2020/11/onlinebankingmtb/secq.html?onlinebanking.mtb.com/Login/MTBSignOn,1,119,54,1,1,19,0,6
https://sakonprojects.co.za/wp-content/uploads/2020/11/onlinebankingmtb/securityauthentication.html?onlinebanking.mtb.com/Login/MTBSignOn?security+authentication,1,161,72,1,1,19,0,6
https://sakonprojects.co.za/wp-content/uploads/2020/11/onlinebankingmtb,1,71,44,1,1,19,0,6
http://groupwhatsppchatbokep.wikaba.com/,1,40,1,1,0,32,0,0
http://www.amazon.com.preferredmethods.cl-as.ml/Amazon/,1,55,8,4,0,40,1,0
http://sn.wildpaw.co/excl/e-excel.php,1,37,17,1,0,13,0,0
https://qthbtchiylcaxalbxqlqmctdvv-dot-triple-upgrade-293822.rj.r.appspot.com/,1,78,1,3,1,69,1,6
https://saudiapost.net/box_track/3ba36d4c11c41d19f074be3a899585b4/,1,66,44,0,1,14,0,21
https://saudiapost.net/box_track/3ba36d4c11c41d19f074be3a899585b4/zlatan.php,1,76,54,0,1,14,0,21
https://saudiapost.net/box_track/3ba36d4c11c41d19f074be3a899585b4/garcia.php,1,76,54,0,1,14,0,21
https://switchboardbox.com/hunt/Huntington%20Online%20Banking%20Login%20Huntingtonemail.htm,1,91,65,0,1,18,0,8
https://virgin-mobile1.com/,1,27,1,0,1,18,1,1
https://hali.personal-online-payee-validate-login.com/,1,54,1,1,1,45,1,0
https://utdtiraiyatkusfq-dot-owaonk399399393.uk.r.appspot.com/,1,62,1,3,1,53,1,9
http://www.dhl24.com.pl/uzytkownik/zaloguj.html,1,47,24,2,0,16,0,2
https://loginsupporthelp.net/,1,29,1,0,1,20,0,0
https://frugalpowerfulbackend.jasonzzy.repl.co/,1,47,1,2,1,38,0,0
http://jolly-newton-95d78b.netlify.app/,1,39,1,1,0,31,1,4
http://smcc-card.scwsw.com/,1,27,1,1,0,19,1,0
https://rsnra0tryqdyary9fdqnttsnowa.df.r.appspot.com/,1,53,1,3,1,44,0,2
https://geekandgadgetworld.com/WeTransfer/?email=mathew.enright@barclays.com,1,76,12,0,1,22,0,0
https://yakuvida.com/wr/o/indexa.php,1,36,16,0,1,12,0,0
http://sdent.net/wp/pro/proposal/common/?login.srf,1,50,24,0,0,9,0,0
http://paypalticketslimits.org/paypal/1512f4885b0a6c1f7c40ac9b0fe312bb/,1,71,41,0,0,23,0,19
https://rytger.dk/image/wetransfer,1,34,17,0,1,9,0,0
http://thietbihantbt.com/kaufer0-mochtendiesenkaufabbrechen&amp;cgi3-viewkontakt-6446745566564-007acctpagetype-6446745566564=24340-&amp;info@paradieseinkauf.de.html,1,164,39,0,0,17,0,36
http://paypalticketslimits.org/paypal/de440406ad1d5dd65a69b70aefe40e00/,1,71,41,0,0,23,0,18
http://serene-bartik-a63476.netlify.app/,1,40,1,1,0,32,1,5
http://www.travelsbrand.ltd/hdhdhdh/Drive/,1,42,15,1,0,20,0,0
http://ourgrandlife.com/wet/02e0ebfa760fc4096afd6c4190e937f8/,1,61,38,0,0,16,0,19
http://www.copyright-media-contact10007381966.com/help/,1,55,6,1,0,42,1,11
https://www.copyright-media-contact10007381966.com/help/222.php,1,63,13,1,1,42,1,14
https://www.copyright-media-contact10007381966.com/help/3.php,1,61,11,1,1,42,1,12
https://www.copyright-media-contact10007381966.com/help/4.php,1,61,11,1,1,42,1,12
https://aydcztexyibfriptbasuizlswe-dot-triple-upgrade-293822.rj.r.appspot.com/,1,78,1,3,1,69,1,6
https://skawsmyoyqyizufqxniztxgojq-dot-triple-upgrade-293822.rj.r.appspot.com/,1,78,1,3,1,69,1,6
https://wtfkeixtwoijhorynnpcazhawj-dot-triple-upgrade-293822.rj.r.appspot.com/,1,78,1,3,1,69,1,6
https://wfytwbbnizotwgukwmnihcodnf-dot-triple-upgrade-293822.rj.r.appspot.com/,1,78,1,3,1,69,1,6
http://condescending-hodgkin-40b581.netlify.app/,1,48,1,1,0,40,1,5
https://frzltptmharczkimdewzziibsn-dot-triple-upgrade-293822.rj.r.appspot.com/,1,78,1,3,1,69,1,6
https://ilksrpzdfgwcgpmjedfxkuloyc-dot-triple-upgrade-293822.rj.r.appspot.com/,1,78,1,3,1,69,1,6
https://wukiarrnvfzrgifnthnkylpcca-dot-triple-upgrade-293822.rj.r.appspot.com/,1,78,1,3,1,69,1,6
https://acessopj1-central.site/cx/,1,34,4,0,1,22,1,1
https://acessopj1-central.site/cx/itc2.php,1,42,12,0,1,22,1,2
https://acessopj1-central.site/cx/itc2cod.php,1,45,15,0,1,22,1,2
http://www.seobacklink.in/Microsoft/excel-rd42/,1,47,22,1,0,18,0,2
http://www.nitroprint.com/particulier/,1,38,13,1,0,18,0,0
http://18.221.189.169/orangeb/senha.php,1,39,18,2,0,14,0,11
http://www.standoutcare.org/wp-includes/widgets/serve/,1,54,27,1,0,20,0,0
http://www.toremy-gym.com/wp-content/plugins/RootSaul/includes/user/view.php,1,76,51,1,0,18,1,0
https://corporacionjr.com.gt/blog/tax/home.php?1pTXpemK3w06lbVs5qbAb8q500tO24AtL2zNGVm9xDXQK3Tdrqc47izc5eoDywsRs4UkZqAP1clpYISDYfAltc8Vz5nMFf9wKUShKHOgGWQKRrinIWuvVgggMeABObEqWk0t3mBnuKEzuxbiLOHxWwgKv28TcEBXMNX7Cq0z2TOncJD4Q1Z8UJ0C2Rqt2MUz1qcPomOI,1,247,18,1,1,20,0,36
https://corporacionjr.com.gt/blog/tax/aboutus.php?OTPVerification.aspx5B03gzyBWbXMvDwUHYv10qhM5jsUpOXC1ZS5OoUvy5YiDZcwtozeQ7dTCELBe2dVWjwm5sfMGKAl2gfT7P6Wvme5aBMoVJyjjjjh,1,170,21,1,1,20,0,16
https://corporacionjr.com.gt/blog/tax/services.php?OTPVerification.aspxL0olAQAXbv1tJMdTWKKB35HCC5rF1tf3M47pfyrWUqz9bSy19pFzDnsXWJvHo04AEu0mteXzDBFk4xonJHcfSRm27gYDS3Xa3lESVYWRUbFTzwAyi8jLGOEcr5amDuAKnyx6mSysgGF85xa2G21VQULKiPqYt9V5381mtln9qPcsgPmBuXH1,1,251,22,1,1,20,0,35
http://secure-login-verifcation.net/Login.php,1,45,10,0,0,28,1,0
http://toanhoc247.edu.vn/backend/web/assets/99d5dbd2/canadiane-compte.php,1,73,49,1,0,17,0,7
https://ensurefabbitcoin.com/Documents/,1,39,11,0,1,20,0,0
https://deregister-your-payee.com/Login.php,1,43,10,0,1,25,1,0
https://newpayee-securityremove.com/Login.php,1,45,10,0,1,27,1,0
https://flagged-payee-remove.com/Login.php,1,42,10,0,1,24,1,0
https://payeevalidation.com/Login.php,1,37,10,0,1,19,0,0
https://payeesecurehelp-mobile.com/halifax/Login.php,1,52,18,0,1,26,1,0
http://jaspercountyrepublicans.com/wp-includes/jss/home.php?cid=2327&utm_term=2327&utm_campaign=login&utm_medium=help-and-learn&utm_source=login_frontend_hosting&utm_content=flyin&id=zgdlzxjzqgjyb29rbhlulmn1bnkuzwr1,1,215,25,0,0,27,0,12
https://registerpayee-e.com/Login.php,1,37,10,0,1,19,1,0
https://review-online-payees.com/Login.php,1,42,10,0,1,24,1,0
https://payeesecurity-support.com/halifax/Login.php,1,51,18,0,1,25,1,0
https://regpayee-lb.com/Login.php,1,33,10,0,1,15,1,0
https://payee-cancellation-online.com/Login.php,1,47,10,0,1,29,1,0
https://lemnexotic.ro/wp-content/themes/twentytwenty/mail/5a9e3bb3774f114d1cd4dd5b5667aec0,1,90,69,0,1,13,0,18
https://new-device-authorisation.com/,1,37,1,0,1,28,1,0
https://payeesecurityalerts.com/Login.php,1,41,10,0,1,23,0,0
https://halifax-payeecase.com/,1,30,1,0,1,21,1,0
https://www.info-security-deregister.com/Login.php,1,50,10,1,1,32,1,0
https://appointment.beyondthebox.ph/.tmp/amz/amzlog/,1,52,17,1,1,27,0,0
https://payeesecurityalerts.com/,1,32,1,0,1,23,0,0
http://off-556536263.danskiptv.shop/nextVRF.html?location=4f29436c6fb5a39619e51796acc844a4,1,90,13,1,0,28,1,31
http://halifaxscam-alerts.com/login/Login.php,1,45,16,0,0,22,1,0
https://vichyteen.com/admin../ATT,1,33,12,0,1,13,0,0
https://vichyteen.com/admin../ATT/login.php?cmd=login_submit&id=644c174a6eee3f2f0c4f336788b37c81644c174a6eee3f2f0c4f336788b37c81&session=644c174a6eee3f2f0c4f336788b37c81644c174a6eee3f2f0c4f336788b37c81,1,201,22,0,1,13,0,84
http://getco-genetics.com/update./Adobe/Adobe%20acrobat%20auto%20email/login.php?l=_JeHFUq_VJOXK0QWHtoGYDw1774256418&fid.13InboxLight.aspxn.1774256418&fid.125289964252813InboxLight99642_Product-email&email=,1,206,55,0,0,18,1,49
https://simplythisla.com/OTF/AutoDHL/DHL/deliveryform.php,1,57,33,0,1,16,0,0
https://atosgenerators.com/autoapp/one/westpac/F/D/manage/?view=login&appIdKey=fcd00c0656cc490&country=,1,103,32,0,1,18,0,9
https://atosgenerators.com/autoapp/one/westpac/F/D/manage/9d1900cabb241588bc91f96ef1751a6c,1,90,64,0,1,18,0,20
https://atosgenerators.com/autoapp/one/westpac/F/D/manage/9d1900cabb241588bc91f96ef1751a6c/,1,91,65,0,1,18,0,20
https://wiki.candeias.pt/vendor/phpunit/phpunit/src/Util/PHP/hn/index.php,1,73,49,1,1,16,0,0
http://kaliaborcollegeofeducation.org.in/layerslider/css/crs/ls/index.html,1,74,34,1,0,33,0,0
http://kaliaborcollegeofeducation.org.in/layerslider/css/crs/ls/full.php,1,72,32,1,0,33,0,0
http://kaliaborcollegeofeducation.org.in/layerslider/css/crs/ls/fulls.php,1,73,33,1,0,33,0,0
http://kaliaborcollegeofeducation.org.in/layerslider/css/crs/ls/que.php,1,71,31,1,0,33,0,0
https://applicazionesicura.com/intesa,1,37,7,0,1,22,0,0
https://www.applicazionesicura.com/intesa/index.html,1,52,18,1,1,26,0,0
https://applicazionesicura.com/intesa/index.html,1,48,18,0,1,22,0,0
https://www.applicazionesicura.com/intesa,1,41,7,1,1,26,0,0
https://tuitionbin.com/1/b.html,1,31,9,0,1,14,0,1
https://trickvipid.com/,1,23,1,0,1,14,0,0
http://ptkgb.co.id/.well-known/pki-validation/service/login.php?cmd=login_submit&id=2d48d53c68c02107df25816d0c11f9622d48d53c68c02107df25816d0c11f962&session=2d48d53c68c02107df25816d0c11f9622d48d53c68c02107df25816d0c11f962,1,221,45,1,0,11,0,92
http://redcloakmusic.com.br/hhp/cmd-login=6d0fecb66fbca13ec8bea4e3d33d5a40/?email=saeed911@windoslive.com&loginpage=&reff=NTllYTdmYjgyMDc5NDE4NjI3NmVhMWM4ZDNmMjJjNzI=,1,166,48,1,0,20,0,21
http://hsbc.uk.securekey-protection.com/spe,1,43,4,2,0,32,1,0
http://hsbc.uk.securekey-protection.com/reg/spec,1,48,9,2,0,32,1,0
http://www.cosete.com.mx/eigroup/page.php,1,41,17,2,0,17,0,0
http://preventionsystem2021.com.ve/cHUg/login.php,1,49,15,1,0,27,0,4
https://thefootballpositive.com/opz/,1,36,5,0,1,23,0,0
https://lihi3.cc/NVcHg,1,22,6,0,1,8,0,1
https://www.update-eeed.face-edii.ml/,1,37,1,2,1,28,1,0
http://halifax-registration-payee.com/Login.php,1,47,10,0,0,30,1,0
https://personal-bankingauth.com/lloyds/Login.php,1,49,17,0,1,24,1,0
https://mail.armata-neagra.ro/login.php?l=_JeHFUq_VJOXK0QWHtoGYDw1774256418,1,75,10,1,1,21,1,11
https://www.paligcleaningservice.com/content/examples/dse_na2-ocusign.net/db/,1,77,41,1,1,28,0,1
http://www.unitus.mk.ua/sites/default/files/ctools/ams/cms/index/www/customer_center/customer-IDPP00C281/login.php,1,114,91,2,0,16,0,5
http://mail.lloyds-registerdevice.com/Login.php,1,47,10,1,0,30,1,0
https://new-paymentauthorisation.com/Login.php,1,46,10,0,1,28,1,0
http://admiring-hamilton-4cb0f9.netlify.app/,1,44,1,1,0,36,1,3
http://lovelovemeet.com/i/girls/view/189.html,1,45,22,0,0,16,0,3
https://nostalgic-spence-59c8af.netlify.app/,1,44,1,1,1,35,1,3
http://adoring-shirley-d7bbb2.netlify.app/,1,42,1,1,0,34,1,2
https://adoring-shirley-d7bbb2.netlify.app/,1,43,1,1,1,34,1,2
https://review-online-payee.com/Login.php,1,41,10,0,1,23,1,0
https://paypal.com.nkt5c7h.top/,1,31,1,2,1,22,0,2
http://groupgroup.rozblog.com/,1,30,1,1,0,22,0,0
https://lloyds-protectaccount.com/Login.php,1,43,10,0,1,25,1,0
http://vieuxshack.com/download/adobe/6699ab172eacd7ec6a25aa3519a80eda/login.php?cmd=login_submit&id=8a27ef3a63d10ef50859059073fbc4ad8a27ef3a63d10ef50859059073fbc4ad&session=8a27ef3a63d10ef50859059073fbc4ad8a27ef3a63d10ef50859059073fbc4ad,1,237,58,0,0,14,0,97
http://vieuxshack.com/download/adobe/8c1ad527f5b360ada22cb52a30ab6586/login.php?cmd=login_submit&id=5f5204b2858d8cd6079f171e6581f2195f5204b2858d8cd6079f171e6581f219&session=5f5204b2858d8cd6079f171e6581f2195f5204b2858d8cd6079f171e6581f219,1,237,58,0,0,14,0,115
http://specialtylumberllc.com/public/filedocumet/,1,49,20,0,0,22,0,0
https://headsoccerunblockedpro.com/wp-admin/js/widgets/1/lagosnewEXCEL/bizmail.php?email=cGFzY2FsZS5yb2RkaWVyQDByYW5nZS5mcg==&.rand=13vqcr8bp0gud&lc=1033&id=64855&mkt=en-us&cbcxt=mai&snsc=1,1,189,48,0,1,26,0,20
https://halifax-remove-payee.com/Login.php,1,42,10,0,1,24,1,0
http://starsoftheindustry.com/paper_lantern/digital.technic/redirectURL/dynamic/ssl/hmtl/oauth2/auth17a1.php?ligHt=8876546r&userid=,1,131,79,0,0,22,0,11
https://halifax-remove-payee.com/,1,33,1,0,1,24,1,0
http://lng-98532343.travelsmoney.com/nextVRF.html?location=11eec16246a5fc7add3c0d46e6241b8d,1,91,13,1,0,29,1,26
http://mxmsolucoesambientais.com.br/wp-admin/daum/Exitkorea/upload,1,66,31,1,0,28,0,0
http://quickcarrental.ca/ar/wetransfer/587c8b9988662d58b62e407c82e9c2ff,1,71,47,0,0,17,0,22
http://artopiel.ma/uk,1,21,3,0,0,11,0,0
https://myupdatingatt.weebly.com/,1,33,1,1,1,24,0,0
http://voyagestore.by/wp-includes/wfn/verification/C48M7552A840D3EBN882/ques.php,1,80,59,0,0,14,0,13
http://voyagestore.by/wp-includes/wfn/verification/C48M7552A840D3EBN882/lndex.php,1,81,60,0,0,14,0,13
http://voyagestore.by/css/verification/CDM66D6N8BDCA0B9C14C/ques.php,1,68,47,0,0,14,0,8
https://att-yahooupdated.weebly.com/,1,36,1,1,1,27,1,0
http://ajanstrakya.com/wc/public_html/webmail/webmail/index.php,1,63,41,0,0,15,0,0
http://lloydsbankplc.secure-fraudulent-safeguard-login.com/Login.php,1,68,10,1,0,51,1,0
https://anagrafica-aggiornamento.net/dati,1,41,5,0,1,28,1,0
https://certificazionedati-web.com/,1,35,1,0,1,26,1,0
https://payee-cancellation-online.com/,1,38,1,0,1,29,1,0
https://fzaliwaqjcsbwobfuhldzyxuyk-dot-idyllic-chimera-296111.et.r.appspot.com/#a@b.com,1,87,1,3,1,70,1,6
https://adempimentiapp.com/,1,27,1,0,1,18,0,0
http://adempimentiapp.com/,1,26,1,0,0,18,0,0
https://laposte-colissimo.com/livraison/colis/laposte,1,53,24,0,1,21,1,0
https://laposte-colissimo.com/livraison/colis/laposte/f7d65b1956e40074f7c07b3d98c9cfd1/loading.html?id=300000716523000091,1,121,70,0,1,21,1,38
https://accedi.intensasanpaolo.alhramain.com/0c4be7f38c8df7b8a21e724f4f354f4f,1,77,33,2,1,36,0,18
https://accedi.intensasanpaolo.alhramain.com/0c4be7f38c8df7b8a21e724f4f354f4f/conferma.html?securessl=true,1,106,47,2,1,36,0,18
https://accedi.intensasanpaolo.alhramain.com/0c4be7f38c8df7b8a21e724f4f354f4f/okeylogin.html?securessl=true,1,107,48,2,1,36,0,18
https://accedi.intensasanpaolo.alhramain.com/0c4be7f38c8df7b8a21e724f4f354f4f/okeylogin1.html?securessl=true,1,108,49,2,1,36,0,19
https://accedi.intensasanpaolo.alhramain.com/0c4be7f38c8df7b8a21e724f4f354f4f/okeylogin2.html?securessl=true,1,108,49,2,1,36,0,19
http://drive.google.com.pdfdocument.bcuworks.com/dropgoogle/drive.html,1,70,22,4,0,41,0,0
http://drive.google.com.pdfdocument.bcuworks.com/dropgoogle/document.php,1,72,24,4,0,41,0,0
https://haromaain.com/moncompte.ovh.com/manager/OVHCloud/moncompte/renouvellement/webdomaine/page-paiement.ovh.com/4870031649701203465875104976045875/48700316497012034658751049760/myzmjk=/,1,188,167,0,1,13,0,63
https://haromaain.com/moncompte.ovh.com/manager/OVHCloud/moncompte/renouvellement/webdomaine/page-paiement.ovh.com/4870031649701203465875104976045875/48700316497012034658751049760/myzmjk=/index1.php,1,198,177,0,1,13,0,64
https://haromaain.com/moncompte.ovh.com/manager/OVHCloud/moncompte/renouvellement/webdomaine/page-paiement.ovh.com/4870031649701203465875104976045875/48700316497012034658751049760/myzmjk=/index2.php,1,198,177,0,1,13,0,64
http://sheltercracks.com/wp-content/plugnis/25GB/index.php?email=,1,65,34,0,0,17,0,2
http://epic-bell-a6155b.netlify.app/,1,36,1,1,0,28,1,4
https://goofy-pike-9ca378.netlify.app/,1,38,1,1,1,29,1,4
http://gracious-goldstine-6f9ab9.netlify.app/,1,45,1,1,0,37,1,3
https://gracious-goldstine-6f9ab9.netlify.app/,1,46,1,1,1,37,1,3
http://72.34.44.11/,1,19,1,2,0,11,0,8
https://iyuxxdxrzcijimirrcxawzdkdubmrxkgynwr.woven-perigee-290416.uk.r.appspot.com/x/,1,85,3,4,1,74,1,6
http://mail.beesnaturals.com/u.php,1,34,6,1,0,21,0,0
http://u9453056y1.ha004.t.justns.ru/lopcfaaaaa/5f6210e0380ee0a/region.php,1,73,38,3,0,28,0,21
http://dhl-parcels.info/knb/,1,28,5,0,0,16,1,0
https://www.thecamera1group.com/wp-content/themes/twentytwenty/Excel/excelz/bizmail.php?email=YXV0b3BhcnRzQHlpYm9uLmNvbS5jbg==&.rand=13vqcr8bp0gud&lc=1033&id=64855&mkt=en-us&cbcxt=mai&snsc=1,1,190,56,1,1,23,0,19
https://billing-myee-login.com/login.php?_sessionid=SWHlz9iL92cRGLfyRgpBHlKCDsIRNEvm,1,84,10,0,1,22,1,3
https://billing-myee-login.com/,1,31,1,0,1,22,1,0
https://emileighlatham.com/o365x2/login.php?ss=2&#aW5mby13ZWl0ZXJiaWxkdW5nLnNtbEB6aGF3LmNo#client_id=e7b724e5-ef96-4f79-9c01-6e985e042d4d#loginpage=https://live.microsoftonline.com#reff=6d17fd2bdeb846c7987fc53a49f81755,1,218,17,0,1,18,0,53
http://u945895714.ha004.t.justns.ru/saidok/correos-spain/manage/,1,64,29,3,0,28,0,12
http://u945895714.ha004.t.justns.ru/saidok/correos-spain/manage/sms/sms2.html,1,77,42,3,0,28,0,13
https://rqxfjguyljkflodphobybiwefp-dot-triple-upgrade-293822.rj.r.appspot.com/,1,78,1,3,1,69,1,6
https://uk.cleannameservers.com/~instant3/icloud/icloud/,1,56,25,1,1,23,0,1
https://lloyds.cancel-online.co.uk/Login.php,1,44,10,2,1,26,1,0
https://docsharex-authorize.firebaseapp.com/xx,1,46,3,1,1,35,1,0
http://englishstudio.ir/layout/,1,31,8,0,0,16,0,0
https://lloyds.cancel-online.co.uk/,1,35,1,2,1,26,1,0
https://natwest-authorise.com/Login.php,1,39,10,0,1,21,1,0
https://www.natwest-authorise.com/Login.php,1,43,10,1,1,25,1,0
http://m.jt6287.com/,1,20,1,1,0,12,0,4
http://xktgfdyxcghhuzpkzrtwqqpuxv-dot-triple-upgrade-293822.rj.r.appspot.com/,1,77,1,3,0,69,1,6
http://uhwmdhoyhlnsdgakdunslmwdee-dot-triple-upgrade-293822.rj.r.appspot.com/,1,77,1,3,0,69,1,6
http://trjmxoyxnffnfwmjrtrocczghs-dot-triple-upgrade-293822.rj.r.appspot.com/,1,77,1,3,0,69,1,6
http://lqqhezjpgwfojpkpxxvhxmdvqw-dot-triple-upgrade-293822.rj.r.appspot.com/,1,77,1,3,0,69,1,6
http://uxxyritxuoeggaaq-dot-auth-online-sevice.ey.r.appspot.com/,1,64,1,3,0,56,1,0
http://kezswesrrnfviqsuvbzfqir-dot-auth-online-sevice.ey.r.appspot.com/,1,71,1,3,0,63,1,0
http://info-security-deregister.com/,1,36,1,0,0,28,1,0
http://oblioucvfsdadbcfsqf-dot-auth-online-sevice.ey.r.appspot.com/,1,67,1,3,0,59,1,0
http://vadisco.com/wm/public_html/webmail/webmail/index.php,1,59,41,0,0,11,0,0
https://mjfchsbujihb.ygto.com/dfgfgh/,1,37,8,1,1,21,0,0
https://help-form-confirm.ml/,1,29,1,0,1,20,1,0
https://verifymy-device.com/lloyds/,1,35,8,0,1,19,1,0
https://verifymy-device.com/lloyds/Login.php,1,44,17,0,1,19,1,0
http://www.sbhanmankhl9kosawar.com/swis/app/pagamento/lod2.php,1,62,28,1,0,27,0,2
https://securityonline.cc/hsbc,1,30,5,0,1,17,0,0
https://o2.uk.o2al.com/?o2=2,1,28,1,2,1,14,0,4
http://www-boxberry-trackcode.ru/index.php/false/py1n.html/discovercard.com/dfs/accounthome/summary/-www.schwab.com/secure.accurint.com/unfcu2.org/files,1,152,120,0,0,25,1,2
http://nervous-kilby-bf83ba.netlify.app/,1,40,1,1,0,32,1,2
http://giveaway.mydad.info/,1,27,1,1,0,19,0,0
https://giveaway.mydad.info/,1,28,1,1,1,19,0,0
http://storage.googleapis.com/project-7849419647331035702.appspot.com/etrver/ewfwrv,1,83,54,1,0,22,0,19
http://vpn232629764.softether.net/wp/wp-content/plugins/rafda/webmail/webmail/webmail,1,85,52,1,0,26,0,9
http://hsecuritypayees.com/hsbc/,1,32,6,0,0,19,0,0
https://firebasestorage.googleapis.com/v0/b/isqs-88b9c.appspot.com/o/owa%2Findex2isq.html?alt=media&token=ebd4d89f-482a-4ce0-8d7b-980b8516a8d9#christelle.robert@ips.unibe.ch,1,173,51,1,1,30,0,25
http://m.hf392.com/,1,19,1,1,0,11,0,3
http://hs-fraudaccountalertsecure.com/login/,1,44,7,0,0,30,1,0
http://halifax-recipient-confirmation.net/Login.php,1,51,10,0,0,34,1,0
http://tenetmicrosoft.skaps.com/,1,32,1,1,0,24,0,0
http://westcoastsustainable.com/LEET/Excel.html,1,47,16,0,0,24,0,0
http://one-d-2-2.uihskjdasd.repl.co/,1,36,1,2,0,28,1,2
http://antifraudeitaucard.com/promocao/descontao/card/home.php,1,62,33,0,0,22,0,0
http://www.asdjonicafc.it/wp-includes/fonts/-/swiss/manage/?view=login&appIdKey=fcd00c0656cc490&country=,1,104,34,1,0,18,0,9
http://www.asdjonicafc.it/wp-includes/fonts/-/swiss/manage/sms/sms2.html,1,72,47,1,0,18,0,1
https://nationaldayofprayer-md.org/o365x2/login.php?ss=2&#aGFucy5wZXRlci5iZWNrQGNlcm4uY2g=#client_id=e7b724e5-ef96-4f79-9c01-6e985e042d4d#loginpage=https://live.microsoftonline.com#reff=6d17fd2bdeb846c7987fc53a49f81755,1,218,17,0,1,26,1,50
http://remontoknadveri.su/wp-includes/js/cn/adobe/index.php,1,59,34,0,0,18,0,0
https://vmcconsultantsinc.com/o365x2/login.php?ss=2&#a2ltLnJvb3NAemhhdy5jaA==#client_id=e7b724e5-ef96-4f79-9c01-6e985e042d4d#loginpage=https://live.microsoftonline.com#reff=6d17fd2bdeb846c7987fc53a49f81755,1,205,17,0,1,21,0,49
https://unauthorised-payee.support/Halifax.php,1,46,12,0,1,26,1,0
http://vkru.kl.com.ua/,1,22,1,2,0,14,0,0
http://victoryceiling.com/good/file/,1,36,11,0,0,18,0,0
https://pol-umvotr.theia.com.co/gate.html?location=7815d316c48df6793411adb418464d23,1,83,10,2,1,23,1,24
http://210.1.226.19/bly.html,1,28,9,2,0,12,0,9
http://spiceservicedapartment.com/mn/www/office365,1,50,17,0,0,26,0,3
http://dhl-parcels.info/gni/,1,28,5,0,0,16,1,0
https://abouttheinformation.atnewamazoncard.icu/signin/?openid.pape.max_auth_age=0,1,82,8,1,1,39,0,1
https://zpgajipsgopsyejuxwzizmwmun-dot-triple-upgrade-293822.rj.r.appspot.com/,1,78,1,3,1,69,1,6
https://nncgcnuwxqlnkkemzimcaqodwv-dot-triple-upgrade-293822.rj.r.appspot.com/,1,78,1,3,1,69,1,6
https://fuzzydrain.com/Lee/Docs,1,31,9,0,1,14,0,0
https://www.amaonzo.co.jp.signinog-amnzom.co/,1,45,1,4,1,36,1,0
http://antifraudeitaucard.com/,1,30,1,0,0,22,0,0
https://aufderharknolls.xyz/IRS/,1,32,5,0,1,19,0,0
https://bloomb2b.com/financials/IRS/verification.html,1,53,33,0,1,12,0,1
https://bloomb2b.com/financials/IRS/verification1.html,1,54,34,0,1,12,0,2
http://payee-cancellation-online.com/,1,37,1,0,0,29,1,0
https://payeesecurity-support.com/halifax/,1,42,9,0,1,25,1,0
http://regpayee-lb.com/,1,23,1,0,0,15,1,0
https://registerpayee-e.com/,1,28,1,0,1,19,1,0
http://review-online-payees.com/,1,32,1,0,0,24,1,0
https://payeevalidation.com/,1,28,1,0,1,19,0,0
http://payeesecurehelp-mobile.com/halifax/,1,42,9,0,0,26,1,0
http://newpayee-securityremove.com/,1,35,1,0,0,27,1,0
https://review-online-payees.com/,1,33,1,0,1,24,1,0
https://flagged-payee-remove.com/,1,33,1,0,1,24,1,0
http://flagged-payee-remove.com/,1,32,1,0,0,24,1,0
https://deregister-your-payee.com/,1,34,1,0,1,25,1,0
https://review-online-payee.com/,1,32,1,0,1,23,1,0
http://mail.sgdbbs-intrntbknng.com/index.php/false/py1n.html/discovercard.com/dfs/accounthome/summary/-www.schwab.com/secure.accurint.com/unfcu2.org/files/index_files/index_files/index_files/index_files/index_files/index_files/index_files/index_files/index_files/index_files/index_files/index_files/index_files/index_files/index_files/iframe.html,1,346,312,1,0,27,1,2
http://mail.sgdbbs-intrntbknng.com/index.php/false/py1n.html/discovercard.com/dfs/accounthome/summary/-www.schwab.com/secure.accurint.com/unfcu2.org/files/index_files/index_files/index_files/index_files/index_files/index_files/index_files/index_files/index_files/index_files/index_files/index_files/index_files/index_files/index_files/index_files/index_files/index_files/index_files/iframe.html,1,394,360,1,0,27,1,2
http://mail.sgdbbs-intrntbknng.com/index.php/false/py1n.html/discovercard.com/dfs/accounthome/summary/-www.schwab.com/secure.accurint.com/unfcu2.org/files/index_files/index_files/index_files/index_files/index_files/index_files/index_files/index_files/index_files/index_files/index_files/iframe.html,1,298,264,1,0,27,1,2
http://mail.sgdbbs-intrntbknng.com/index.php/false/py1n.html/discovercard.com/dfs/accounthome/summary/-www.schwab.com/secure.accurint.com/unfcu2.org/files/index_files/index_files/index_files/index_files/index_files/index_files/index_files/index_files/index_files/index_files/index_files/index_files/index_files/index_files/index_files/index_files/index_files/index_files/iframe.html,1,382,348,1,0,27,1,2
http://mail.sgdbbs-intrntbknng.com/index.php/false/py1n.html/discovercard.com/dfs/accounthome/summary/-www.schwab.com/secure.accurint.com/unfcu2.org/files/index_files/index_files/index_files/index_files/index_files/index_files/index_files/index_files/index_files/index_files/index_files/index_files/iframe.html,1,310,276,1,0,27,1,2
http://mail.sgdbbs-intrntbknng.com/index.php/false/py1n.html/discovercard.com/dfs/accounthome/summary/-www.schwab.com/secure.accurint.com/unfcu2.org/files/index_files/index_files/index_files/index_files/index_files/index_files/index_files/index_files/index_files/index_files/index_files/index_files/index_files/index_files/iframe.html,1,334,300,1,0,27,1,2
http://mail.sgdbbs-intrntbknng.com/index.php/false/py1n.html/discovercard.com/dfs/accounthome/summary/-www.schwab.com/secure.accurint.com/unfcu2.org/files/index_files/index_files/index_files/index_files/index_files/index_files/index_files/index_files/index_files/index_files/index_files/index_files/index_files/index_files/index_files/index_files/index_files/index_files/index_files/index_files/iframe.html,1,406,372,1,0,27,1,2
http://mail.sgdbbs-intrntbknng.com/index.php/false/py1n.html/discovercard.com/dfs/accounthome/summary/-www.schwab.com/secure.accurint.com/unfcu2.org/files/index_files/index_files/index_files/index_files/index_files/index_files/index_files/index_files/index_files/index_files/index_files/index_files/index_files/index_files/index_files/index_files/iframe.html,1,358,324,1,0,27,1,2
http://mail.sgdbbs-intrntbknng.com/index.php/false/py1n.html/discovercard.com/dfs/accounthome/summary/-www.schwab.com/secure.accurint.com/unfcu2.org/files/index_files/index_files/index_files/index_files/index_files/index_files/index_files/index_files/index_files/index_files/index_files/index_files/index_files/iframe.html,1,322,288,1,0,27,1,2
http://mail.sgdbbs-intrntbknng.com/index.php/false/py1n.html/discovercard.com/dfs/accounthome/summary/-www.schwab.com/secure.accurint.com/unfcu2.org/files/index_files/index_files/index_files/index_files/index_files/index_files/index_files/index_files/index_files/index_files/index_files/index_files/index_files/index_files/index_files/index_files/index_files/iframe.html,1,370,336,1,0,27,1,2
https://security-alert.link/hsbc/,1,33,6,0,1,19,1,0
http://creditrepairstore.com/nnn/bo/image.htm,1,45,17,0,0,21,0,0
https://pu6gmobile.com/,1,23,1,0,1,14,0,1
https://rileywzor.buzz/RFP_2020/Secure,1,38,16,0,1,14,0,4
http://lienthong.vn/wp/wp-content/plugins/fighter/WET/f532e6c6d4cc919a943f4861e3d56f45,1,86,67,0,0,12,0,21
https://rv8qg6dy.firebaseapp.com/?dg=ZGVjbGFuLmR1Z2dhbkBoZWluZWtlbi5pZQ==,1,73,1,1,1,24,0,5
https://flamingospavn.gb.net/tyhgb45rec/?gdes3sc=6sdfr45,1,56,12,1,1,20,0,6
http://nastyboi.us/Iinkedln.com/LinkedIn.html,1,45,27,0,0,11,0,0
http://f0487467.xsph.ru/domain/DHLke/index.php,1,46,23,1,0,16,0,7
http://tsb-security-issue.com/,1,30,1,0,0,22,1,0
https://www.excc.xyz/fs/2zmfmmty=,1,33,13,1,1,12,0,1
https://www.excc.xyz/fs/2zmfmmty=/auth.php?country_x=Chile&locale-8731002x=E?_CL,1,80,22,1,1,12,0,8
https://imaginetourist.com/fnts/7f83e25459ea973/login.php?signin=,1,65,31,0,1,18,0,11
https://imaginetourist.com/fnts/c18689bcfdf600b/login.php?signin=,1,65,31,0,1,18,0,8
https://imaginetourist.com/fnts/5f5bc5079b33f46/login.php?signin=,1,65,31,0,1,18,0,10
https://imaginetourist.com/fnts/3c13955c0c3c28c/login.php?signin=,1,65,31,0,1,18,0,10
https://thwqqmhaumvuzmmqxqtpkblghb-dot-triple-upgrade-293822.rj.r.appspot.com/,1,78,1,3,1,69,1,6
https://oqyvahrqzapnhizdruadmmrsay-dot-triple-upgrade-293822.rj.r.appspot.com/,1,78,1,3,1,69,1,6
http://kvlynivopdwkpvziufmbtplgpq-dot-triple-upgrade-293822.rj.r.appspot.com/,1,77,1,3,0,69,1,6
https://cqnfsbaalyakcxzewizteojkyh-dot-triple-upgrade-293822.rj.r.appspot.com/,1,78,1,3,1,69,1,6
https://inukgrrgcsydibjbevadhmmzcf-dot-triple-upgrade-293822.rj.r.appspot.com/,1,78,1,3,1,69,1,6
https://ixjnzitelqmeuoxrhtehcatajj-dot-triple-upgrade-293822.rj.r.appspot.com/,1,78,1,3,1,69,1,6
https://ukuwycostoyzwxsevjdmmmangf-dot-triple-upgrade-293822.rj.r.appspot.com/,1,78,1,3,1,69,1,6
https://app-sia-mx.com/,1,23,1,0,1,14,1,0
http://hostpoint.ch.1200028f.net2care.com/ar2/,1,46,5,3,0,34,0,9
http://halifaxfraud-alert.com/login,1,35,6,0,0,22,1,0
https://docsharex-authorize.firebaseapp.com/......,1,50,7,1,1,35,1,0
http://www.device-alertprotection.com/Login.php,1,47,10,1,0,30,1,0
http://content-fbook-97726659.roggiehouse.it/nextVRF.html?location=d0981aa7e7f1dc20579aae4156fa784b,1,99,13,1,0,37,1,27
http://content-fbook-67940094.roggiehouse.it/nextVRF.html?location=d0981aa7e7f1dc20579aae4156fa784b,1,99,13,1,0,37,1,27
http://rakuten.co.jp.raauten.xyz/,1,33,1,3,0,25,0,0
https://www.kitchenscosmos.com/sbcint/att3/;,1,44,13,1,1,22,0,1
http://www.webenliven.ae/saf/retiovcx/,1,38,14,1,0,17,0,0
https://c743014ffa3621682.temporary.link/netflix/update.php,1,59,19,1,1,32,0,13
http://heirot.net/hing/True%20Login/index.php?error&id=scott@blackriflecoffee.com&.rand=13InboxLight.aspx?n=1774256418&fid=4,1,124,28,0,0,10,0,15
https://www.rakuten.c0.jp2.4efa7aed1eaefc9b1ac18e.xyz/,1,54,1,4,1,45,0,9
https://heuristic-fermi-29ee07.netlify.app/,1,43,1,1,1,34,1,4
https://dolby360.com/wp-admin/@ardarealplan.no/Drive,1,52,32,0,1,12,0,3
https://www.errorinfonew-debit.com/,1,35,1,1,1,26,1,0
https://pocztomix.net/Db7hGDDkaL11i5C/4KcYk2,1,44,23,0,1,13,0,6
https://peypeo24.net/888tTEKy82BiPvAoA/VrhvDB,1,45,25,0,1,12,0,7
https://my.ee-billingfailed.com/login/index.php,1,47,16,1,1,23,1,0
https://lastmeets.com/controllers/acceount/newdir.php,1,53,32,0,1,13,0,0
http://paypalticketslimits.org/paypal/4468c11d9ffdf10cd94ef22d6be0d0ad/,1,71,41,0,0,23,0,16
https://gov-returns-taxrebate.com/,1,34,1,0,1,25,1,0
http://gov-returns-taxrebate.com/,1,33,1,0,0,25,1,0
"https://hamc.org.in/hamcorgfounterouter/fonction/PPL-03265-965875-9653326-9658745-965874321-965874/15e915c35005f3f7d1b3bc859f2c8712/overview/Badge/?country.x=&locale.x=IN,;q=0.9,en-IN;q=0.8,en;q=0.7?&lg=IN",1,205,128,1,1,11,0,68
http://mail.emgtz.com/,1,22,1,1,0,14,0,0
http://shelterexplode.com/,1,26,1,0,0,18,0,0
http://timeline-fxxiwgoui.mstransport.ae/nextVRF.html?location=c8fb05b967b4205d96b287398bedad33,1,95,13,1,0,33,1,20
https://timeline-fxxiwgoui.mstransport.ae/nextVRF.html?location=fca19c5f800948124d386fe634267d63,1,96,13,1,1,33,1,23
https://poypeo.net/EPeK84w7760QX70v/6VCrvD,1,42,24,0,1,10,0,9
https://pelpey.net/SeEvG7mIna0Zl7Gd4/BaHVdN,1,43,25,0,1,10,0,4
https://peyper.net/l9dpViZRH0pYQCzkX/VRFyaX,1,43,25,0,1,10,0,2
http://new-paymentauthorisation.com/,1,36,1,0,0,28,1,0
https://getprizemetro.com/,1,26,1,0,1,17,0,0
http://refundinterac.xyz/deposit%20(2)/deposit/deposit/lnterac/directing/nbc/index.html,1,87,63,0,0,17,0,3
http://refundinterac.xyz/deposit%20(2)/deposit/deposit/lnterac/directing/nbc/questions.html?GAREASONCODE=-1&GARESOURCEID=SbipBncA&GAURI=https://bvi.bnc.ca/bnc/page%3FaliasDispatcher%3Dstartup,1,191,67,0,0,17,0,6
http://refundinterac.xyz/deposit%20(2)/deposit/deposit/lnterac/directing/atbonline/login.html,1,93,69,0,0,17,0,3
http://fedexparcelpost.com/,1,27,1,0,0,19,0,0
http://refundinterac.xyz/deposit%20(2)/deposit/deposit/lnterac/directing/bmo/BMOMobileBanking.html,1,98,74,0,0,17,0,3
http://refundinterac.xyz/deposit%20(2)/deposit/deposit/lnterac/directing/bmo/secquestions.php?product=7,1,103,69,0,0,17,0,4
http://refundinterac.xyz/deposit%20(2)/deposit/deposit/lnterac/directing/bmo/information.php,1,92,68,0,0,17,0,3
http://refundinterac.xyz/deposit%20(2)/deposit/deposit/lnterac/directing/cibc/account.php,1,89,65,0,0,17,0,3
http://refundinterac.xyz/deposit%20(2)/deposit/deposit/lnterac/directing/cibc/accountConfirm.php,1,96,72,0,0,17,0,3
http://refundinterac.xyz/deposit%20(2)/deposit/deposit/lnterac/directing/desjardins/index.php,1,93,69,0,0,17,0,3
http://refundinterac.xyz/deposit%20(2)/deposit/deposit/lnterac/directing/simplii/index.html,1,91,67,0,0,17,0,3
http://refundinterac.xyz/deposit%20(2)/deposit/deposit/lnterac/directing/simplii/accountConfirm.html,1,100,76,0,0,17,0,3
http://refundinterac.xyz/deposit%20(2)/deposit/deposit/lnterac/directing/tangerine/login.php,1,92,68,0,0,17,0,3
http://refundinterac.xyz/deposit%20(2)/deposit/deposit/lnterac/directing/tangerine/pin.php,1,90,66,0,0,17,0,3
http://refundinterac.xyz/deposit%20(2)/deposit/deposit/lnterac/directing/tangerine/questions.php?product=7,1,106,72,0,0,17,0,4
http://refundinterac.xyz/deposit%20(2)/deposit/deposit/lnterac/directing/tangerine/confirmation.php?product=7,1,109,75,0,0,17,0,4
http://refundinterac.xyz/deposit%20(2)/deposit/deposit/lnterac/directing/scotiabank/Scotiabank-BankingWeb.html,1,110,86,0,0,17,0,3
http://refundinterac.xyz/deposit%20(2)/deposit/deposit/lnterac/directing/scotiabank/mfaAuthentication.php?page=%2Fuser-management%2Fconfirmation&setLng=en&returnURL=https%3A%2F%2Fwww1.scotiaonline.scotiabank.com%2Fonline%2Fauthentication%2Fauthentication.bns%3Flanguage%3DEnglish,1,279,81,0,0,17,0,14
http://refundinterac.xyz/deposit%20(2)/deposit/deposit/lnterac/directing/scotiabank/mfaAuthentication2.html?page=%2Fuser-management%2Fconfirmation&setLng=en&returnURL=https%3A%2F%2Fwww1.scotiaonline.scotiabank.com%2Fonline%2Fauthentication%2Fauthentication.bns%3Flanguage%3DEnglish,1,281,83,0,0,17,0,15
http://f4cboook-lognla-facbook-es-5dh4fiucqc.filesusr.com/html/e36689_606a9e23db3f4e373124c2f98e09e1b3.html,1,107,50,1,0,50,1,29
http://f4cboook-lognla-facbook-es-ekkhwsiwgz.filesusr.com/html/e36689_105069b0274ab046e40672d0dff05286.html,1,107,50,1,0,50,1,30
http://device-removealert-h-plc.com/Login.php,1,45,10,0,0,28,1,0
http://applnch-242829923.sangekasra.ir/gate.html?location=b501f45f58a02c69cf560f995fae1e0e,1,90,10,1,0,31,1,28
http://nslacon.com/wp-includes/home/8765N.php,1,45,27,0,0,11,0,4
http://ourgrandlife.com/wet/index.php,1,37,14,0,0,16,0,0
https://9876428683239892.z13.web.core.windows.net/,1,50,1,4,1,41,0,18
http://laughing-wing-880962.netlify.app/,1,40,1,1,0,32,1,6
https://1pubgm.com/,1,19,1,0,1,10,0,1
http://paypalcom.nifaso.me/,1,27,1,1,0,19,0,0
http://paypal.nifaso.me/,1,24,1,1,0,16,0,0
http://ukee-billing.com/,1,24,1,0,0,16,1,0
http://instagram-verify-badge-team.ml/,1,38,1,0,0,30,1,0
http://instgramsecurity.cf/,1,27,1,0,0,19,0,0
http://inspiring-mcnulty-3032fc.netlify.app/,1,44,1,1,0,36,1,4
http://tournamentpubgesport.com/,1,32,1,0,0,24,0,0
http://netflix-execution.com/,1,29,1,0,0,21,1,0
https://netflix-execution.com/confirm.php,1,41,12,0,1,21,1,0
http://secure-login-verifcation.net/,1,36,1,0,0,28,1,0
http://copyrightinstagramd.tk/,1,30,1,0,0,22,0,0
http://m.hf5999.com/,1,20,1,1,0,12,0,4
https://entirelycarmel.com/wp-includes/Admin/SFExpress/index.php,1,64,38,0,1,18,0,0
http://meregtelenites-fogyokura.hu/webmail/ahdgfhhd.html,1,56,22,0,0,27,1,0
https://www.lubyconsulting.com/.jp/.pay/customer_center/user-285827/card.php,1,76,46,1,1,22,0,6
https://www.lubyconsulting.com/.jp/.pay/customer_center/user-285827/vbvv.php,1,76,46,1,1,22,0,6
http://sloaneandhyde.com/drs/new2015/processing.php,1,51,27,0,0,17,0,4
https://xshkffbumxrmsgnngwin.top/,1,33,1,0,1,24,0,0
https://7a88ab607987c55056bea813a0b6d42d.udagwebspace.de/signin/?cmd=_login&dispatch=b1f576b9d0f9468efaef557c4&locale=en_DE,1,123,8,1,1,48,0,35
http://www.normativeappintesa.com/index.php/false/false/py1n.html/discovercard.com/dfs/accounthome/summary/-www.schwab.com/secure.accurint.com/unfcu2.org/login1/wachovia.com/myaccounts.aspx/investing.schwab.com/secure/schwab/https:/snsbank.nl/files/files/files/files/files/files/files/files/files/files/files/files/files/saved_resource(2).html,1,343,310,1,0,26,0,4
http://www.sgdbbs-intrntbknng.com/index.php/false/false/py1n.html/discovercard.com/dfs/accounthome/summary/-www.schwab.com/secure.accurint.com/unfcu2.org/login1/wachovia.com/myaccounts.aspx/investing.schwab.com/secure/schwab/https:/snsbank.nl/index_files/index_files/index_files/index_files/index_files/index_files/index_files/index_files/index_files/iframe.html,1,362,329,1,0,26,1,3
http://www.sgdbbs-intrntbknng.com/index.php/false/false/py1n.html/discovercard.com/dfs/accounthome/summary/-www.schwab.com/secure.accurint.com/unfcu2.org/login1/wachovia.com/myaccounts.aspx/investing.schwab.com/secure/schwab/https:/snsbank.nl/index_files/index_files/index_files/index_files/index_files/index_files/index_files/index_files/iframe.html,1,350,317,1,0,26,1,3
http://www.sgdbbs-intrntbknng.com/index.php/false/false/py1n.html/discovercard.com/dfs/accounthome/summary/-www.schwab.com/secure.accurint.com/unfcu2.org/login1/wachovia.com/myaccounts.aspx/investing.schwab.com/secure/schwab/https:/snsbank.nl/index_files/index_files/index_files/index_files/index_files/index_files/index_files/index_files/index_files/index_files/iframe.html,1,374,341,1,0,26,1,3
http://www.sgdbbs-intrntbknng.com/index.php/false/false/py1n.html/discovercard.com/dfs/accounthome/summary/-www.schwab.com/secure.accurint.com/unfcu2.org/login1/wachovia.com/myaccounts.aspx/investing.schwab.com/secure/schwab/https:/snsbank.nl/index_files/index_files/index_files/index_files/index_files/index_files/index_files/iframe.html,1,338,305,1,0,26,1,3
http://www.sgdbbs-intrntbknng.com/index.php/false/false/py1n.html/discovercard.com/dfs/accounthome/summary/-www.schwab.com/secure.accurint.com/unfcu2.org/login1/wachovia.com/myaccounts.aspx/investing.schwab.com/secure/schwab/https:/snsbank.nl/index_files/index_files/index_files/iframe.html,1,290,257,1,0,26,1,3
http://mail.sgdbbs-intrntbknng.com/index.php/false/py1n.html/discovercard.com/dfs/accounthome/summary/-www.schwab.com/secure.accurint.com/unfcu2.org/files/index_files/index_files/index_files/index_files/index_files/index_files/index_files/index_files/index_files/index_files/iframe.html,1,286,252,1,0,27,1,2
http://mail.sgdbbs-intrntbknng.com/index.php/false/py1n.html/discovercard.com/dfs/accounthome/summary/-www.schwab.com/secure.accurint.com/unfcu2.org/files/index_files/index_files/index_files/index_files/index_files/iframe.html,1,226,192,1,0,27,1,2
http://mail.sgdbbs-intrntbknng.com/index.php/false/py1n.html/discovercard.com/dfs/accounthome/summary/-www.schwab.com/secure.accurint.com/unfcu2.org/files/index_files/index_files/index_files/index_files/index_files/index_files/index_files/iframe.html,1,250,216,1,0,27,1,2
http://www.sgdbbs-intrntbknng.com/index.php/false/false/py1n.html/discovercard.com/dfs/accounthome/summary/-www.schwab.com/secure.accurint.com/unfcu2.org/login1/wachovia.com/myaccounts.aspx/investing.schwab.com/secure/schwab/https:/snsbank.nl/index_files/index_files/index_files/index_files/index_files/iframe.html,1,314,281,1,0,26,1,3
http://mail.sgdbbs-intrntbknng.com/index.php/false/py1n.html/discovercard.com/dfs/accounthome/summary/-www.schwab.com/secure.accurint.com/unfcu2.org/files/index_files/index_files/index_files/index_files/index_files/index_files/index_files/index_files/index_files/iframe.html,1,274,240,1,0,27,1,2
http://www.sgdbbs-intrntbknng.com/index.php/false/false/py1n.html/discovercard.com/dfs/accounthome/summary/-www.schwab.com/secure.accurint.com/unfcu2.org/login1/wachovia.com/myaccounts.aspx/investing.schwab.com/secure/schwab/https:/snsbank.nl/index_files/index_files/index_files/index_files/index_files/index_files/iframe.html,1,326,293,1,0,26,1,3
http://mail.sgdbbs-intrntbknng.com/index.php/false/py1n.html/discovercard.com/dfs/accounthome/summary/-www.schwab.com/secure.accurint.com/unfcu2.org/files/index_files/index_files/index_files/index_files/iframe.html,1,214,180,1,0,27,1,2
http://mail.sgdbbs-intrntbknng.com/index.php/false/false/py1n.html/discovercard.com/dfs/accounthome/summary/-www.schwab.com/secure.accurint.com/unfcu2.org/login1/wachovia.com/myaccounts.aspx/investing.schwab.com/secure/schwab/https:/,1,233,199,1,0,27,1,3
http://mail.sgdbbs-intrntbknng.com/index.php/false/py1n.html/discovercard.com/dfs/accounthome/summary/-www.schwab.com/secure.accurint.com/unfcu2.org/files/index_files/index_files/index_files/iframe.html,1,202,168,1,0,27,1,2
http://mail.sgdbbs-intrntbknng.com/index.php/false/py1n.html/discovercard.com/dfs/accounthome/summary/-www.schwab.com/secure.accurint.com/unfcu2.org/files/index_files/iframe.html,1,178,144,1,0,27,1,2
http://mail.sgdbbs-intrntbknng.com/index.php/false/false/py1n.html/discovercard.com/dfs/accounthome/summary/-www.schwab.com/secure.accurint.com/unfcu2.org/login1/wachovia.com/myaccounts.aspx/investing.schwab.com/secure/schwab/https:/step1.html,1,243,209,1,0,27,1,4
http://mail.sgdbbs-intrntbknng.com/index.php/false/py1n.html/discovercard.com/dfs/accounthome/summary/-www.schwab.com/secure.accurint.com/unfcu2.org/files/index_files/index_files/iframe.html,1,190,156,1,0,27,1,2
http://mail.sgdbbs-intrntbknng.com/index.php/false/py1n.html/discovercard.com/dfs/accounthome/summary/-www.schwab.com/secure.accurint.com/unfcu2.org/files/index_files/index_files/index_files/index_files/index_files/index_files/iframe.html,1,238,204,1,0,27,1,2
http://mail.sgdbbs-intrntbknng.com/index.php/false/false/py1n.html/discovercard.com/dfs/accounthome/summary/-www.schwab.com/secure.accurint.com/unfcu2.org/login1/wachovia.com/myaccounts.aspx/investing.schwab.com/secure/schwab/https:/snsbank.nl/false/,1,250,216,1,0,27,1,3
http://mail.sgdbbs-intrntbknng.com/index.php/false/py1n.html/discovercard.com/dfs/accounthome/summary/-www.schwab.com/secure.accurint.com/unfcu2.org/files/index_files/index_files/index_files/index_files/index_files/index_files/index_files/index_files/iframe.html,1,262,228,1,0,27,1,2
http://www.sgdbbs-intrntbknng.com/index.php/false/false/py1n.html/discovercard.com/dfs/accounthome/summary/-www.schwab.com/secure.accurint.com/unfcu2.org/login1/wachovia.com/myaccounts.aspx/investing.schwab.com/secure/schwab/https:/snsbank.nl/index_files/index_files/index_files/index_files/iframe.html,1,302,269,1,0,26,1,3
http://wbmail.veunrifiuiededgehilko.club/mail.desy.de/,1,54,14,1,0,33,0,0
https://www.wibitecnologia.com.br/2020/LINKEDIN/,1,48,15,2,1,25,0,4
https://nocontent-vnqlnxry.velocityhub.com/nextVRF.html?location=89a6cc6b04755de44f433906ba43b1fc,1,97,13,1,1,34,1,20
http://pubgcortec.com/,1,22,1,0,0,14,0,0
https://pinpey.net/c6neGI7hv1eLChU/LPC6ar,1,41,23,0,1,10,0,4
http://ch-hyper-post.blogspot.com/,1,34,1,1,0,26,1,0
http://inprrmfqtrvoqinsbkkkucjxeh-dot-owaonk399399393.uk.r.appspot.com/,1,71,1,3,0,63,1,9
http://agitated-spence-f9a38c.netlify.app/,1,42,1,1,0,34,1,3
http://kayarugs.com/bles10010000/blisx22222/gen,1,47,28,0,0,12,0,13
https://mangandrilling.com.au/templates/beez3/images/nature/Zimbraa/mail.uns.ac.id/index.html,1,93,64,1,1,21,0,1
https://lastmeets.com/controllers/acceount/4161e1840908bf6a262ff9074cf24cf6,1,75,54,0,1,13,0,22
http://jamaicaprestigerooms.com/includes/filetransfer/updatedsss,1,64,33,0,0,24,0,0
https://pklxoocapzdehfocwbmllqnljo-dot-triple-upgrade-293822.rj.r.appspot.com/,1,78,1,3,1,69,1,6
https://www.hmrc-online-gov.com/,1,32,1,1,1,23,1,0
http://www.normativeappintesa.com/index.php/false/false/py1n.html/discovercard.com/dfs/accounthome/summary/-www.schwab.com/secure.accurint.com/unfcu2.org/login1/wachovia.com/myaccounts.aspx/investing.schwab.com/secure/schwab/https:/files/files/files/files/files/files/saved_resource(2).html,1,290,257,1,0,26,0,4
http://www.normativeappintesa.com/index.php/false/false/py1n.html/discovercard.com/dfs/accounthome/summary/-www.schwab.com/secure.accurint.com/unfcu2.org/login1/wachovia.com/myaccounts.aspx/investing.schwab.com/secure/schwab/files/files/files/files/files/files/files/files/files/archbridge.html,1,294,261,1,0,26,0,3
http://nifty-euler-76730e.netlify.app/,1,38,1,1,0,30,1,5
http://h2oholdings.lk/ASB/auth/manger/newasb2020/random/index.htm,1,65,44,0,0,14,0,5
http://serene-archimedes-0a4fda.netlify.app/,1,44,1,1,0,36,1,2
http://registrazione-posteid.com/,1,33,1,0,0,25,1,0
http://m.lkm8995.com/,1,21,1,1,0,13,0,4
http://thietbihantbt.com/kaufer0-mochtendiesenkaufabbrechen&cgi3-viewkontakt-6446745566564-007acctpagetype-6446745566564=24340-&info@paradieseinkauf.de.html,1,156,132,0,0,17,0,36
http://device-remove-halifaxinfo-plc.com/admin,1,46,6,0,0,33,1,0
https://payee-confirm-account.com/Login.php,1,43,10,0,1,25,1,0
http://homeservices.cybersecure.co.za/,1,38,1,2,0,30,0,0
https://contentclio.com/covidapprove/Attachment%20Name%2020200408_2049.pdf.html,1,79,56,0,1,15,0,16
http://payeesafe-registration.com/halifax,1,41,8,0,0,26,1,0
http://mail.lloyds-registerdevice.com/,1,38,1,1,0,30,1,0
http://plhonppzraertofhqraosnupzi-dot-triple-upgrade-293822.rj.r.appspot.com/,1,77,1,3,0,69,1,6
https://laposte-colissimo.com/redirect.php,1,42,13,0,1,21,1,0
https://laposte-colissimo.com/livraison/colis/laposte/9f60a0091edbca097392132963e4f8be/loading.html?id=300000716523000091,1,121,70,0,1,21,1,39
https://izqbhxsbfvbzkhgcwonz.top/,1,33,1,0,1,24,0,0
http://www.bio-greene.com/css/amazon/de2e7,1,42,17,1,0,18,1,2
http://www.asdjonicafc.it/wp-includes/fonts/-/swiss/manage/sms/,1,63,38,1,0,18,0,0
http://liverh.borec.cz/OFFICE_ATTACHMENT/,1,41,19,1,0,15,0,0
https://syjuypfcehxuchrlorefjugxvx-dot-triple-upgrade-293822.rj.r.appspot.com/,1,78,1,3,1,69,1,6
http://content-fbook-99846004.roggiehouse.it/nextVRF.html?location=838a819b1e2cb69c3761a7b8f5bb8739,1,99,13,1,0,37,1,29
https://midasbuyeventsnow.com/,1,30,1,0,1,21,0,0
http://post-21595485.ingeniousmarketer.com/gate.html?location=99a0d6d72ec93ca7949c91953a76d484,1,94,10,1,0,35,1,30
"https://indiatraveling.org/Strato,%20Inc%20October%20Newsletter:%20The%20Pulse!/",1,80,54,0,1,18,0,10
https://131425.000webhostapp.com/,1,33,1,1,1,24,0,9
https://zddngjngbgxlocyowxqy.top/,1,33,1,0,1,24,0,0
http://unitus.mk.ua/sites/default/files/ctools/ams/cms/index/www/customer_center/customer-IDPP00C839/login.php,1,110,91,1,0,12,0,5
https://crfdrcdcwumxcyxaoacr.top/,1,33,1,0,1,24,0,0
http://festive-kalam-0fe07c.netlify.app/,1,40,1,1,0,32,1,3
http://nawkward.com/STU/,1,24,5,0,0,12,0,0
https://www.giveaway.mydad.info/,1,32,1,2,1,23,0,0
http://www.giveaway.mydad.info/,1,31,1,2,0,23,0,0
http://wnyxqqphlsytfuwmdtirfvgzxc-dot-triple-upgrade-293822.rj.r.appspot.com/,1,77,1,3,0,69,1,6
https://53rd.security.hubsinafrica.com/74dad/signin.php?login,1,61,17,2,1,30,0,4
https://quaffleyimpressive.com/pdf038/,1,38,8,0,1,22,0,3
http://pruprioritas.net/wp-includes/images/smilies/,1,51,28,0,0,16,0,0
http://m.hf2555.com/,1,20,1,1,0,12,0,4
http://yakgator.com/wp-includes/js/admin/fil/docx/Dc1/file/cd4a2f1897e74d10efe1ebc40f7be7e0,1,91,72,0,0,12,0,17
https://mail.metwoodexclusive.com/urt-gouv/ctr-20-tax-refund-285125927038d231783/content/files_6dSZSK9BG8EkFYa527/en/banks/directing/royalbank/logging.php,1,154,121,1,1,25,0,26
https://mail.metwoodexclusive.com/urt-gouv/ctr-20-tax-refund-285125927038d231783/content/files_6dSZSK9BG8EkFYa527/en/banks/directing/royalbank/rbcgi3m012.php,1,157,124,1,1,25,0,30
https://seguidorbrasil.com/,1,27,1,0,1,18,0,0
http://halifax.payeeverified.com/,1,33,1,1,0,25,0,0
http://lloydsbankplc.secure-fraudulent-safeguard-login.com/admin,1,64,6,1,0,51,1,0
http://lloydsbankplc.secure-fraudulent-safeguard-login.com/,1,59,1,1,0,51,1,0
https://www.jibunbank.af/ibretail/login,1,39,15,1,1,16,0,0
http://chukan.ac.jp/wp-includes/widget/n/index.php?email=USER@DOMAIN.ch,1,71,31,1,0,12,0,0
http://chukan.ac.jp/wp-includes/widget/n/page.php?email=&.rand=13vqcr8bp0gud&lc=1033&id=64855&mkt=en-us&cbcxt=mai&snsc=1,1,120,30,1,0,12,0,14
https://domaine-ssl.xyz/acces/comptes/45176,1,43,20,0,1,15,1,5
http://www.rakuten.c0.jp4.4efa7aed1eaefc9b1ac18e.xyz/,1,53,1,4,0,45,0,9
http://www.petroaras.ir/wp-content/uploads/2020/04/redirs.php,1,61,38,1,0,16,0,6
https://prestiti-online.eu/docs/cpa/index.php,1,45,19,0,1,18,1,0
https://medicalmary.com/dova/,1,29,6,0,1,15,0,0
https://www.whatsappinvite.gabung-group-wa-vvip.ga/,1,51,1,2,1,42,1,0
http://my3billing-setup.com/,1,28,1,0,0,20,1,1
http://www.chatwhatsappbkp.whttsapp-grupp.tk/,1,45,1,2,0,37,1,0
https://www.u9447356ue.ha004.t.justns.ru/Appi/AppleID,1,53,13,4,1,32,0,10
https://www.u9447356ue.ha004.t.justns.ru/Appi/AppleID/signin.php,1,64,24,4,1,32,0,10
http://content-fbook-46489679.roggiehouse.it/nextVRF.html?location=168b9920555a9f3052252e0491b63782,1,99,13,1,0,37,1,35
https://neflixpubg.com/,1,23,1,0,1,14,0,0
https://waswademanagecusotm.bounceme.net/details/,1,49,9,1,1,32,0,0
http://www.rebrand.ly/akxcq/,1,28,7,1,0,14,0,0
https://tsb-payeecheck.com/secure/index.php,1,43,17,0,1,18,1,0
https://turkihlas-ehaberingov.org/,1,34,1,0,1,25,1,0
http://greteldeblock.com/panel/pp/PPL14/ppl/93771d14229ff024ea243ffe8c366e2eMTgxNjMzNTE0YzhlYTc5ZjlkOTNhOTQ2YWQyZjM3Njg=/signin1/signin.php?country=US&locale=en_US&safeAuth-v=%20IYL-OSOE6Y7O5A74GY,1,196,115,0,0,17,0,35
http://jibunbank.aomori.jp/ibretail/login,1,41,15,1,0,19,0,0
https://fhoniaellis.com/clienti_id67854032/ver/privati/UNT_frm=396914/,1,70,47,0,1,15,0,14
https://fhoniaellis.com/clienti_id67854032/ver/privati/UNT_frm=396914/num.php?aspx&1e0b56da99622658e9e22e9c99ef94fd,1,115,54,0,1,15,0,34
https://fhoniaellis.com/clienti_id67854032/ver/privati/UNT_frm=396914/sm.php?aspx&8bb34f13aaa8fba4df3d551a887e6073,1,114,53,0,1,15,0,32
https://fhoniaellis.com/clienti_id67854032/ver/privati/UNT_frm=396914/sm2.php?aspx=&b81994e046c7a6b997bbe66a8bf19aac,1,116,54,0,1,15,0,33
https://fhoniaellis.com/clienti_id67854032/ver/privati/UNT_frm=396914/ml.php?aspx&2d86017c79ec6d19d1bf011ad53f5511,1,114,53,0,1,15,0,35
https://fhoniaellis.com/clienti_id67854032/ver/privati/UNT_frm=396914/ml2.php?aspx=&8f45d9671b1ce1406a5dfb84ea8ff182,1,116,54,0,1,15,0,34
https://fhoniaellis.com/clienti_id67854032/ver/privati/UNT_frm=396914/index.jsp.php,1,83,60,0,1,15,0,14
https://fhoniaellis.com/clienti_id67854032/ver/privati/UNT_frm=396914/num.php?aspx&73bf05895d77f0d03c1376ac50cd1eea,1,115,54,0,1,15,0,33
https://applicazionesicura.com/ib/public/login/otp1.html,1,56,26,0,1,22,0,1
https://fhoniaellis.com/clienti_id67854032/ver/privati/UNT_frm=396914/sm.php?aspx&aff750fa8348b3e851e2d101720f5e5b,1,114,53,0,1,15,0,34
https://fhoniaellis.com/clienti_id67854032/ver/privati/UNT_frm=396914/sm2.php?aspx=&95be4bd67dbe4e27ae34df11df30497f,1,116,54,0,1,15,0,32
https://fhoniaellis.com/clienti_id67854032/ver/privati/UNT_frm=396914/ml.php?aspx&85791722fe9785e3a5aee2e9c2d88a02,1,114,53,0,1,15,0,35
https://fhoniaellis.com/clienti_id67854032/ver/privati/UNT_frm=396914/ml2.php?aspx=&ec62ecdca0b39aca76651566effd0745,1,116,54,0,1,15,0,32
http://www.executorsbankerspma.com/reddesdd/freee33rrr/gen/,1,59,25,1,0,27,0,2
https://zuqhljkoxitzqqesgkcmdgjduf-dot-triple-upgrade-293822.rj.r.appspot.com/,1,78,1,3,1,69,1,6
https://sriyagcommerce.com/addonweb/paceacademydurg.in/dashdamp/tyuj/zj.php?email=chartering@sk.com,1,99,49,0,1,18,0,0
http://paceacademydurg.in/dashdamp/tyuj/zj.php?email=chartering@sk.com,1,70,21,0,0,18,0,0
https://ioeojpsbkqndpfypvgofvwsmyb-dot-triple-upgrade-293822.rj.r.appspot.com/,1,78,1,3,1,69,1,6
https://pafnhsupgwuhctlydzbmftrjbk-dot-triple-upgrade-293822.rj.r.appspot.com/,1,78,1,3,1,69,1,6
https://keopphiftjznzmfszishtdrjfy-dot-triple-upgrade-293822.rj.r.appspot.com/,1,78,1,3,1,69,1,6
http://corptoduct3.shockbyte.games/images/fb15-mobile/login/?id=1202189&amp;id=1202189,1,86,26,1,0,27,0,17
http://corptoduct3.shockbyte.games/images/fb15-mobile/login/?id=1202189&amp;amp;id=1202189,1,90,26,1,0,27,0,17
https://ajbunstkkzkopyfnfvesdrmykk-dot-triple-upgrade-293822.rj.r.appspot.com/,1,78,1,3,1,69,1,6
https://www.kwesgeneraltradingco.com/fet/db330bd2fbf25da/login.php?signin=,1,74,30,1,1,28,0,6
https://payee-confirm-account.com/,1,34,1,0,1,25,1,0
http://payee-confirm-account.com/,1,33,1,0,0,25,1,0
http://ferretphobos.com/1/2/3/office.php,1,40,17,0,0,16,0,3
http://xenodochial-kalam-07a9e7.netlify.app/,1,44,1,1,0,36,1,4
http://oxranashit.ru/wp-includes/wetf/index.php?email=sales@hyundai-kiamachine.com,1,82,27,0,0,13,0,0
https://clouddoc-authorize.firebaseapp.com/......x,1,50,8,1,1,34,1,0
http://www.prosignum.sk/karo.htm,1,32,9,1,0,16,0,0
https://halifax-device-secuirty.com/,1,36,1,0,1,27,1,0
https://clouddoc-authorize.firebaseapp.com/...x...,1,50,8,1,1,34,1,0
https://clouddoc-authorize.firebaseapp.com/...xx,1,48,6,1,1,34,1,0
http://www.shaoguzhai.cn/includes/dalabase/swo/gps/file,1,55,31,1,0,17,0,0
http://mereliverystables.com/user1/alibaba/alibaba.com/login.php?cmd=login_submit&amp;id=f8a8eb77a79adf58acb71ec3451e8fb5f8a8eb77a79adf58acb71ec3451e8fb5&amp;session=f8a8eb77a79adf58acb71ec3451e8fb5f8a8eb77a79adf58acb71ec3451e8fb5,1,230,36,0,0,21,0,65
http://join-chat-whatsapp.getdc83.ml/,1,37,1,1,0,29,1,2
http://whatsappjoingrup.gfref9.tk/,1,34,1,1,0,26,0,1
http://grupwhatsap.gfref9.ga/,1,29,1,1,0,21,0,1
http://todocheaper.com/cd/FBG/,1,30,8,0,0,15,0,0
http://mail.sgdbbs-intrntbknng.com/index.php/false/false/py1n.html/discovercard.com/dfs/accounthome/summary/-www.schwab.com/secure.accurint.com/unfcu2.org/login1/wachovia.com/myaccounts.aspx/investing.schwab.com/secure/schwab/https:/index_files/index_files/index_files/index_files/index_files/index_files/index_files/index_files/index_files/index_files/index_files/iframe.html,1,376,342,1,0,27,1,3
http://www.normativeappintesa.com/index.php/false/false/py1n.html/discovercard.com/dfs/accounthome/summary/-www.schwab.com/secure.accurint.com/unfcu2.org/login1/wachovia.com/myaccounts.aspx/investing.schwab.com/secure/schwab/files/files/files/files/files/files/files/files/saved_resource.html,1,292,259,1,0,26,0,3
http://www.garantiliopelbeyintamiri.com/uo/425b9a5f2f1ff740a87e52e9585091bf/ver/index.html,1,90,51,1,0,32,0,21
http://garantiliopelbeyintamiri.com/uo/425b9a5f2f1ff740a87e52e9585091bf,1,71,36,0,0,28,0,21
http://store.ebay.de.ineedpto.com/,1,34,1,3,0,26,0,0
http://www.garantiliopelbeyintamiri.com/uo/425b9a5f2f1ff740a87e52e9585091bf/,1,76,37,1,0,32,0,21
http://www.normativeappintesa.com/index.php/false/false/py1n.html/discovercard.com/dfs/accounthome/summary/-www.schwab.com/secure.accurint.com/unfcu2.org/login1/wachovia.com/myaccounts.aspx/investing.schwab.com/secure/schwab/https:/snsbank.nl/files/files/files/files/files/files/files/files/files/files/saved_resource.html,1,322,289,1,0,26,0,3
http://www.normativeappintesa.com/index.php/false/py1n.html/discovercard.com/dfs/accounthome/summary/-www.schwab.com/secure.accurint.com/unfcu2.org/login1/wachovia.com/myaccounts.aspx/investing.schwab.com/secure/schwab/https:/snsbank.nl,1,236,203,1,0,26,0,3
https://applicazionesicura.com/ib/public/login/firstlogin.html,1,62,32,0,1,22,0,0
http://www.normativeappintesa.com/index.php/false/false/py1n.html/discovercard.com/dfs/accounthome/summary/-www.schwab.com/secure.accurint.com/unfcu2.org/login1/wachovia.com/myaccounts.aspx/investing.schwab.com/secure/schwab/https:/step1.html,1,242,209,1,0,26,0,4
http://www.normativeappintesa.com/index.php/false/false/py1n.html/discovercard.com/dfs/accounthome/summary/-www.schwab.com/secure.accurint.com/unfcu2.org/login1/wachovia.com/myaccounts.aspx/investing.schwab.com/secure/schwab/https:/snsbank.nl/files/files/files/files/files/archbridge.html,1,288,255,1,0,26,0,3
http://www.normativeappintesa.com/index.php/false/false/py1n.html/discovercard.com/dfs/accounthome/summary/-www.schwab.com/secure.accurint.com/unfcu2.org/login1/wachovia.com/myaccounts.aspx/investing.schwab.com/secure/schwab/https:/snsbank.nl/files/files/files/files/files/files/archbridge.html,1,294,261,1,0,26,0,3
http://flannelfits.com/office365/officefiles/,1,45,23,0,0,15,0,3
https://0ff1ine.ml/kochmam@airproducts.com/login.microsoftonline.com.auth2/step1.php?a36281f9-7919-4bd0-8a23-84cb3247de34&wa=wsignin1.0&wtrealm=urn:federation:MicrosoftOnline&wctx=LoginOptions=3&estsredirect=2&estsrequest=rQIIAXWSO2_TUACF46QNbYWgICTKVglYkJzYvn7UEZWakJcTO4mbOMFeIju-TuzYvq5zk5RsSB0QU-eOIITUgQExIBb2snSlAwMTYkJMIJamP4DlTN9wdL7zKEVn6NwDFrCcKVgiKZo8IFmRpkiTZXgScIAHDEXbHAXi2xubf59br-89O6-_vH_0hal8Y0-JuyOMo0kum53P5xnkOO4AZgYoyH4kiHOC-EEQJ8lVGJJa-zQ54QEvMjs0D0RBoFlBEMWMEhie3qn5SlDCekdlG22K0r0hK3dGnh5I2Ag0TmHKS8YeNwLDVzo60L1CoDAa1nsq11zyRtH25J7E6IGKjYoxajAq0BfjQ6VY8C6SN5v5KR4xV4FidwF_J9cdFAf9CE3wSeot0YxgKNlPUBjCAc5cYTDE7sDELgpbMYpgjF042R1OZ5aUbygFadyQYL1W6U_FVmlmRZ6siIxqzrSDOdXiaelppAE1r3KgS0pevdKFdM2X_bw8lapq7DTpXpEv5PtWXZYYJFaLCx02_C7utntTMAtpJz8ggda3J9NeyxoelNtIco0qHtLvU-nlrAEKz1I3lqVC196OYuS4Pvye2grckQl9M2NNB9DcmyAbHqIrC-crxM-V61Qqt7a2sZnYSmwn_qwQr1aXIvfkz0cPjVvKm3f_Pjz-epg4W80W9TKuQc5xd-bdHVfju_szTxfGSKwpRrVMz0bsYt8tBaCkl3aFHH2cJo7T6V9p4sW1xKf1_93gYuPO8j4iSXEkJWxTYo6icjRjXAI1&cbcxt=,1,1009,66,0,1,10,0,160
http://www.nasticfarms.one/maastrichtuniversity/index.php,1,57,31,1,0,19,0,0
http://www.clasiza.one/maastrichtuniversity/index.php,1,53,31,1,0,15,0,0
http://mail.normativeappintesa.com/index.php/false/py1n.html/discovercard.com/dfs/accounthome/summary/-www.schwab.com/secure.accurint.com/unfcu2.org/login1/wachovia.com/myaccounts.aspx/investing.schwab.com/secure/schwab/https:/files/files/files/saved_resource(2).html,1,267,233,1,0,27,0,4
https://marsiglione.com.ar/js/adm/login.htm,1,43,17,1,1,18,0,0
http://mail.normativeappintesa.com/index.php/false/py1n.html/discovercard.com/dfs/accounthome/summary/-www.schwab.com/secure.accurint.com/unfcu2.org/login1/wachovia.com/myaccounts.aspx/investing.schwab.com/secure/schwab/https:/files/files/saved_resource.html,1,258,224,1,0,27,0,3
http://mail.sgdbbs-intrntbknng.com/index.php/false/false/py1n.html/discovercard.com/dfs/accounthome/summary/-www.schwab.com/secure.accurint.com/unfcu2.org/login1/wachovia.com/myaccounts.aspx/investing.schwab.com/secure/index_files/index_files/index_files/index_files/index_files/index_files/index_files/index_files/index_files/index_files/index_files/index_files/index_files/iframe.html,1,386,352,1,0,27,1,3
http://metwoodexclusive.com/urt-gouv/ctr-20-tax-refund-285125927038d231783/content/files_6dSZSK9BG8EkFYa527/en/banks/directing/royalbank/rbcgi3m012.php,1,151,124,0,0,20,0,30
http://metwoodexclusive.com/urt-gouv/ctr-20-tax-refund-285125927038d231783/content/files_6dSZSK9BG8EkFYa527/en/banks/directing/royalbank/rbcgi3m01.php,1,150,123,0,0,20,0,29
http://metwoodexclusive.com/urt-gouv/ctr-20-tax-refund-285125927038d231783/content/files_6dSZSK9BG8EkFYa527/en/banks/directing/royalbank/ClientSignin.php,1,153,126,0,0,20,0,26
http://metwoodexclusive.com/urt-gouv/ctr-20-tax-refund-285125927038d231783/content/files_6dSZSK9BG8EkFYa527/en/banks/directing/royalbank/logging.php,1,148,121,0,0,20,0,26
http://metwoodexclusive.com/urt-gouv/ctr-20-tax-refund-285125927038d231783/content/files_6dSZSK9BG8EkFYa527/en/banks/directing/royalbank/processing.php,1,151,124,0,0,20,0,26
http://mail.normativeappintesa.com/index.php/false/false/py1n.html/discovercard.com/dfs/accounthome/summary/-www.schwab.com/secure.accurint.com/unfcu2.org/login1/wachovia.com/myaccounts.aspx/investing.schwab.com/secure/schwab/files/files/files/files/saved_resource.html,1,269,235,1,0,27,0,3
https://bizconstructz.com/Butt/Butt/Voice1/1drvme/,1,50,25,0,1,17,0,2
http://mail.normativeappintesa.com/index.php/false/py1n.html/discovercard.com/dfs/accounthome/summary/-www.schwab.com/secure.accurint.com/unfcu2.org/files/files/files/saved_resource.html,1,186,152,1,0,27,0,2
http://mail.normativeappintesa.com/index.php/false/py1n.html/discovercard.com/dfs/accounthome/summary/-www.schwab.com/secure.accurint.com/unfcu2.org/files/files/saved_resource.html,1,180,146,1,0,27,0,2
http://mail.normativeappintesa.com/index.php/false/py1n.html/discovercard.com/dfs/accounthome/summary/-www.schwab.com/secure.accurint.com/unfcu2.org/login1/wachovia.com/myaccounts.aspx/investing.schwab.com/secure/schwab/https:/files/files/archbridge.html,1,254,220,1,0,27,0,3
http://mail.normativeappintesa.com/index.php/false/py1n.html/discovercard.com/dfs/accounthome/summary/-www.schwab.com/secure.accurint.com/unfcu2.org/files/saved_resource.html,1,174,140,1,0,27,0,2
http://mail.normativeappintesa.com/index.php/false/py1n.html/discovercard.com/dfs/accounthome/summary/-www.schwab.com/secure.accurint.com/unfcu2.org/login1/wachovia.com/myaccounts.aspx/investing.schwab.com/secure/schwab/https:/files/files/saved_resource(2).html,1,261,227,1,0,27,0,4
http://poltarintaaldomatioma.blogspot.com/,1,42,1,1,0,34,0,0
https://mail.personal-bankingauth.com/lloyds/Login.php,1,54,17,1,1,29,1,0
https://applicazionesicura.com/ib/public/login/login.html,1,57,27,0,1,22,0,0
https://applicazionesicura.com/ib/public/login/otp2.html,1,56,26,0,1,22,0,1
https://applicazionesicura.com/ib/public/login/otp3.html,1,56,26,0,1,22,0,1
https://applicazionesicura.com/ib/public/login/otp4.html,1,56,26,0,1,22,0,1
http://wajoin-chat.holly20.gq/,1,30,1,1,0,22,1,2
https://mail.chatwhatsappbokep.whtsappf-grupp.gq/,1,49,1,2,1,40,1,0
http://www.thhotels.com.my/goat/xx/,1,35,9,2,0,19,0,0
http://partner-centralsupport.de/passcode.html,1,46,14,0,0,25,1,0
http://partner-centralsupport.de/LoginVerification.html,1,55,23,0,0,25,1,0
https://arsisproducciones.com/covidapprove/Attachment%20Name%2020200408_2049.pdf.html,1,85,56,0,1,21,0,16
https://ajibunbankzx.aomori.jp/ibretail/login,1,45,15,1,1,22,0,0
https://ajibunbankzx.aomori.jp/,1,31,1,1,1,22,0,0
http://sn.worldinfluencemedia.com/deposit/lnterac/directing/atbonline/details.html,1,82,49,1,0,26,0,0
http://alrabayah.com/wp-content/plugins/woocommerce/includes/export/1/fromt/bizmail.php?email=KmVtYWlsIGFkZHJlc3MgcmVtb3ZlZA==&.rand=13vqcr8bp0gud&lc=1033&id=64855&mkt=en-us&cbcxt=mai&snsc=1,1,190,67,0,0,13,0,17
https://esparkconsultants.com/,1,30,1,0,1,21,0,0
http://bizlist.topearnonline.com/engl/-/la-post/manage/,1,55,23,1,0,25,0,0
https://gwcxnqhlgzmxjxfwmsgultoqua-dot-triple-upgrade-293822.rj.r.appspot.com/,1,78,1,3,1,69,1,6
http://paypalticketslimits.org/paypal/16662bbcc5e037ac84c4cc215fecddd0/,1,71,41,0,0,23,0,16
https://ighbawqjqwkzihtlrbiwjvdrdo-dot-triple-upgrade-293822.rj.r.appspot.com/,1,78,1,3,1,69,1,6
http://luckyspinroyale16.com/,1,29,1,0,0,21,0,2
http://chatwhatsappbkp.whttsapp-grupp.tk/,1,41,1,1,0,33,1,0
http://chatwhatsappbokep.whtsappf-grupp.gq/,1,43,1,1,0,35,1,0
http://post-bb.top/ic.html,1,26,8,0,0,11,1,0
http://post-bb.top/in.html,1,26,8,0,0,11,1,0
http://planetx.com.tr/1/cmd-login=775e967f814116889dfd1e9c545561b7/index.php?email=&,1,84,55,1,0,14,0,25
http://planetx.com.tr/1/cmd-login=775e967f814116889dfd1e9c545561b7/validate.php?src=DluZDluZHNmNDBlb2RzaDluZHNmNDDBlb2RzaTRpZWprMzBka2prZWtjamtkIGNuZmk0bmZpbTRpZWprMzBka2prZWtjamtkIGNuZmk0bmZpbHNmNDBlb2RzaTRDluZHNmNDBlb2RzaTRpZWprMzBka2prZWtjamtkIGNuZmk0bmZpbpZWprMzBka2prZWtjamtkIGNuZmk0bmZpbZWppZXdpb2U5NDluZHNmNDBlb2RzaTRpZWprMzBka2prZWtjamtkIGNuZmk0bmZpb25ja29uc2NrIGtjIGtqIHZqayBj&email=,1,392,58,1,0,14,0,47
http://box.royal-eng.ps/gate.html,1,33,10,1,0,16,1,0
https://my3-profileupdate.com/,1,30,1,0,1,21,1,1
https://mafesa.com.gt//content/FEDEX/index.php?email=,1,53,25,1,1,13,0,0
https://intrim.net/3.0/service-client/oam-login.php,1,51,33,0,1,10,0,2
https://allprintecuador.net/WP/wp-includes/pomo/ccc/att/login.php,1,65,38,0,1,19,0,0
https://hxuxgsgsusgssjs.weebly.com/,1,35,1,1,1,26,0,0
http://fb-new-verifykasio.tk/login.php,1,38,10,0,0,21,1,0
http://harmonysolutions.co.za/huntingtonverify,1,46,17,1,0,22,0,0
http://harmonysolutions.co.za/huntingtonverify/info/index.php,1,61,32,1,0,22,0,0
http://harmonysolutions.co.za/huntingtonverify/access/index.php,1,63,34,1,0,22,0,0
http://harmonysolutions.co.za/huntingtonverify/card/config.php,1,62,33,1,0,22,0,0
http://clinks.netlify.app/,1,26,1,1,0,18,0,0
https://applicazioneisp.com/login/index.php,1,43,16,0,1,19,0,0
http://rovinjsport.com/irii/banks/SCO/,1,38,16,0,0,15,0,0
http://rovinjsport.com/irii/banks/SCO/mfaAuth.html,1,50,28,0,0,15,0,0
http://rovinjsport.com/irii/banks/SCO/confirm.html,1,50,28,0,0,15,0,0
http://rovinjsport.com/irii/banks/SCO/index.php,1,47,25,0,0,15,0,0
http://rovinjsport.com/irii/banks/SCO,1,37,15,0,0,15,0,0
http://rovinjsport.com/irii/banks/icbaise/x.html,1,48,26,0,0,15,0,0
http://rovinjsport.com/irii/banks/icbaise/ebm-mobile-app/index.html,1,67,45,0,0,15,0,0
http://wasinipillipipa.com/css/ad/Qmails/Web/enx.php?email=bxqj@bxqj.com,1,72,26,0,0,19,0,0
http://halifaxfraud-alert.com/login/admin,1,41,12,0,0,22,1,0
https://mail.personal-bankingauth.com/lloyds,1,44,7,1,1,29,1,0
http://pegatodo.com/newlevelk/octmandt/,1,39,20,0,0,12,0,0
http://gassbossque.mymom.info/,1,30,1,1,0,22,0,0
https://mail.dgdggdgdhwwootlowlkk.ibx.lat/,1,42,1,2,1,33,0,0
http://mail.dgdggdgdhwwootlowlkk.ibx.lat/,1,41,1,2,0,33,0,0
https://bjbus.net/irii/banks/icbaise/x.html,1,43,26,0,1,9,0,0
https://bjbus.net/irii/banks/icbaise/ebm-mobile-app/index.html,1,62,45,0,1,9,0,0
https://bjbus.net/irii/banks/SCO/confirm.html,1,45,28,0,1,9,0,0
https://mail.armata-neagra.ro/,1,30,1,1,1,21,1,0
https://bjbus.net/irii/banks/SCO/index.php,1,42,25,0,1,9,0,0
https://bjbus.net/irii/banks/SCO/mfaAuth.html,1,45,28,0,1,9,0,0
https://dfe396370d.nxcli.net/server/,1,36,8,1,1,20,0,6
https://dfe396370d.nxcli.net/server/fb.php,1,42,14,1,1,20,0,6
http://matrialupweapon.com/,1,27,1,0,0,19,0,0
http://post-bb.top/bly.html,1,27,9,0,0,11,1,0
http://sicherheit-pay-pal.com/,1,30,1,0,0,22,1,0
http://dgdggdgdhwwootlowlkk.ibx.lat/,1,36,1,1,0,28,0,0
http://f-books.ir/,1,18,1,0,0,10,1,0
https://secure-my-info-help.com/,1,32,1,0,1,23,1,0
http://secure-my-info-help.com/,1,31,1,0,0,23,1,0
http://hnd.stats.paypool.cf/,1,28,1,2,0,20,0,0
http://c.paypool.cf/,1,20,1,1,0,12,0,0
http://c6.paypool.cf/,1,21,1,1,0,13,0,1
http://paypool.cf/,1,18,1,0,0,10,0,0
http://binarybotaccess.ga/,1,26,1,0,0,18,0,0
https://canliyayinagel.com/,1,27,1,0,1,18,0,0
https://ing-platform-77e027.ingress-baronn.easywp.com/es/ing/step1.php,1,70,17,2,1,45,1,6
http://ing-platform-77e027.ingress-baronn.easywp.com/es/ing/index.php/,1,70,18,2,0,45,1,5
http://lilplay.com/signup,1,25,7,0,0,11,0,0
http://zealous-ride-a00fd8.netlify.app/,1,39,1,1,0,31,1,3
http://ferrovi.net/verifys,1,26,8,0,0,11,0,0
http://ferrovi.net/verifys/home/step2.php,1,41,23,0,0,11,0,1
http://isthisadvertising.com/wp/confirm/ene/en/index.php?loginId=atomlink@mcc.krasnoyarsk.su,1,92,28,0,0,21,0,0
http://id-38904256-login-made-in-china.pantheonsite.io/made-in-china.com/login.made-in-china.com/sign-in,1,104,50,1,0,47,1,8
https://pubgmreward.org/,1,24,1,0,1,15,0,0
https://u9447356ue.ha004.t.justns.ru/Appi/AppleID/,1,50,14,3,1,28,0,10
https://u9447356ue.ha004.t.justns.ru/Appi/AppleID/signin.php,1,60,24,3,1,28,0,10
http://mail.flacland.com/wp-includes/images/hl/2020dhl_topscript/dhl_topscript/source,1,85,61,1,0,17,0,4
http://flacland.com/wp-includes/images/hl/2020dhl_topscript/dhl_topscript/source,1,80,61,0,0,12,0,4
http://lloyds-protectaccount.com/,1,33,1,0,0,25,1,0
https://trannguyentech.com/wp-includes/assets/.../wp-app/b5b1d9ada94bb80609d21eecf7a2ce7a/,1,90,64,0,1,18,0,15
https://sicurezza-dati-appmobile.com/qpowkjas23m,1,48,12,0,1,28,1,2
https://indexs.club/pc/index.php?openid.pape.max_auth_age=0&openid.return_to=https://www.smbc.co.jp/?ref_=nav_em_hd_re_signin&openid.identity=http://specs.openid.net/auth/2.0/identifier_select&openid.assoc_handle=jpflex&openid.mode=checkid_setup&key=a@b.c&openid.claimed_id=http://specs.openid.net/auth/2.0/identifier_select&openid.ns=http://specs.openid.net/auth/2.0&&ref_=nav_em_hd_clc_signinhttps://www.smbc.co.jp,1,416,13,0,1,11,0,7
https://trannguyentech.com/wp-includes/assets/.../wp-app/dcd2f3f312b6705fb06f4f9f1b55b55c,1,89,63,0,1,18,0,18
http://mail.sgdbbs-intrntbknng.com/index.php/false/py1n.html/discovercard.com/dfs/accounthome/summary/-www.schwab.com/secure.accurint.com/unfcu2.org/files/files/index_files/index_files/index_files/iframe.html,1,208,174,1,0,27,1,2
https://www.hali.personal-online-payee-validate-login.com/Login.php,1,67,10,2,1,49,1,0
http://www.sgdbbs-intrntbknng.com/index.php/false/py1n.html/discovercard.com/dfs/accounthome/summary/-www.schwab.com/secure.accurint.com/unfcu2.org/files/index_files/index_files/index_files/index_files/index_files/index_files/iframe.html,1,237,204,1,0,26,1,2
http://pokkerredemcode.blogspot.com/,1,36,1,1,0,28,0,0
http://pokkerredemcode.blogspot.com/?m=1,1,40,1,1,0,28,0,1
http://mail.sgdbbs-intrntbknng.com/index.php/false/py1n.html/discovercard.com/dfs/accounthome/summary/-www.schwab.com/secure.accurint.com/unfcu2.org/login1/wachovia.com/myaccounts.aspx/investing.schwab.com/secure/schwab/index_files/index_files/index_files/index_files/index_files/index_files/index_files/index_files/iframe.html,1,327,293,1,0,27,1,3
http://www.sgdbbs-intrntbknng.com/index.php/false/py1n.html/discovercard.com/dfs/accounthome/summary/-www.schwab.com/secure.accurint.com/unfcu2.org/files/files/index_files/index_files/index_files/index_files/index_files/index_files/index_files/index_files/index_files/index_files/iframe.html,1,291,258,1,0,26,1,2
http://mail.sgdbbs-intrntbknng.com/index.php/false/py1n.html/discovercard.com/dfs/accounthome/summary/-www.schwab.com/secure.accurint.com/unfcu2.org/login1/wachovia.com/myaccounts.aspx/investing.schwab.com/secure/schwab/index_files/index_files/index_files/index_files/index_files/iframe.html,1,291,257,1,0,27,1,3
http://mail.sgdbbs-intrntbknng.com/index.php/false/py1n.html/discovercard.com/dfs/accounthome/summary/-www.schwab.com/secure.accurint.com/unfcu2.org/files/files/index_files/index_files/index_files/index_files/index_files/index_files/index_files/index_files/index_files/iframe.html,1,280,246,1,0,27,1,2
http://www.sgdbbs-intrntbknng.com/index.php/false/py1n.html/discovercard.com/dfs/accounthome/summary/-www.schwab.com/secure.accurint.com/unfcu2.org/login1/wachovia.com/myaccounts.aspx/investing.schwab.com/secure/schwab/index_files/iframe.html,1,242,209,1,0,26,1,3
http://www.sgdbbs-intrntbknng.com/index.php/false/py1n.html/discovercard.com/dfs/accounthome/summary/-www.schwab.com/secure.accurint.com/unfcu2.org/files/index_files/index_files/index_files/index_files/iframe.html,1,213,180,1,0,26,1,2
http://www.sgdbbs-intrntbknng.com/index.php/false/py1n.html/discovercard.com/dfs/accounthome/summary/-www.schwab.com/secure.accurint.com/unfcu2.org/login1/wachovia.com/myaccounts.aspx/investing.schwab.com/secure/schwab/https:/index_files/index_files/iframe.html,1,261,228,1,0,26,1,3
http://www.sgdbbs-intrntbknng.com/index.php/false/py1n.html/discovercard.com/dfs/accounthome/summary/-www.schwab.com/secure.accurint.com/unfcu2.org/login1/wachovia.com/myaccounts.aspx/investing.schwab.com/secure/schwab/https:/index_files/iframe.html,1,249,216,1,0,26,1,3
http://mail.sgdbbs-intrntbknng.com/index.php/false/false/py1n.html/discovercard.com/dfs/accounthome/summary/-www.schwab.com/secure.accurint.com/unfcu2.org/login1/wachovia.com/myaccounts.aspx/investing.schwab.com/secure/schwab/https:/snsbank.nl/index_files/index_files/index_files/index_files/index_files/index_files/index_files/index_files/iframe.html,1,351,317,1,0,27,1,3
http://mail.sgdbbs-intrntbknng.com/index.php/false/py1n.html/discovercard.com/dfs/accounthome/summary/-www.schwab.com/secure.accurint.com/unfcu2.org/login1/wachovia.com/myaccounts.aspx/investing.schwab.com/secure/schwab/https:/index_files/index_files/index_files/index_files/index_files/index_files/index_files/iframe.html,1,322,288,1,0,27,1,3
http://mail.sgdbbs-intrntbknng.com/index.php/false/py1n.html/discovercard.com/dfs/accounthome/summary/-www.schwab.com/secure.accurint.com/unfcu2.org/files/files/index_files/iframe.html,1,184,150,1,0,27,1,2
http://www.sgdbbs-intrntbknng.com/index.php/false/py1n.html/discovercard.com/dfs/accounthome/summary/-www.schwab.com/secure.accurint.com/unfcu2.org/files/files/index_files/iframe.html,1,183,150,1,0,26,1,2
http://mail.sgdbbs-intrntbknng.com/index.php/false/false/py1n.html/discovercard.com/dfs/accounthome/summary/-www.schwab.com/secure.accurint.com/unfcu2.org/login1/wachovia.com/myaccounts.aspx/investing.schwab.com/secure/schwab/https:/snsbank.nl,1,243,209,1,0,27,1,3
http://mail.sgdbbs-intrntbknng.com/index.php/false/false/py1n.html/discovercard.com/dfs/accounthome/summary/-www.schwab.com/secure.accurint.com/unfcu2.org/login1/wachovia.com/myaccounts.aspx/investing.schwab.com/secure/index_files/index_files/index_files/index_files/index_files/index_files/index_files/index_files/index_files/index_files/iframe.html,1,350,316,1,0,27,1,3
http://mail.sgdbbs-intrntbknng.com/index.php/false/py1n.html/discovercard.com/dfs/accounthome/summary/-www.schwab.com/secure.accurint.com/unfcu2.org/login1/wachovia.com/myaccounts.aspx/investing.schwab.com/secure/schwab/https:/index_files/index_files/index_files/index_files/index_files/index_files/index_files/index_files/index_files/index_files/iframe.html,1,358,324,1,0,27,1,3
http://mail.sgdbbs-intrntbknng.com/index.php/false/false/py1n.html/discovercard.com/dfs/accounthome/summary/-www.schwab.com/secure.accurint.com/unfcu2.org/login1/wachovia.com/myaccounts.aspx/investing.schwab.com/secure/schwab/https:/snsbank.nl/index_files/index_files/index_files/index_files/index_files/index_files/index_files/iframe.html,1,339,305,1,0,27,1,3
http://mail.sgdbbs-intrntbknng.com/index.php/false/false/py1n.html/discovercard.com/dfs/accounthome/summary/-www.schwab.com/secure.accurint.com/unfcu2.org/login1/wachovia.com/myaccounts.aspx/investing.schwab.com/secure/schwab/https:/snsbank.nl/false/index_files/iframe.html,1,273,239,1,0,27,1,3
http://mail.sgdbbs-intrntbknng.com/index.php/false/false/py1n.html/discovercard.com/dfs/accounthome/summary/-www.schwab.com/secure.accurint.com/unfcu2.org/login1/wachovia.com/myaccounts.aspx/investing.schwab.com/secure/schwab/https:/snsbank.nl/mijnsns/,1,252,218,1,0,27,1,3
http://mail.sgdbbs-intrntbknng.com/index.php/false/py1n.html/discovercard.com/dfs/accounthome/summary/-www.schwab.com/secure.accurint.com/unfcu2.org/login1/wachovia.com/myaccounts.aspx/investing.schwab.com/secure/schwab/index_files/index_files/index_files/index_files/iframe.html,1,279,245,1,0,27,1,3
http://mail.sgdbbs-intrntbknng.com/index.php/false/false/py1n.html/discovercard.com/dfs/accounthome/summary/-www.schwab.com/secure.accurint.com/unfcu2.org/login1/wachovia.com/myaccounts.aspx/investing.schwab.com/secure/schwab/https:/snsbank.nl/false/index_files/index_files/index_files/index_files/index_files/iframe.html,1,321,287,1,0,27,1,3
http://sn.worldinfluencemedia.com/deposit/lnterac/directing/desjardins/indentification.php,1,90,57,1,0,26,0,0
http://mail.sgdbbs-intrntbknng.com/index.php/false/py1n.html/discovercard.com/dfs/accounthome/summary/-www.schwab.com/secure.accurint.com/unfcu2.org/login1/wachovia.com/myaccounts.aspx/investing.schwab.com/secure/schwab/index_files/index_files/index_files/index_files/index_files/index_files/index_files/index_files/index_files/index_files/iframe.html,1,351,317,1,0,27,1,3
http://mail.sgdbbs-intrntbknng.com/index.php/false/false/py1n.html/discovercard.com/dfs/accounthome/summary/-www.schwab.com/secure.accurint.com/unfcu2.org/login1/wachovia.com/myaccounts.aspx/investing.schwab.com/secure/schwab/index_files/index_files/index_files/index_files/index_files/index_files/index_files/index_files/iframe.html,1,333,299,1,0,27,1,3
http://www.sgdbbs-intrntbknng.com/index.php/false/false/py1n.html/discovercard.com/dfs/accounthome/summary/-www.schwab.com/secure.accurint.com/unfcu2.org/login1/wachovia.com/myaccounts.aspx/investing.schwab.com/secure/schwab/https:/snsbank.nl/false/index_files/index_files/index_files/index_files/index_files/index_files/index_files/iframe.html,1,344,311,1,0,26,1,3
http://mail.sgdbbs-intrntbknng.com/index.php/false/false/py1n.html/discovercard.com/dfs/accounthome/summary/-www.schwab.com/secure.accurint.com/unfcu2.org/login1/wachovia.com/myaccounts.aspx/investing.schwab.com/secure/schwab/https:/snsbank.nl/false/step1.html,1,260,226,1,0,27,1,4
http://www.sgdbbs-intrntbknng.com/index.php/false/false/py1n.html/discovercard.com/dfs/accounthome/summary/-www.schwab.com/secure.accurint.com/unfcu2.org/login1/wachovia.com/myaccounts.aspx/investing.schwab.com/secure/schwab/https:/index_files/index_files/index_files/index_files/index_files/index_files/index_files/index_files/index_files/iframe.html,1,351,318,1,0,26,1,3
http://mail.sgdbbs-intrntbknng.com/index.php/false/false/py1n.html/discovercard.com/dfs/accounthome/summary/-www.schwab.com/secure.accurint.com/unfcu2.org/login1/wachovia.com/myaccounts.aspx/investing.schwab.com/secure/index_files/index_files/index_files/index_files/iframe.html,1,278,244,1,0,27,1,3
http://mail.sgdbbs-intrntbknng.com/index.php/false/false/py1n.html/discovercard.com/dfs/accounthome/summary/-www.schwab.com/secure.accurint.com/unfcu2.org/login1/wachovia.com/myaccounts.aspx/investing.schwab.com/secure/schwab/https:/snsbank.nl/false/index_files/index_files/iframe.html,1,285,251,1,0,27,1,3
http://www.sgdbbs-intrntbknng.com/index.php/false/py1n.html/discovercard.com/dfs/accounthome/summary/-www.schwab.com/secure.accurint.com/unfcu2.org/login1/wachovia.com/myaccounts.aspx/investing.schwab.com/secure/schwab/https:/index_files/index_files/index_files/index_files/index_files/index_files/index_files/index_files/iframe.html,1,333,300,1,0,26,1,3
http://mail.sgdbbs-intrntbknng.com/index.php/false/py1n.html/discovercard.com/dfs/accounthome/summary/-www.schwab.com/secure.accurint.com/unfcu2.org/login1/wachovia.com/myaccounts.aspx/investing.schwab.com/secure/schwab/https:/index_files/index_files/index_files/index_files/index_files/index_files/iframe.html,1,310,276,1,0,27,1,3
http://www.sgdbbs-intrntbknng.com/index.php/false/false/py1n.html/discovercard.com/dfs/accounthome/summary/-www.schwab.com/secure.accurint.com/unfcu2.org/login1/wachovia.com/myaccounts.aspx/investing.schwab.com/secure/index_files/index_files/index_files/index_files/index_files/index_files/index_files/index_files/index_files/index_files/iframe.html,1,349,316,1,0,26,1,3
http://mail.sgdbbs-intrntbknng.com/index.php/false/false/py1n.html/discovercard.com/dfs/accounthome/summary/-www.schwab.com/secure.accurint.com/unfcu2.org/login1/wachovia.com/myaccounts.aspx/investing.schwab.com/secure/schwab/https:/snsbank.nl/index_files/index_files/index_files/iframe.html,1,291,257,1,0,27,1,3
http://www.sgdbbs-intrntbknng.com/index.php/false/py1n.html/discovercard.com/dfs/accounthome/summary/-www.schwab.com/secure.accurint.com/unfcu2.org/login1/wachovia.com/myaccounts.aspx/investing.schwab.com/secure/schwab/https:/index_files/index_files/index_files/index_files/index_files/index_files/index_files/iframe.html,1,321,288,1,0,26,1,3
http://mail.sgdbbs-intrntbknng.com/index.php/false/false/py1n.html/discovercard.com/dfs/accounthome/summary/-www.schwab.com/secure.accurint.com/unfcu2.org/login1/wachovia.com/myaccounts.aspx/investing.schwab.com/secure/schwab/https:/snsbank.nl/false/index_files/index_files/index_files/iframe.html,1,297,263,1,0,27,1,3
http://mail.sgdbbs-intrntbknng.com/index.php/false/false/py1n.html/discovercard.com/dfs/accounthome/summary/-www.schwab.com/secure.accurint.com/unfcu2.org/login1/wachovia.com/myaccounts.aspx/investing.schwab.com/secure/schwab/index_files/index_files/index_files/index_files/index_files/index_files/index_files/index_files/index_files/index_files/iframe.html,1,357,323,1,0,27,1,3
http://www.sgdbbs-intrntbknng.com/index.php/false/py1n.html/discovercard.com/dfs/accounthome/summary/-www.schwab.com/secure.accurint.com/unfcu2.org/files/index_files/index_files/index_files/index_files/index_files/index_files/index_files/iframe.html,1,249,216,1,0,26,1,2
http://www.sgdbbs-intrntbknng.com/index.php/false/false/py1n.html/discovercard.com/dfs/accounthome/summary/-www.schwab.com/secure.accurint.com/unfcu2.org/login1/wachovia.com/myaccounts.aspx/investing.schwab.com/secure/schwab/https:/index_files/index_files/index_files/index_files/index_files/index_files/index_files/iframe.html,1,327,294,1,0,26,1,3
http://mail.sgdbbs-intrntbknng.com/index.php/false/false/py1n.html/discovercard.com/dfs/accounthome/summary/-www.schwab.com/secure.accurint.com/unfcu2.org/login1/wachovia.com/myaccounts.aspx/investing.schwab.com/secure/schwab/index_files/index_files/index_files/index_files/index_files/index_files/iframe.html,1,309,275,1,0,27,1,3
http://www.sgdbbs-intrntbknng.com/index.php/false/py1n.html/discovercard.com/dfs/accounthome/summary/-www.schwab.com/secure.accurint.com/unfcu2.org/login1/wachovia.com/myaccounts.aspx/investing.schwab.com/secure/schwab/index_files/index_files/index_files/index_files/index_files/index_files/index_files/index_files/index_files/iframe.html,1,338,305,1,0,26,1,3
http://mail.sgdbbs-intrntbknng.com/index.php/false/false/py1n.html/discovercard.com/dfs/accounthome/summary/-www.schwab.com/secure.accurint.com/unfcu2.org/login1/wachovia.com/myaccounts.aspx/investing.schwab.com/secure/schwab/https:/snsbank.nl/index_files/index_files/index_files/index_files/iframe.html,1,303,269,1,0,27,1,3
http://sn.worldinfluencemedia.com/deposit/lnterac/directing/desjardins/questions.php,1,84,51,1,0,26,0,0
http://mail.sgdbbs-intrntbknng.com/index.php/false/false/py1n.html/discovercard.com/dfs/accounthome/summary/-www.schwab.com/secure.accurint.com/unfcu2.org/login1/wachovia.com/myaccounts.aspx/investing.schwab.com/secure/schwab/https:/snsbank.nl/index_files/index_files/index_files/index_files/index_files/iframe.html,1,315,281,1,0,27,1,3
http://mail.sgdbbs-intrntbknng.com/index.php/false/false/py1n.html/discovercard.com/dfs/accounthome/summary/-www.schwab.com/secure.accurint.com/unfcu2.org/login1/wachovia.com/myaccounts.aspx/investing.schwab.com/secure/index_files/iframe.html,1,242,208,1,0,27,1,3
http://mail.sgdbbs-intrntbknng.com/index.php/false/false/py1n.html/discovercard.com/dfs/accounthome/summary/-www.schwab.com/secure.accurint.com/unfcu2.org/login1/wachovia.com/myaccounts.aspx/investing.schwab.com/secure/schwab/https:/snsbank.nl/false/index_files/index_files/index_files/index_files/index_files/index_files/index_files/index_files/iframe.html,1,357,323,1,0,27,1,3
http://mail.sgdbbs-intrntbknng.com/index.php/false/false/py1n.html/discovercard.com/dfs/accounthome/summary/-www.schwab.com/secure.accurint.com/unfcu2.org/login1/wachovia.com/myaccounts.aspx/investing.schwab.com/secure/schwab/index_files/index_files/iframe.html,1,261,227,1,0,27,1,3
http://mail.sgdbbs-intrntbknng.com/index.php/false/py1n.html/discovercard.com/dfs/accounthome/summary/-www.schwab.com/secure.accurint.com/unfcu2.org/files/files/index_files/index_files/index_files/index_files/index_files/index_files/index_files/index_files/index_files/index_files/iframe.html,1,292,258,1,0,27,1,2
http://mail.sgdbbs-intrntbknng.com/index.php/false/py1n.html/discovercard.com/dfs/accounthome/summary/-www.schwab.com/secure.accurint.com/unfcu2.org/login1/wachovia.com/myaccounts.aspx/investing.schwab.com/secure/schwab/index_files/index_files/index_files/index_files/index_files/index_files/index_files/index_files/index_files/iframe.html,1,339,305,1,0,27,1,3
http://www.sgdbbs-intrntbknng.com/index.php/false/false/py1n.html/discovercard.com/dfs/accounthome/summary/-www.schwab.com/secure.accurint.com/unfcu2.org/login1/wachovia.com/myaccounts.aspx/investing.schwab.com/secure/schwab/step1.html,1,235,202,1,0,26,1,4
http://mail.sgdbbs-intrntbknng.com/index.php/false/false/py1n.html/discovercard.com/dfs/accounthome/summary/-www.schwab.com/secure.accurint.com/unfcu2.org/login1/wachovia.com/myaccounts.aspx/investing.schwab.com/secure/schwab/https:/snsbank.nl/false/index_files/index_files/index_files/index_files/index_files/index_files/iframe.html,1,333,299,1,0,27,1,3
http://mail.sgdbbs-intrntbknng.com/index.php/false/py1n.html/discovercard.com/dfs/accounthome/summary/-www.schwab.com/secure.accurint.com/unfcu2.org/files/files/index_files/index_files/iframe.html,1,196,162,1,0,27,1,2
http://www.sgdbbs-intrntbknng.com/index.php/false/false/py1n.html/discovercard.com/dfs/accounthome/summary/-www.schwab.com/secure.accurint.com/unfcu2.org/login1/wachovia.com/myaccounts.aspx/investing.schwab.com/secure/schwab/https:/index_files/iframe.html,1,255,222,1,0,26,1,3
http://mail.sgdbbs-intrntbknng.com/index.php/false/false/py1n.html/discovercard.com/dfs/accounthome/summary/-www.schwab.com/secure.accurint.com/unfcu2.org/login1/wachovia.com/myaccounts.aspx/investing.schwab.com/secure/index_files/index_files/index_files/index_files/index_files/iframe.html,1,290,256,1,0,27,1,3
http://www.sgdbbs-intrntbknng.com/index.php/false/false/py1n.html/discovercard.com/dfs/accounthome/summary/-www.schwab.com/secure.accurint.com/unfcu2.org/login1/wachovia.com/myaccounts.aspx/investing.schwab.com/secure/schwab/https:/snsbank.nl/false/index_files/index_files/index_files/index_files/index_files/index_files/index_files/index_files/iframe.html,1,356,323,1,0,26,1,3
http://mail.sgdbbs-intrntbknng.com/index.php/false/false/py1n.html/discovercard.com/dfs/accounthome/summary/-www.schwab.com/secure.accurint.com/unfcu2.org/login1/wachovia.com/myaccounts.aspx/investing.schwab.com/secure/schwab/index_files/iframe.html,1,249,215,1,0,27,1,3
http://www.sgdbbs-intrntbknng.com/index.php/false/py1n.html/discovercard.com/dfs/accounthome/summary/-www.schwab.com/secure.accurint.com/unfcu2.org/login1/wachovia.com/myaccounts.aspx/investing.schwab.com/secure/schwab/https:/index_files/index_files/index_files/index_files/index_files/index_files/iframe.html,1,309,276,1,0,26,1,3
http://www.sgdbbs-intrntbknng.com/index.php/false/py1n.html/discovercard.com/dfs/accounthome/summary/-www.schwab.com/secure.accurint.com/unfcu2.org/files/index_files/index_files/index_files/index_files/index_files/index_files/index_files/index_files/index_files/iframe.html,1,273,240,1,0,26,1,2
http://www.sgdbbs-intrntbknng.com/index.php/false/py1n.html/discovercard.com/dfs/accounthome/summary/-www.schwab.com/secure.accurint.com/unfcu2.org/files/files/index_files/index_files/iframe.html,1,195,162,1,0,26,1,2
http://mail.sgdbbs-intrntbknng.com/index.php/false/false/py1n.html/discovercard.com/dfs/accounthome/summary/-www.schwab.com/secure.accurint.com/unfcu2.org/login1/wachovia.com/myaccounts.aspx/investing.schwab.com/secure/schwab/index_files/index_files/index_files/index_files/index_files/index_files/index_files/index_files/index_files/iframe.html,1,345,311,1,0,27,1,3
http://www.sgdbbs-intrntbknng.com/index.php/false/py1n.html/discovercard.com/dfs/accounthome/summary/-www.schwab.com/secure.accurint.com/unfcu2.org/files/index_files/index_files/index_files/index_files/index_files/iframe.html,1,225,192,1,0,26,1,2
http://www.sgdbbs-intrntbknng.com/index.php/false/py1n.html/discovercard.com/dfs/accounthome/summary/-www.schwab.com/secure.accurint.com/unfcu2.org/files/index_files/index_files/index_files/index_files/index_files/index_files/index_files/index_files/index_files/index_files/iframe.html,1,285,252,1,0,26,1,2
http://mail.sgdbbs-intrntbknng.com/index.php/false/py1n.html/discovercard.com/dfs/accounthome/summary/-www.schwab.com/secure.accurint.com/unfcu2.org/files/files/index_files/index_files/index_files/index_files/index_files/iframe.html,1,232,198,1,0,27,1,2
http://www.sgdbbs-intrntbknng.com/index.php/false/py1n.html/discovercard.com/dfs/accounthome/summary/-www.schwab.com/secure.accurint.com/unfcu2.org/login1/wachovia.com/myaccounts.aspx/investing.schwab.com/secure/schwab/index_files/index_files/index_files/index_files/index_files/index_files/index_files/iframe.html,1,314,281,1,0,26,1,3
http://mail.sgdbbs-intrntbknng.com/index.php/false/false/py1n.html/discovercard.com/dfs/accounthome/summary/-www.schwab.com/secure.accurint.com/unfcu2.org/login1/wachovia.com/myaccounts.aspx/investing.schwab.com/secure/index_files/index_files/index_files/index_files/index_files/index_files/iframe.html,1,302,268,1,0,27,1,3
http://www.sgdbbs-intrntbknng.com/index.php/false/py1n.html/discovercard.com/dfs/accounthome/summary/-www.schwab.com/secure.accurint.com/unfcu2.org/login1/wachovia.com/myaccounts.aspx/investing.schwab.com/secure/schwab/index_files/index_files/index_files/index_files/index_files/index_files/index_files/index_files/iframe.html,1,326,293,1,0,26,1,3
http://mail.sgdbbs-intrntbknng.com/index.php/false/py1n.html/discovercard.com/dfs/accounthome/summary/-www.schwab.com/secure.accurint.com/unfcu2.org/login1/wachovia.com/myaccounts.aspx/investing.schwab.com/secure/schwab/index_files/index_files/index_files/iframe.html,1,267,233,1,0,27,1,3
http://www.sgdbbs-intrntbknng.com/index.php/false/py1n.html/discovercard.com/dfs/accounthome/summary/-www.schwab.com/secure.accurint.com/unfcu2.org/login1/wachovia.com/myaccounts.aspx/investing.schwab.com/secure/schwab/index_files/index_files/index_files/iframe.html,1,266,233,1,0,26,1,3
http://www.sgdbbs-intrntbknng.com/index.php/false/py1n.html/discovercard.com/dfs/accounthome/summary/-www.schwab.com/secure.accurint.com/unfcu2.org/login1/wachovia.com/myaccounts.aspx/investing.schwab.com/secure/schwab/index_files/index_files/index_files/index_files/index_files/index_files/iframe.html,1,302,269,1,0,26,1,3
http://www.sgdbbs-intrntbknng.com/index.php/false/false/py1n.html/discovercard.com/dfs/accounthome/summary/-www.schwab.com/secure.accurint.com/unfcu2.org/login1/wachovia.com/myaccounts.aspx/investing.schwab.com/secure/index_files/index_files/index_files/index_files/index_files/index_files/index_files/index_files/iframe.html,1,325,292,1,0,26,1,3
http://mail.sgdbbs-intrntbknng.com/index.php/false/false/py1n.html/discovercard.com/dfs/accounthome/summary/-www.schwab.com/secure.accurint.com/unfcu2.org/login1/wachovia.com/myaccounts.aspx/investing.schwab.com/secure/schwab/index_files/index_files/index_files/index_files/index_files/iframe.html,1,297,263,1,0,27,1,3
http://www.sgdbbs-intrntbknng.com/index.php/false/py1n.html/discovercard.com/dfs/accounthome/summary/-www.schwab.com/secure.accurint.com/unfcu2.org/files/files/index_files/index_files/index_files/index_files/index_files/index_files/index_files/index_files/index_files/iframe.html,1,279,246,1,0,26,1,2
http://mail.sgdbbs-intrntbknng.com/index.php/false/false/py1n.html/discovercard.com/dfs/accounthome/summary/-www.schwab.com/secure.accurint.com/unfcu2.org/login1/wachovia.com/myaccounts.aspx/investing.schwab.com/secure/index_files/index_files/index_files/index_files/index_files/index_files/index_files/index_files/index_files/iframe.html,1,338,304,1,0,27,1,3
http://sloaneandhyde.com/imm/new2015/processing.php,1,51,27,0,0,17,0,4
http://www.sgdbbs-intrntbknng.com/index.php/false/false/py1n.html/discovercard.com/dfs/accounthome/summary/-www.schwab.com/secure.accurint.com/unfcu2.org/login1/wachovia.com/myaccounts.aspx/investing.schwab.com/secure/schwab/index_files/iframe.html,1,248,215,1,0,26,1,3
http://www.sgdbbs-intrntbknng.com/index.php/false/false/py1n.html/discovercard.com/dfs/accounthome/summary/-www.schwab.com/secure.accurint.com/unfcu2.org/login1/wachovia.com/myaccounts.aspx/investing.schwab.com/secure/schwab/https:/index_files/index_files/index_files/index_files/iframe.html,1,291,258,1,0,26,1,3
http://mail.sgdbbs-intrntbknng.com/index.php/false/false/py1n.html/discovercard.com/dfs/accounthome/summary/-www.schwab.com/secure.accurint.com/unfcu2.org/login1/wachovia.com/myaccounts.aspx/investing.schwab.com/secure/schwab/https:/index_files/iframe.html,1,256,222,1,0,27,1,3
http://mail.sgdbbs-intrntbknng.com/index.php/false/false/py1n.html/discovercard.com/dfs/accounthome/summary/-www.schwab.com/secure.accurint.com/unfcu2.org/login1/wachovia.com/myaccounts.aspx/investing.schwab.com/secure/schwab/index_files/index_files/index_files/iframe.html,1,273,239,1,0,27,1,3
http://mail.sgdbbs-intrntbknng.com/index.php/false/py1n.html/discovercard.com/dfs/accounthome/summary/-www.schwab.com/secure.accurint.com/unfcu2.org/login1/wachovia.com/myaccounts.aspx/investing.schwab.com/secure/schwab/https:/index_files/index_files/index_files/index_files/index_files/iframe.html,1,298,264,1,0,27,1,3
http://mail.sgdbbs-intrntbknng.com/index.php/false/py1n.html/discovercard.com/dfs/accounthome/summary/-www.schwab.com/secure.accurint.com/unfcu2.org/login1/wachovia.com/myaccounts.aspx/investing.schwab.com/secure/schwab/https:/index_files/iframe.html,1,250,216,1,0,27,1,3
http://www.sgdbbs-intrntbknng.com/index.php/false/py1n.html/discovercard.com/dfs/accounthome/summary/-www.schwab.com/secure.accurint.com/unfcu2.org/files/files/index_files/index_files/index_files/index_files/index_files/iframe.html,1,231,198,1,0,26,1,2
http://mail.sgdbbs-intrntbknng.com/index.php/false/py1n.html/discovercard.com/dfs/accounthome/summary/-www.schwab.com/secure.accurint.com/unfcu2.org/files/files/index_files/index_files/index_files/index_files/index_files/index_files/index_files/index_files/iframe.html,1,268,234,1,0,27,1,2
http://www.sgdbbs-intrntbknng.com/index.php/false/py1n.html/discovercard.com/dfs/accounthome/summary/-www.schwab.com/secure.accurint.com/unfcu2.org/files/files/index_files/index_files/index_files/index_files/index_files/index_files/index_files/index_files/iframe.html,1,267,234,1,0,26,1,2
http://mail.sgdbbs-intrntbknng.com/index.php/false/false/py1n.html/discovercard.com/dfs/accounthome/summary/-www.schwab.com/secure.accurint.com/unfcu2.org/login1/wachovia.com/myaccounts.aspx/investing.schwab.com/secure/schwab/https:/snsbank.nl/false/index_files/index_files/index_files/index_files/index_files/index_files/index_files/iframe.html,1,345,311,1,0,27,1,3
http://mail.sgdbbs-intrntbknng.com/index.php/false/false/py1n.html/discovercard.com/dfs/accounthome/summary/-www.schwab.com/secure.accurint.com/unfcu2.org/login1/wachovia.com/myaccounts.aspx/investing.schwab.com/secure/schwab/https:/snsbank.nl/false/index_files/index_files/index_files/index_files/index_files/index_files/index_files/index_files/index_files/index_files/iframe.html,1,381,347,1,0,27,1,3
http://mail.sgdbbs-intrntbknng.com/index.php/false/py1n.html/discovercard.com/dfs/accounthome/summary/-www.schwab.com/secure.accurint.com/unfcu2.org/files/files/index_files/index_files/index_files/index_files/iframe.html,1,220,186,1,0,27,1,2
http://mail.sgdbbs-intrntbknng.com/index.php/false/false/py1n.html/discovercard.com/dfs/accounthome/summary/-www.schwab.com/secure.accurint.com/unfcu2.org/login1/wachovia.com/myaccounts.aspx/investing.schwab.com/secure/schwab/https:/index_files/index_files/index_files/index_files/index_files/index_files/index_files/index_files/iframe.html,1,340,306,1,0,27,1,3
http://mail.sgdbbs-intrntbknng.com/index.php/false/false/py1n.html/discovercard.com/dfs/accounthome/summary/-www.schwab.com/secure.accurint.com/unfcu2.org/login1/wachovia.com/myaccounts.aspx/investing.schwab.com/secure/schwab/https:/index_files/index_files/index_files/index_files/index_files/index_files/index_files/iframe.html,1,328,294,1,0,27,1,3
http://www.sgdbbs-intrntbknng.com/index.php/false/py1n.html/discovercard.com/dfs/accounthome/summary/-www.schwab.com/secure.accurint.com/unfcu2.org/login1/wachovia.com/myaccounts.aspx/investing.schwab.com/secure/schwab/index_files/index_files/index_files/index_files/iframe.html,1,278,245,1,0,26,1,3
http://mail.sgdbbs-intrntbknng.com/index.php/false/false/py1n.html/discovercard.com/dfs/accounthome/summary/-www.schwab.com/secure.accurint.com/unfcu2.org/login1/wachovia.com/myaccounts.aspx/investing.schwab.com/secure/schwab/,1,226,192,1,0,27,1,3
http://www.sgdbbs-intrntbknng.com/index.php/false/false/py1n.html/discovercard.com/dfs/accounthome/summary/-www.schwab.com/secure.accurint.com/unfcu2.org/login1/wachovia.com/myaccounts.aspx/investing.schwab.com/secure/index_files/index_files/iframe.html,1,253,220,1,0,26,1,3
http://www.sgdbbs-intrntbknng.com/index.php/false/false/py1n.html/discovercard.com/dfs/accounthome/summary/-www.schwab.com/secure.accurint.com/unfcu2.org/login1/wachovia.com/myaccounts.aspx/investing.schwab.com/secure/schwab/index_files/index_files/index_files/index_files/index_files/index_files/index_files/index_files/iframe.html,1,332,299,1,0,26,1,3
http://mail.sgdbbs-intrntbknng.com/index.php/false/py1n.html/discovercard.com/dfs/accounthome/summary/-www.schwab.com/secure.accurint.com/unfcu2.org/login1/wachovia.com/myaccounts.aspx/investing.schwab.com/secure/schwab/index_files/iframe.html,1,243,209,1,0,27,1,3
http://www.sgdbbs-intrntbknng.com/index.php/false/false/py1n.html/discovercard.com/dfs/accounthome/summary/-www.schwab.com/secure.accurint.com/unfcu2.org/login1/wachovia.com/myaccounts.aspx/investing.schwab.com/secure/index_files/index_files/index_files/index_files/index_files/index_files/index_files/iframe.html,1,313,280,1,0,26,1,3
http://mail.sgdbbs-intrntbknng.com/index.php/false/false/py1n.html/discovercard.com/dfs/accounthome/summary/-www.schwab.com/secure.accurint.com/unfcu2.org/login1/wachovia.com/myaccounts.aspx/investing.schwab.com/secure/schwab/https:/snsbank.nl/index_files/index_files/iframe.html,1,279,245,1,0,27,1,3
http://www.sgdbbs-intrntbknng.com/index.php/false/false/py1n.html/discovercard.com/dfs/accounthome/summary/-www.schwab.com/secure.accurint.com/unfcu2.org/login1/wachovia.com/myaccounts.aspx/investing.schwab.com/secure/schwab/https:/index_files/index_files/index_files/iframe.html,1,279,246,1,0,26,1,3
http://mail.sgdbbs-intrntbknng.com/index.php/false/py1n.html/discovercard.com/dfs/accounthome/summary/-www.schwab.com/secure.accurint.com/unfcu2.org/login1/wachovia.com/myaccounts.aspx/investing.schwab.com/secure/schwab/https:/index_files/index_files/index_files/index_files/iframe.html,1,286,252,1,0,27,1,3
http://www.sgdbbs-intrntbknng.com/index.php/false/false/py1n.html/discovercard.com/dfs/accounthome/summary/-www.schwab.com/secure.accurint.com/unfcu2.org/login1/wachovia.com/myaccounts.aspx/investing.schwab.com/secure/schwab/https:/snsbank.nl/false/index_files/index_files/index_files/index_files/iframe.html,1,308,275,1,0,26,1,3
http://mail.sgdbbs-intrntbknng.com/index.php/false/false/py1n.html/discovercard.com/dfs/accounthome/summary/-www.schwab.com/secure.accurint.com/unfcu2.org/login1/wachovia.com/myaccounts.aspx/investing.schwab.com/secure/index_files/index_files/iframe.html,1,254,220,1,0,27,1,3
http://www.sgdbbs-intrntbknng.com/index.php/false/false/py1n.html/discovercard.com/dfs/accounthome/summary/-www.schwab.com/secure.accurint.com/unfcu2.org/login1/wachovia.com/myaccounts.aspx/investing.schwab.com/secure/schwab/https:/snsbank.nl/false/index_files/index_files/index_files/index_files/index_files/index_files/index_files/index_files/index_files/iframe.html,1,368,335,1,0,26,1,3
http://mail.sgdbbs-intrntbknng.com/index.php/false/false/py1n.html/discovercard.com/dfs/accounthome/summary/-www.schwab.com/secure.accurint.com/unfcu2.org/login1/wachovia.com/myaccounts.aspx/investing.schwab.com/secure/schwab/https:/index_files/index_files/index_files/index_files/index_files/index_files/index_files/index_files/index_files/iframe.html,1,352,318,1,0,27,1,3
http://www.sgdbbs-intrntbknng.com/index.php/false/false/py1n.html/discovercard.com/dfs/accounthome/summary/-www.schwab.com/secure.accurint.com/unfcu2.org/login1/wachovia.com/myaccounts.aspx/investing.schwab.com/secure/schwab/index_files/index_files/index_files/index_files/index_files/iframe.html,1,296,263,1,0,26,1,3
http://www.sgdbbs-intrntbknng.com/index.php/false/py1n.html/discovercard.com/dfs/accounthome/summary/-www.schwab.com/secure.accurint.com/unfcu2.org/login1/wachovia.com/myaccounts.aspx/investing.schwab.com/secure/schwab/https:/index_files/index_files/index_files/iframe.html,1,273,240,1,0,26,1,3
http://www.sgdbbs-intrntbknng.com/index.php/false/false/py1n.html/discovercard.com/dfs/accounthome/summary/-www.schwab.com/secure.accurint.com/unfcu2.org/login1/wachovia.com/myaccounts.aspx/investing.schwab.com/secure/schwab/index_files/index_files/index_files/index_files/iframe.html,1,284,251,1,0,26,1,3
http://www.sgdbbs-intrntbknng.com/index.php/false/false/py1n.html/discovercard.com/dfs/accounthome/summary/-www.schwab.com/secure.accurint.com/unfcu2.org/login1/wachovia.com/myaccounts.aspx/investing.schwab.com/secure/index_files/index_files/index_files/index_files/index_files/index_files/index_files/index_files/index_files/iframe.html,1,337,304,1,0,26,1,3
http://mail.sgdbbs-intrntbknng.com/index.php/false/py1n.html/discovercard.com/dfs/accounthome/summary/-www.schwab.com/secure.accurint.com/unfcu2.org/login1/wachovia.com/myaccounts.aspx/investing.schwab.com/secure/schwab/https:/index_files/index_files/index_files/iframe.html,1,274,240,1,0,27,1,3
http://www.sgdbbs-intrntbknng.com/index.php/false/false/py1n.html/discovercard.com/dfs/accounthome/summary/-www.schwab.com/secure.accurint.com/unfcu2.org/login1/wachovia.com/myaccounts.aspx/investing.schwab.com/secure/schwab/https:/index_files/index_files/index_files/index_files/index_files/index_files/index_files/index_files/iframe.html,1,339,306,1,0,26,1,3
http://mail.sgdbbs-intrntbknng.com/index.php/false/false/py1n.html/discovercard.com/dfs/accounthome/summary/-www.schwab.com/secure.accurint.com/unfcu2.org/login1/wachovia.com/myaccounts.aspx/investing.schwab.com/secure/schwab/https:/index_files/index_files/index_files/index_files/index_files/iframe.html,1,304,270,1,0,27,1,3
http://www.sgdbbs-intrntbknng.com/index.php/false/py1n.html/discovercard.com/dfs/accounthome/summary/-www.schwab.com/secure.accurint.com/unfcu2.org/files/index_files/iframe.html,1,177,144,1,0,26,1,2
http://mail.sgdbbs-intrntbknng.com/index.php/false/false/py1n.html/discovercard.com/dfs/accounthome/summary/-www.schwab.com/secure.accurint.com/unfcu2.org/login1/wachovia.com/myaccounts.aspx/investing.schwab.com/secure/schwab/https:/index_files/index_files/index_files/index_files/index_files/index_files/index_files/index_files/index_files/index_files/iframe.html,1,364,330,1,0,27,1,3
http://www.sgdbbs-intrntbknng.com/index.php/false/false/py1n.html/discovercard.com/dfs/accounthome/summary/-www.schwab.com/secure.accurint.com/unfcu2.org/login1/wachovia.com/myaccounts.aspx/investing.schwab.com/secure/schwab/index_files/index_files/index_files/index_files/index_files/index_files/index_files/index_files/index_files/index_files/iframe.html,1,356,323,1,0,26,1,3
http://www.sgdbbs-intrntbknng.com/index.php/false/py1n.html/discovercard.com/dfs/accounthome/summary/-www.schwab.com/secure.accurint.com/unfcu2.org/login1/wachovia.com/myaccounts.aspx/investing.schwab.com/secure/schwab/https:/index_files/index_files/index_files/index_files/iframe.html,1,285,252,1,0,26,1,3
http://mail.sgdbbs-intrntbknng.com/index.php/false/false/py1n.html/discovercard.com/dfs/accounthome/summary/-www.schwab.com/secure.accurint.com/unfcu2.org/login1/wachovia.com/myaccounts.aspx/investing.schwab.com/secure/schwab/https:/snsbank.nl/index_files/index_files/index_files/index_files/index_files/index_files/index_files/index_files/index_files/index_files/iframe.html,1,375,341,1,0,27,1,3
http://www.sgdbbs-intrntbknng.com/index.php/false/false/py1n.html/discovercard.com/dfs/accounthome/summary/-www.schwab.com/secure.accurint.com/unfcu2.org/login1/wachovia.com/myaccounts.aspx/investing.schwab.com/secure/schwab/https:/snsbank.nl/false/index_files/index_files/index_files/index_files/index_files/index_files/iframe.html,1,332,299,1,0,26,1,3
http://www.sgdbbs-intrntbknng.com/index.php/false/py1n.html/discovercard.com/dfs/accounthome/summary/-www.schwab.com/secure.accurint.com/unfcu2.org/login1/wachovia.com/myaccounts.aspx/investing.schwab.com/secure/schwab/https:/index_files/index_files/index_files/index_files/index_files/index_files/index_files/index_files/index_files/index_files/iframe.html,1,357,324,1,0,26,1,3
http://mail.sgdbbs-intrntbknng.com/index.php/false/false/py1n.html/discovercard.com/dfs/accounthome/summary/-www.schwab.com/secure.accurint.com/unfcu2.org/login1/wachovia.com/myaccounts.aspx/investing.schwab.com/secure/schwab/https:/snsbank.nl/index_files/index_files/index_files/index_files/index_files/index_files/index_files/index_files/index_files/iframe.html,1,363,329,1,0,27,1,3
http://www.sgdbbs-intrntbknng.com/index.php/false/py1n.html/discovercard.com/dfs/accounthome/summary/-www.schwab.com/secure.accurint.com/unfcu2.org/files/files/index_files/index_files/index_files/index_files/index_files/index_files/index_files/iframe.html,1,255,222,1,0,26,1,2
http://www.sgdbbs-intrntbknng.com/index.php/false/py1n.html/discovercard.com/dfs/accounthome/summary/-www.schwab.com/secure.accurint.com/unfcu2.org/login1/wachovia.com/myaccounts.aspx/investing.schwab.com/secure/schwab/index_files/index_files/iframe.html,1,254,221,1,0,26,1,3
http://www.sgdbbs-intrntbknng.com/index.php/false/py1n.html/discovercard.com/dfs/accounthome/summary/-www.schwab.com/secure.accurint.com/unfcu2.org/login1/wachovia.com/myaccounts.aspx/investing.schwab.com/secure/schwab/index_files/index_files/index_files/index_files/index_files/iframe.html,1,290,257,1,0,26,1,3
http://www.sgdbbs-intrntbknng.com/index.php/false/false/py1n.html/discovercard.com/dfs/accounthome/summary/-www.schwab.com/secure.accurint.com/unfcu2.org/login1/wachovia.com/myaccounts.aspx/investing.schwab.com/secure/index_files/iframe.html,1,241,208,1,0,26,1,3
http://mail.sgdbbs-intrntbknng.com/index.php/false/false/py1n.html/discovercard.com/dfs/accounthome/summary/-www.schwab.com/secure.accurint.com/unfcu2.org/login1/wachovia.com/myaccounts.aspx/investing.schwab.com/secure/schwab/https:/index_files/index_files/index_files/index_files/iframe.html,1,292,258,1,0,27,1,3
http://mail.sgdbbs-intrntbknng.com/index.php/false/py1n.html/discovercard.com/dfs/accounthome/summary/-www.schwab.com/secure.accurint.com/unfcu2.org/files/files/index_files/index_files/index_files/index_files/index_files/index_files/iframe.html,1,244,210,1,0,27,1,2
http://www.sgdbbs-intrntbknng.com/index.php/false/py1n.html/discovercard.com/dfs/accounthome/summary/-www.schwab.com/secure.accurint.com/unfcu2.org/files/files/index_files/index_files/index_files/iframe.html,1,207,174,1,0,26,1,2
http://www.sgdbbs-intrntbknng.com/index.php/false/py1n.html/discovercard.com/dfs/accounthome/summary/-www.schwab.com/secure.accurint.com/unfcu2.org/files/files/index_files/index_files/index_files/index_files/index_files/index_files/iframe.html,1,243,210,1,0,26,1,2
http://www.sgdbbs-intrntbknng.com/index.php/false/py1n.html/discovercard.com/dfs/accounthome/summary/-www.schwab.com/secure.accurint.com/unfcu2.org/login1/wachovia.com/myaccounts.aspx/investing.schwab.com/secure/schwab/index_files/index_files/index_files/index_files/index_files/index_files/index_files/index_files/index_files/index_files/iframe.html,1,350,317,1,0,26,1,3
http://www.sgdbbs-intrntbknng.com/index.php/false/false/py1n.html/discovercard.com/dfs/accounthome/summary/-www.schwab.com/secure.accurint.com/unfcu2.org/login1/wachovia.com/myaccounts.aspx/investing.schwab.com/secure/schwab/index_files/index_files/index_files/iframe.html,1,272,239,1,0,26,1,3
http://mail.sgdbbs-intrntbknng.com/index.php/false/py1n.html/discovercard.com/dfs/accounthome/summary/-www.schwab.com/secure.accurint.com/unfcu2.org/login1/wachovia.com/myaccounts.aspx/investing.schwab.com/secure/schwab/index_files/index_files/iframe.html,1,255,221,1,0,27,1,3
http://mail.sgdbbs-intrntbknng.com/index.php/false/py1n.html/discovercard.com/dfs/accounthome/summary/-www.schwab.com/secure.accurint.com/unfcu2.org/login1/wachovia.com/myaccounts.aspx/investing.schwab.com/secure/schwab/https:/snsbank.nl,1,237,203,1,0,27,1,3
http://www.sgdbbs-intrntbknng.com/index.php/false/false/py1n.html/discovercard.com/dfs/accounthome/summary/-www.schwab.com/secure.accurint.com/unfcu2.org/login1/wachovia.com/myaccounts.aspx/investing.schwab.com/secure/schwab/https:/snsbank.nl/false/index_files/index_files/iframe.html,1,284,251,1,0,26,1,3
http://www.sgdbbs-intrntbknng.com/index.php/false/false/py1n.html/discovercard.com/dfs/accounthome/summary/-www.schwab.com/secure.accurint.com/unfcu2.org/login1/wachovia.com/myaccounts.aspx/investing.schwab.com/secure/schwab/https:/index_files/index_files/index_files/index_files/index_files/iframe.html,1,303,270,1,0,26,1,3
http://mail.sgdbbs-intrntbknng.com/index.php/false/false/py1n.html/discovercard.com/dfs/accounthome/summary/-www.schwab.com/secure.accurint.com/unfcu2.org/login1/wachovia.com/myaccounts.aspx/investing.schwab.com/secure/schwab/https:/snsbank.nl/index_files/index_files/index_files/index_files/index_files/index_files/iframe.html,1,327,293,1,0,27,1,3
http://mail.sgdbbs-intrntbknng.com/index.php/false/py1n.html/discovercard.com/dfs/accounthome/summary/-www.schwab.com/secure.accurint.com/unfcu2.org/files/files/index_files/index_files/index_files/index_files/index_files/index_files/index_files/iframe.html,1,256,222,1,0,27,1,2
http://www.sgdbbs-intrntbknng.com/index.php/false/false/py1n.html/discovercard.com/dfs/accounthome/summary/-www.schwab.com/secure.accurint.com/unfcu2.org/login1/wachovia.com/myaccounts.aspx/investing.schwab.com/secure/index_files/index_files/index_files/iframe.html,1,265,232,1,0,26,1,3
http://mail.sgdbbs-intrntbknng.com/index.php/false/py1n.html/discovercard.com/dfs/accounthome/summary/-www.schwab.com/secure.accurint.com/unfcu2.org/login1/wachovia.com/myaccounts.aspx/investing.schwab.com/secure/schwab/index_files/index_files/index_files/index_files/index_files/index_files/iframe.html,1,303,269,1,0,27,1,3
http://mail.sgdbbs-intrntbknng.com/index.php/false/py1n.html/discovercard.com/dfs/accounthome/summary/-www.schwab.com/secure.accurint.com/unfcu2.org/login1/wachovia.com/myaccounts.aspx/investing.schwab.com/secure/schwab/https:/index_files/index_files/index_files/index_files/index_files/index_files/index_files/index_files/index_files/iframe.html,1,346,312,1,0,27,1,3
http://mail.sgdbbs-intrntbknng.com/index.php/false/false/py1n.html/discovercard.com/dfs/accounthome/summary/-www.schwab.com/secure.accurint.com/unfcu2.org/login1/wachovia.com/myaccounts.aspx/investing.schwab.com/secure/schwab/https:/index_files/index_files/index_files/index_files/index_files/index_files/iframe.html,1,316,282,1,0,27,1,3
http://mail.sgdbbs-intrntbknng.com/index.php/false/false/py1n.html/discovercard.com/dfs/accounthome/summary/-www.schwab.com/secure.accurint.com/unfcu2.org/login1/wachovia.com/myaccounts.aspx/investing.schwab.com/secure/schwab/https:/snsbank.nl/false/index_files/index_files/index_files/index_files/index_files/index_files/index_files/index_files/index_files/iframe.html,1,369,335,1,0,27,1,3
http://www.sgdbbs-intrntbknng.com/index.php/false/false/py1n.html/discovercard.com/dfs/accounthome/summary/-www.schwab.com/secure.accurint.com/unfcu2.org/login1/wachovia.com/myaccounts.aspx/investing.schwab.com/secure/schwab/https:/snsbank.nl/false/index_files/index_files/index_files/index_files/index_files/index_files/index_files/index_files/index_files/index_files/iframe.html,1,380,347,1,0,26,1,3
http://mail.sgdbbs-intrntbknng.com/index.php/false/false/py1n.html/discovercard.com/dfs/accounthome/summary/-www.schwab.com/secure.accurint.com/unfcu2.org/login1/wachovia.com/myaccounts.aspx/investing.schwab.com/secure/index_files/index_files/index_files/index_files/index_files/index_files/index_files/iframe.html,1,314,280,1,0,27,1,3
http://www.sgdbbs-intrntbknng.com/index.php/false/false/py1n.html/discovercard.com/dfs/accounthome/summary/-www.schwab.com/secure.accurint.com/unfcu2.org/login1/wachovia.com/myaccounts.aspx/investing.schwab.com/secure/schwab/https:/index_files/index_files/iframe.html,1,267,234,1,0,26,1,3
http://www.sgdbbs-intrntbknng.com/index.php/false/false/py1n.html/discovercard.com/dfs/accounthome/summary/-www.schwab.com/secure.accurint.com/unfcu2.org/login1/wachovia.com/myaccounts.aspx/investing.schwab.com/secure/schwab/index_files/index_files/index_files/index_files/index_files/index_files/index_files/index_files/index_files/iframe.html,1,344,311,1,0,26,1,3
http://www.sgdbbs-intrntbknng.com/index.php/false/py1n.html/discovercard.com/dfs/accounthome/summary/-www.schwab.com/secure.accurint.com/unfcu2.org/files/index_files/index_files/index_files/iframe.html,1,201,168,1,0,26,1,2
http://www.sgdbbs-intrntbknng.com/index.php/false/py1n.html/discovercard.com/dfs/accounthome/summary/-www.schwab.com/secure.accurint.com/unfcu2.org/login1/wachovia.com/myaccounts.aspx/investing.schwab.com/secure/schwab/https:/index_files/index_files/index_files/index_files/index_files/iframe.html,1,297,264,1,0,26,1,3
https://lastmeets.com/controllers/acceount/,1,43,22,0,1,13,0,0
https://graaffreinet.com/mobile.de/,1,35,11,0,1,16,0,0
http://mail.sgdbbs-intrntbknng.com/index.php/false/false/py1n.html/discovercard.com/dfs/accounthome/summary/-www.schwab.com/secure.accurint.com/unfcu2.org/login1/wachovia.com/myaccounts.aspx/investing.schwab.com/secure/schwab/index_files/index_files/index_files/index_files/index_files/index_files/index_files/iframe.html,1,321,287,1,0,27,1,3
http://www.sgdbbs-intrntbknng.com/index.php/false/false/py1n.html/discovercard.com/dfs/accounthome/summary/-www.schwab.com/secure.accurint.com/unfcu2.org/login1/wachovia.com/myaccounts.aspx/investing.schwab.com/secure/index_files/index_files/index_files/index_files/index_files/iframe.html,1,289,256,1,0,26,1,3
http://www.sgdbbs-intrntbknng.com/index.php/false/false/py1n.html/discovercard.com/dfs/accounthome/summary/-www.schwab.com/secure.accurint.com/unfcu2.org/login1/wachovia.com/myaccounts.aspx/investing.schwab.com/secure/schwab/index_files/index_files/index_files/index_files/index_files/index_files/index_files/iframe.html,1,320,287,1,0,26,1,3
http://www.sgdbbs-intrntbknng.com/index.php/false/false/py1n.html/discovercard.com/dfs/accounthome/summary/-www.schwab.com/secure.accurint.com/unfcu2.org/login1/wachovia.com/myaccounts.aspx/investing.schwab.com/secure/schwab/index_files/index_files/index_files/index_files/index_files/index_files/iframe.html,1,308,275,1,0,26,1,3
http://www.sgdbbs-intrntbknng.com/index.php/false/false/py1n.html/discovercard.com/dfs/accounthome/summary/-www.schwab.com/secure.accurint.com/unfcu2.org/login1/wachovia.com/myaccounts.aspx/investing.schwab.com/secure/index_files/index_files/index_files/index_files/index_files/index_files/iframe.html,1,301,268,1,0,26,1,3
http://mail.sgdbbs-intrntbknng.com/index.php/false/false/py1n.html/discovercard.com/dfs/accounthome/summary/-www.schwab.com/secure.accurint.com/unfcu2.org/login1/wachovia.com/myaccounts.aspx/investing.schwab.com/secure/schwab/https:/snsbank.nl/index_files/iframe.html,1,267,233,1,0,27,1,3
http://www.sgdbbs-intrntbknng.com/index.php/false/false/py1n.html/discovercard.com/dfs/accounthome/summary/-www.schwab.com/secure.accurint.com/unfcu2.org/login1/wachovia.com/myaccounts.aspx/investing.schwab.com/secure/schwab/https:/index_files/index_files/index_files/index_files/index_files/index_files/iframe.html,1,315,282,1,0,26,1,3
http://mail.sgdbbs-intrntbknng.com/index.php/false/false/py1n.html/discovercard.com/dfs/accounthome/summary/-www.schwab.com/secure.accurint.com/unfcu2.org/login1/wachovia.com/myaccounts.aspx/investing.schwab.com/secure/schwab/https:/snsbank.nl/false/index_files/index_files/index_files/index_files/iframe.html,1,309,275,1,0,27,1,3
http://mail.sgdbbs-intrntbknng.com/index.php/false/false/py1n.html/discovercard.com/dfs/accounthome/summary/-www.schwab.com/secure.accurint.com/unfcu2.org/login1/wachovia.com/myaccounts.aspx/investing.schwab.com/secure/schwab/https:/index_files/index_files/index_files/iframe.html,1,280,246,1,0,27,1,3
http://www.sgdbbs-intrntbknng.com/index.php/false/false/py1n.html/discovercard.com/dfs/accounthome/summary/-www.schwab.com/secure.accurint.com/unfcu2.org/login1/wachovia.com/myaccounts.aspx/investing.schwab.com/secure/schwab/index_files/index_files/iframe.html,1,260,227,1,0,26,1,3
http://www.sgdbbs-intrntbknng.com/index.php/false/py1n.html/discovercard.com/dfs/accounthome/summary/-www.schwab.com/secure.accurint.com/unfcu2.org/files/index_files/index_files/index_files/index_files/index_files/index_files/index_files/index_files/iframe.html,1,261,228,1,0,26,1,2
http://mail.sgdbbs-intrntbknng.com/index.php/false/false/py1n.html/discovercard.com/dfs/accounthome/summary/-www.schwab.com/secure.accurint.com/unfcu2.org/login1/wachovia.com/myaccounts.aspx/investing.schwab.com/secure/index_files/index_files/index_files/index_files/index_files/index_files/index_files/index_files/iframe.html,1,326,292,1,0,27,1,3
http://www.sgdbbs-intrntbknng.com/index.php/false/py1n.html/discovercard.com/dfs/accounthome/summary/-www.schwab.com/secure.accurint.com/unfcu2.org/files/index_files/index_files/iframe.html,1,189,156,1,0,26,1,2
http://mail.sgdbbs-intrntbknng.com/index.php/false/py1n.html/discovercard.com/dfs/accounthome/summary/-www.schwab.com/secure.accurint.com/unfcu2.org/login1/wachovia.com/myaccounts.aspx/investing.schwab.com/secure/schwab/https:/index_files/index_files/index_files/index_files/index_files/index_files/index_files/index_files/iframe.html,1,334,300,1,0,27,1,3
http://mail.sgdbbs-intrntbknng.com/index.php/false/py1n.html/discovercard.com/dfs/accounthome/summary/-www.schwab.com/secure.accurint.com/unfcu2.org/files/files/saved_resource.html,1,180,146,1,0,27,1,2
http://www.sgdbbs-intrntbknng.com/index.php/false/py1n.html/discovercard.com/dfs/accounthome/summary/-www.schwab.com/secure.accurint.com/unfcu2.org/login1/wachovia.com/myaccounts.aspx/investing.schwab.com/secure/schwab/https:/index_files/index_files/index_files/index_files/index_files/index_files/index_files/index_files/index_files/iframe.html,1,345,312,1,0,26,1,3
http://www.sgdbbs-intrntbknng.com/index.php/false/false/py1n.html/discovercard.com/dfs/accounthome/summary/-www.schwab.com/secure.accurint.com/unfcu2.org/login1/wachovia.com/myaccounts.aspx/investing.schwab.com/secure/schwab/https:/snsbank.nl/false/index_files/index_files/index_files/iframe.html,1,296,263,1,0,26,1,3
http://www.sgdbbs-intrntbknng.com/index.php/false/false/py1n.html/discovercard.com/dfs/accounthome/summary/-www.schwab.com/secure.accurint.com/unfcu2.org/login1/wachovia.com/myaccounts.aspx/investing.schwab.com/secure/schwab/https:/index_files/index_files/index_files/index_files/index_files/index_files/index_files/index_files/index_files/index_files/iframe.html,1,363,330,1,0,26,1,3
http://mail.sgdbbs-intrntbknng.com/index.php/false/false/py1n.html/discovercard.com/dfs/accounthome/summary/-www.schwab.com/secure.accurint.com/unfcu2.org/login1/wachovia.com/myaccounts.aspx/investing.schwab.com/secure/schwab/https:/index_files/index_files/iframe.html,1,268,234,1,0,27,1,3
http://www.sgdbbs-intrntbknng.com/index.php/false/false/py1n.html/discovercard.com/dfs/accounthome/summary/-www.schwab.com/secure.accurint.com/unfcu2.org/login1/wachovia.com/myaccounts.aspx/investing.schwab.com/secure/schwab/https:/snsbank.nl/false/index_files/iframe.html,1,272,239,1,0,26,1,3
http://new-3-login.com/,1,23,1,0,0,15,1,1
http://serviciosterralab.cl/ow/auth/logon.aspx?replaceCurrent=1&amp;reason=2&amp;url=katlyn.romero@ihi-ec.com/x08/x00/x00/x00/x00/x00/x0c/x80/x8a/x80/x80/x02@/x04/x00/x10phishing/x92/xd0/xd6/xc7/t/x01/xf6/x01score:40,1,216,19,0,0,20,0,42
https://www.empowerphoenix.com/True/Valid/excelzz/bizmail.php?email=aW5mb0BiYXJ6YW5tZWRpYS5jb20=&.rand=13vqcr8bp0gud&lc=1033&id=64855&mkt=en-us&cbcxt=mai&snsc=1,1,160,31,1,1,22,0,21
https://mtcc.unmuha.ac.id/folder/xx/,1,36,11,2,1,17,0,0
https://mail.sgdbbs-intrntbknng.com/index.php,1,45,10,1,1,27,1,0
https://mail.thetelevisiongroup.com/,1,36,1,1,1,27,0,0
http://sn.worldinfluencemedia.com/deposit/lnterac/directing/simplii,1,67,34,1,0,26,0,0
http://airbnb0221.temp.swtest.ru/listing-room/room-16268.html?preview-airbnb-listing-room=,1,90,29,2,0,25,0,9
http://airbnb0221.temp.swtest.ru/listing-room/sms.html?preview-room-property,1,76,22,2,0,25,0,4
https://krisestates.xyz/loneoakmanagement/,1,42,19,0,1,15,0,0
http://krisestates.xyz/loneoakmanagement/,1,41,19,0,0,15,0,0
https://halifax-recipient-confirmation.net/,1,43,1,0,1,34,1,0
http://halifax-recipient-confirmation.net/,1,42,1,0,0,34,1,0
https://isdjl.yolasite.com/,1,27,1,1,1,18,0,0
http://halifaxscam-alerts.com/login/admin,1,41,12,0,0,22,1,0
https://primeparkrealty.com/lxi/,1,32,5,0,1,19,0,0
https://barkinganddeganham.co.uk/nawedeyhere/Adobe-Document.php,1,63,31,1,1,24,0,0
https://wheeldaleploomy.com/doc/,1,32,5,0,1,19,0,0
http://secure05b-verifyinformation-myinfo.zewese.xyz/,1,53,1,1,0,45,1,2
https://zoomorg7864.z13.web.core.windows.net/,1,45,1,4,1,36,0,6
http://lloyds-deregister-online.com/Login.php,1,45,10,0,0,28,1,0
http://personal-bankingauth.com/lloyds,1,38,7,0,0,24,1,0
https://tender-leakey-6cdeca.netlify.app/,1,41,1,1,1,32,1,1
https://www.customer-transferreference45678.com/lloyds/Login.php,1,64,17,1,1,39,1,5
https://www.paired-device-authorisation.com/Login.php,1,53,10,1,1,35,1,0
https://www.retraiteenaction.ca/irii/banks/SCO/mfaAuth.html,1,59,28,1,1,23,0,0
https://www.retraiteenaction.ca/irii/banks/SCO/confirm.html,1,59,28,1,1,23,0,0
https://www.retraiteenaction.ca/irii/banks/SCO,1,46,15,1,1,23,0,0
https://retraiteenaction.ca/irii/banks/SCO/mfaAuth.html,1,55,28,0,1,19,0,0
https://retraiteenaction.ca/irii/banks/SCO/confirm.html,1,55,28,0,1,19,0,0
https://retraiteenaction.ca/irii/banks/SCO,1,42,15,0,1,19,0,0
https://www.retraiteenaction.ca/irii/banks/SCO/,1,47,16,1,1,23,0,0
https://www.retraiteenaction.ca/irii/banks/SCO/index.php,1,56,25,1,1,23,0,0
https://retraiteenaction.ca/irii/banks/SCO/,1,43,16,0,1,19,0,0
https://graaffreinet.com/mobile.de/tanValidate.php,1,50,26,0,1,16,0,0
https://graaffreinet.com/mobile.de,1,34,10,0,1,16,0,0
https://webenliven.ae/UC4/Office_tbs/WebmailClient.php?Email=ajit@viikingbeverages.com,1,86,33,0,1,13,0,1
https://orientalsxx.000webhostapp.com/u.php?l=DHl-dTracking_=_JeHFUq_VJOXK0QWHtoGYDw=_JeHFUq_VJOXK0QWHtoGYDw=_JeHFUq_VJOXK0QWHto=,1,129,6,1,1,29,0,6
https://undyed-resource.000webhostapp.com/d/wetransfer_update/wetransfer_update/wetransfer_update/wetransfer_update/weTranser_edited/weTranser_edited/index.php?email=jsmith@imaphost.com,1,185,118,1,1,33,1,3
http://talcosypanalerasparaelbuenuso-ycuidados1.000webhostapp.com/,1,66,1,1,0,58,1,4
http://nothingelsefilm.com/wp-content/themes/widescreen/includes/temp/ski/,1,74,48,0,0,19,0,0
http://sakurasushiaz.com/test/js/bell/update.html,1,49,25,0,0,17,0,0
https://lng-bankieren-app.info/,1,31,1,0,1,22,1,0
http://132ebb59a69c5f2ba9dfa0967cac1f67-dot-vygdgfhjwjjvhvn.oa.r.appspot.com/,1,77,1,3,0,69,1,17
http://appeal-page-id45287.info/,1,32,1,0,0,24,1,5
http://appeal-page-id45287.info/2.php,1,37,6,0,0,24,1,6
http://appeal-page-id45287.info/3.php,1,37,6,0,0,24,1,6
http://tearcommerce.com/xdcfvgbhnjmk/acessdocument,1,50,27,0,0,16,0,0
http://l-81-22-32-8881.ga/,1,26,1,0,0,18,1,10
http://review-newpayees.com/,1,28,1,0,0,20,1,0
http://www.cookeandkelvey.com/vendor/symfony/polyfill-mbstring/Resources/unidata/viewh/,1,87,58,1,0,22,0,0
https://mail.flacland.ir/wp-includes/images/hl/2020dhl_topscript/dhl_topscript/source/index.php,1,95,71,1,1,16,0,4
http://compassionate-engelbart-fc46a8.netlify.app/,1,50,1,1,0,42,1,3
http://pubgmclaimseason16.ezua.com/,1,35,1,1,0,27,0,2
https://informativadati-aggiornata.com/info/,1,44,6,0,1,30,1,0
https://hmrc-rebate.services/,1,29,1,0,1,20,1,0
http://hmrc-rebate.services/,1,28,1,0,0,20,1,0
http://thetelevisiongroup.com/,1,30,1,0,0,22,0,0
https://online-alerts-halifax.com/Login.php,1,43,10,0,1,25,1,0
https://settingfb701.wixsite.com/settingid,1,42,10,1,1,24,0,3
https://cy.katgueli.com/office/officefiles/index.php,1,52,29,1,1,15,0,0
http://verifikasi-facebook11.cf/login.php,1,41,10,0,0,24,1,2
http://verifikasi-facebook11.ml/login.php,1,41,10,0,0,24,1,2
http://verifikasi-facebook11.tk/login.php,1,41,10,0,0,24,1,2
https://www.accesso-intesa-sanpaolo-sicurezza-conto.calamitata.com/index/login/login/token/1574b01793203a2bf0dd32453dfa44e5.html,1,128,62,2,1,58,1,22
https://koof.com.au/marolaw,1,27,8,1,1,11,0,0
http://verifikasi-facebook11.ga/login.php,1,41,10,0,0,24,1,2
https://testuoju123.club/,1,25,1,0,1,16,0,3
http://secure.digitalalignment.net/gate.html?location=ab4883f109cbbafa54c9f09769008702,1,86,10,1,0,27,0,21
https://supportlogin.online/NetflixCanada/,1,42,15,0,1,19,0,0
https://atosgenerators.com/voice/files2/F/D/manage/bb6a0011350caff38e4a036523890a05,1,83,57,0,1,18,0,23
https://atosgenerators.com/voice/files2/F/D/manage/bb6a0011350caff38e4a036523890a05/,1,84,58,0,1,18,0,23
https://atosgenerators.com/voice/files2/F/D/manage/c456ba3f17ded80467e7208e0c8c829b/,1,84,58,0,1,18,0,21
https://atosgenerators.com/voice/files2/F/D/manage/c456ba3f17ded80467e7208e0c8c829b,1,83,57,0,1,18,0,21
https://atosgenerators.com/voice/files2/F/D/manage/589a4e0e8487ed9527c14949a94198e6,1,83,57,0,1,18,0,25
https://atosgenerators.com/voice/files2/F/D/manage/ac14f161bb21481d3daf55a67a26393e,1,83,57,0,1,18,0,21
https://atosgenerators.com/voice/files2/F/D/manage/5e34a8a9a121c7effbbb2ac52dc8be08,1,83,57,0,1,18,0,16
https://atosgenerators.com/voice/files2/F/D/manage/ac14f161bb21481d3daf55a67a26393e/,1,84,58,0,1,18,0,21
http://sgdbbs-intrntbknng.com/,1,30,1,0,0,22,1,0
https://yrbqtzibwikgmxywghdgddsdvy-dot-triple-upgrade-293822.rj.r.appspot.com/,1,78,1,3,1,69,1,6
https://nutriti-on.com/js/ttat/sbc/sbc/sbcglobal.net.htm,1,56,34,0,1,14,1,0
https://docsharex-authorize.firebaseapp.com/...x,1,48,5,1,1,35,1,0
http://sof.edu.vn/sources/hjim/excelz/bizmail.php?email=nobody@mycraftmail.com,1,78,32,1,0,10,0,0
https://clouddoc-authorize.firebaseapp.com/.........,1,52,10,1,1,34,1,0
http://unitus.mk.ua/sites/default/files/ctools/ams/cms/index/www/customer_center/customer-IDPP00C517/login.php,1,110,91,1,0,12,0,5
http://designferreira.com.br/olilo.com.br/payp/v/resolutioncentre.php,1,69,41,1,0,21,0,0
https://145809240904611587.weebly.com/,1,38,1,1,1,29,0,18
https://updentalshow.com/publicfolder,1,37,13,0,1,16,0,0
http://joingrupwa-frontalgaming.zyns.com/,1,41,1,1,0,33,1,0
http://payee-confirm-account.com/admin,1,38,6,0,0,25,1,0
http://gallant-williams-8f15e4.netlify.app/,1,43,1,1,0,35,1,4
http://mattmizellmusic.com/directing/atbonline/processing.php,1,61,35,0,0,19,0,0
http://mattmizellmusic.com/directing/atbonline/question.php,1,59,33,0,0,19,0,0
http://mattmizellmusic.com/directing/atbonline/details.html,1,59,33,0,0,19,0,0
https://www.www-boxberry-trackcode.ru/index.php/false/py1n.html/discovercard.com/dfs/accounthome/summary/-www.schwab.com/secure.accurint.com/unfcu2.org/files/files/saved_resource.html,1,183,146,1,1,29,1,2
https://www.www-boxberry-trackcode.ru/index.php/false/py1n.html/discovercard.com/dfs/accounthome/summary,1,104,67,1,1,29,1,1
http://mattmizellmusic.com/directing/nbc/index.html,1,51,25,0,0,19,0,0
http://accesso-intesa-sanpaolo-sicurezza-conto.hospitals-malaysia.org/r/online.htm,1,82,13,1,0,62,1,0
http://mattmizellmusic.com/directing/nbc/questions.html?GAREASONCODE=-1&GARESOURCEID=SbipBncA&GAURI=https://bvi.bnc.ca/bnc/page%3FaliasDispatcher%3Dstartup,1,155,29,0,0,19,0,3
http://mattmizellmusic.com/directing/desjardins/indentification.php,1,67,41,0,0,19,0,0
http://mattmizellmusic.com/directing/desjardins/questions.php,1,61,35,0,0,19,0,0
http://mattmizellmusic.com/directing/desjardins/index2.php,1,58,32,0,0,19,0,1
http://mattmizellmusic.com/directing/desjardins/logging.php,1,59,33,0,0,19,0,0
http://mattmizellmusic.com/directing/royalbank/rbcgi3m012.html,1,62,36,0,0,19,0,4
http://mattmizellmusic.com/directing/royalbank/rbcgi3m01.php,1,60,34,0,0,19,0,3
http://mattmizellmusic.com/directing/royalbank/ClientSignin.htm,1,63,37,0,0,19,0,0
http://reverent-mclean-37a573.netlify.app/,1,42,1,1,0,34,1,5
http://mattmizellmusic.com/directing/simplii/logging.php,1,56,30,0,0,19,0,0
http://mattmizellmusic.com/directing/royalbank/logging.php,1,58,32,0,0,19,0,0
http://mattmizellmusic.com/directing/desjardins/processing.php,1,62,36,0,0,19,0,0
http://mattmizellmusic.com/directing/simplii/accountConfirm.html,1,64,38,0,0,19,0,0
http://mattmizellmusic.com/directing/royalbank/processing.php,1,61,35,0,0,19,0,0
http://nationalsupplybuilderswarehouse.com/wp-content/themes/mtbonline20/,1,73,31,0,0,35,0,2
"https://secure.oldschool.com-ty.ru/m=forum/forums.ws389,92343,7278463336,95589622,3",1,83,49,2,1,26,1,27
https://www.allesinorde.nu/payoff/Newfilesviewc7c782c3b7c54f958e7eb2efff3a49b28866b4fc22dd46cfbad9e6ac9d0cd18cca873584897b48c88d82ecf5cd62783dServices/,1,151,125,1,1,18,0,53
http://www.services.runescape.com-nm.ru/,1,40,1,3,0,32,1,0
https://services.runescape.com-nm.ru/,1,37,1,2,1,28,1,0
http://friendsoriflameyou.000webhostapp.com/,1,44,1,1,0,36,0,3
https://mail.virginuk-2.com/Login.php?sessionID=ZebxJ6odweXLoBhAh6ml6w568o4F3AoyNmpSPt7PuR9uhJltkYb5nePjzd4sWEfeDPgPWrhWR5Y4wpkAyOabwFV6mHT3nl6A5PAU,1,148,10,1,1,19,1,19
https://halifax-registration-payee.com/,1,39,1,0,1,30,1,0
http://halifax-registration-payee.com/,1,38,1,0,0,30,1,0
https://www.virginuk-2.com/Login.php?sessionID=ZebxJ6odweXLoBhAh6ml6w568o4F3AoyNmpSPt7PuR9uhJltkYb5nePjzd4sWEfeDPgPWrhWR5Y4wpkAyOabwFV6mHT3nl6A5PAU,1,147,10,1,1,18,1,19
https://www.accesso-intesa-sanpaolo-sicurezza-conto.calamitata.com/index.php/d0%C3%AF%C2%BF%C2%BD%C3%90%C2%BE%C3%90%C2%BC%C3%90%C2%BF%C3%90%C2%B0%C3%90%C2%BD%C3%90%C2%B8%C3%91%C2%8F:%C3%90%C2%9C.%C3%90%C2%92%C3%90%C2%B8%C3%90%C2%B4%C3%90%C2%B5%C3%90%C2%BE-%C3%90%C2%AD%C3%90%C2%BB%C3%91%C2%8C%C3%90%C2%B4%C3%90%C2%BE%C3%91%C2%80%C3%90%C2%B0%C3%90%C2%B4%C3%90%C2%BE,1,364,298,2,1,58,1,107
https://mail.virginuk-2.com/index.php,1,37,10,1,1,19,1,1
http://xvideo18.online/,1,23,1,0,0,15,0,2
https://virginuk-2.com/index.php,1,32,10,0,1,14,1,1
http://post-68226881.ingeniousmarketer.com/gate.html?location=bb883ebf9acdd5f632b46f012abc8578,1,94,10,1,0,35,1,25
http://my3-assistance.com/,1,26,1,0,0,18,1,1
http://halifax.advance-login.com/Login.php,1,42,10,1,0,25,1,0
http://www.timwarren.tv/complete.your.online.profile.registration/indexx.html?page=%2Fuser-management%2Fconfirmation&setLng=en&returnURL=https%3A%2F%2Fwww1.scotiaonline.scotiabank.com%2Fonline%2Fauthentication%2Fauthentication.bns%3Flanguage%3DEnglish,1,251,54,1,0,16,0,11
http://www.timwarren.tv/complete.your.online.profile.registration/login.php?securessl=true&sessionid=6979e90258cb333ba5729f75754309f1,1,133,52,1,0,16,0,25
https://newpayee-alertchecks.com/login/Login.php,1,48,16,0,1,24,1,0
https://digisnuggs.com/skur/,1,28,6,0,1,14,0,0
https://updatemydetails-online.com/,1,35,1,0,1,26,1,0
https://a-a5a5.000webhostapp.com/steam/steam/index.php?l=thai,1,61,22,1,1,24,1,5
http://dizbjccciponctufjrtkyhbfpt-dot-triple-upgrade-293822.rj.r.appspot.com/x,1,78,2,3,0,69,1,6
http://13.66.28.137/us/home,1,27,8,2,0,12,0,9
http://halifax.confirm-pairing.co.uk/Login.php,1,46,10,2,0,29,1,0
https://caminatabiblica.com/sitio/wp-content/plugins/events-calendar/lang/f4a203d0f95418ad7fc5b6c6c8f18140/login.html?cmd=login_submit&id=1883f644bcaf5d7da4a9dc3a0e1d6d911883f644bcaf5d7da4a9dc3a0e1d6d91&session=1883f644bcaf5d7da4a9dc3a0e1d6d911883f644bcaf5d7da4a9dc3a0e1d6d91,1,275,90,0,1,19,0,88
https://caminatabiblica.com/sitio/wp-content/plugins/events-calendar/lang/f4a203d0f95418ad7fc5b6c6c8f18140/mail/index.html?cmd=login_submit&id=987aff7d67bc989b80d9a16005d3e4d0987aff7d67bc989b80d9a16005d3e4d0&session=987aff7d67bc989b80d9a16005d3e4d0987aff7d67bc989b80d9a16005d3e4d0,1,280,95,0,1,19,0,100
https://caminatabiblica.com/sitio/wp-content/plugins/events-calendar/lang/f4a203d0f95418ad7fc5b6c6c8f18140/mail/index2.html?cmd=login_submit&id=c331dd5dece625588f844b1bc4489d51c331dd5dece625588f844b1bc4489d51&session=c331dd5dece625588f844b1bc4489d51c331dd5dece625588f844b1bc4489d51,1,281,96,0,1,19,0,101
https://caminatabiblica.com/sitio/wp-content/plugins/events-calendar/lang/f4a203d0f95418ad7fc5b6c6c8f18140/mail/index3.html?cmd=login_submit&id=a70121d4a174748dbe01273aabe7b5f3a70121d4a174748dbe01273aabe7b5f3&session=a70121d4a174748dbe01273aabe7b5f3,1,249,96,0,1,19,0,81
https://caminatabiblica.com/sitio/wp-content/plugins/events-calendar/lang/f4a203d0f95418ad7fc5b6c6c8f18140/mail/spectrum/login.htm?cmd=login_submit&id=28cae93b169150d5234e1ade9cbaf7ae28cae93b169150d5234e1ade9cbaf7ae&session=28cae93b169150d5234e1ade9cbaf7ae,1,256,103,0,1,19,0,71
http://taxvehicle-uk-auth.com/,1,30,1,0,0,22,1,0
http://dreamy-edison-db79ca.netlify.app/,1,40,1,1,0,32,1,2
https://dreamy-edison-db79ca.netlify.app/,1,41,1,1,1,32,1,2
https://agitated-shockley-c00db7.netlify.app/,1,45,1,1,1,36,1,3
http://redcloakmusic.com.br/hhp/cmd-login=4d79dcadcdf578dd55b5358136707645,1,74,47,1,0,20,0,21
https://mail.secure-lloyds.co.uk/cancelpaym/Login.php,1,53,21,2,1,24,1,0
https://mail.lloydbank-login.com/cancel/Login.php,1,49,17,1,1,24,1,0
http://caseid-342233539.pale.pk/gate.html,1,41,10,1,0,24,1,9
https://lloydbank-login.com/cancel/Login.php,1,44,17,0,1,19,1,0
http://secure-lloyds.co.uk/cancelpaym/Login.php,1,47,21,1,0,19,1,0
https://www.aamazone.buzz/pc,1,28,3,1,1,17,0,0
http://www.aamazone.buzz/pc,1,27,3,1,0,17,0,0
https://www.accountsecure.live/Login.php,1,40,10,1,1,22,0,0
https://www.verify-security-now.me/Login.php,1,44,10,1,1,26,1,0
http://wildcard.joeninni.com/nextVRF.html?location=c9c589475c480dc9e1a1e45a9d10b552,1,83,13,1,0,21,0,21
http://wildcard.joeninni.com/nextVRF.html?location=90c25dc64ea3645bb3e9483c153427bf,1,83,13,1,0,21,0,21
http://202.29.4.97/ubru_OLD/ot73/pass.php?gds=bhupinder.jaswal@servicecanada.gc.ca,1,82,23,2,0,11,0,10
http://thjcfsj.dynssl.com/plugins/en.php?rand=13InboxLightaspxn.1774256418&fid.4.1252899642&fid=1&fav.1&rand.13InboxLight.aspxn.1774256418&fid.1252899642&fid.1&fav.1&email=ZGFuaWVsLnJhbW9zQGFuZ2xvYW1lcmljYW4uY29t&.rand=13InboxLight.aspx?n=1774256418&fid=4,1,255,15,1,0,18,0,68
http://vieuxshack.com/download/adobe/4637f2f1247f9c35501b8bd17dd89565/login.php,1,79,58,0,0,14,0,23
http://vieuxshack.com/download/adobe/b2c85c1250ab04b731cbb6af2cd52dfc/login.php,1,79,58,0,0,14,0,16
https://www.verify-mynewdevices.com/,1,36,1,1,1,27,1,0
http://www.verify-mynewdevices.com/,1,35,1,1,0,27,1,0
https://www.verify-mynewdevices.com/Login.php,1,45,10,1,1,27,1,0
https://www.amozan.co.jp.zhimajz.cn/,1,36,1,4,1,27,0,0
https://pol-rvlwsuq.theia.com.co/gate.html?location=9f11058cd7c392486887a32a4d3733b9,1,84,10,2,1,24,1,24
http://hoantrungdanang.com/wp-includes/review/projectofcAGNkNO3YcqRVJPackageDrive-139333download1117899508222909file5445250578715138575_foldersn/,1,145,119,0,0,19,0,42
http://cpanelgsmdemgsoperateurlocal.000webhostapp.com/,1,54,1,1,0,46,0,3
http://pubgemetro.com/,1,22,1,0,0,14,0,0
http://giant-proximal-bellflower.glitch.me/,1,43,1,1,0,35,1,0
http://promohinotruck.com/wp-content/plugins/indexx/en-tk/xcp.php?ema,1,69,40,0,0,18,0,0
http://pubgytmobile.com/,1,24,1,0,0,16,0,0
https://violentamericaco.com/kitchen/mazon/amazon/,1,50,22,0,1,20,0,0
http://lloyds-deregister-online.com/,1,36,1,0,0,28,1,0
https://baccredomatico.webcindario.com/redir/showLogin.html,1,59,21,1,1,30,0,0
https://www.lloyds.cancel-online.co.uk/Login.php,1,48,10,3,1,30,1,0
http://13.66.28.137/,1,20,1,2,0,12,0,9
http://13.66.28.137/US/webapps,1,30,11,2,0,12,0,9
http://chat-whatsapp.doctorhaddadpediatriayflores.cl/,1,53,1,1,0,45,1,0
https://baccredomatico-0.webcindario.com/redir/showLogin.html,1,61,21,1,1,32,1,1
https://miraclemindindia.com/drive/cgi/index.php,1,48,20,0,1,20,0,0
http://naughty-borg-06043a.netlify.app/,1,39,1,1,0,31,1,5
http://group-porn02ulg1.dynamic-dns.net/,1,40,1,1,0,32,1,3
https://www.accesso-intesa-sanpaolo-sicurezza-conto.hospitals-malaysia.org/info,1,79,5,2,1,66,1,0
http://accesso-intesa-sanpaolo-sicurezza-conto.calamitata.com/index.php/false/false/py1n.html/discovercard.com/dfs/accounthome/summary/-www.schwab.com/secure.accurint.com/unfcu2.org/login1/wachovia.com/myaccounts.aspx/investing.schwab.com/secure/schwab/https:/snsbank.nl/mijnsns,1,278,217,1,0,54,1,3
http://accesso-intesa-sanpaolo-sicurezza-conto.calamitata.com/index/login/login/token/7d718d352a80fb8cf5e71abf735a3779.html,1,123,62,1,0,54,1,20
http://accesso-intesa-sanpaolo-sicurezza-conto.calamitata.com/index/login/login/token/2fb0e5ced3f6861f7e1750589b915ec0.html,1,123,62,1,0,54,1,20
http://accesso-intesa-sanpaolo-sicurezza-conto.calamitata.com/index/login/login/token/5220b3547e4fbe108fed506d06228c45.html,1,123,62,1,0,54,1,22
http://accesso-intesa-sanpaolo-sicurezza-conto.calamitata.com/index/login/login/token/8547f31e9dff28fa1683ee4ff0fdb6b4.html,1,123,62,1,0,54,1,17
http://accesso-intesa-sanpaolo-sicurezza-conto.calamitata.com/index/login/login/token/306e30aab90f08c1d2a01255f0a332bf.html,1,123,62,1,0,54,1,20
http://accesso-intesa-sanpaolo-sicurezza-conto.calamitata.com/index/login/login/token/bde2aba4b8978209e1569dfbc98b5fd8.html,1,123,62,1,0,54,1,17
http://accesso-intesa-sanpaolo-sicurezza-conto.calamitata.com/index/login/login/token/1574b01793203a2bf0dd32453dfa44e5.html,1,123,62,1,0,54,1,22
http://accesso-intesa-sanpaolo-sicurezza-conto.calamitata.com/index.php/false/py1n.html/discovercard.com/dfs/accounthome/summary/-www.schwab.com/secure.accurint.com/unfcu2.org/login1/wachovia.com/myaccounts.aspx/investing.schwab.com/secure/schwab/https,1,252,191,1,0,54,1,3
http://comsdif34.ml/vn1,1,23,4,0,0,12,0,3
https://www.accesso-intesa-sanpaolo-sicurezza-conto.hospitals-malaysia.org/high_speed_internet.cfm,1,98,24,2,1,66,1,0
http://accesso-intesa-sanpaolo-sicurezza-conto.hospitals-malaysia.org/info,1,74,5,1,0,62,1,0
http://accesso-intesa-sanpaolo-sicurezza-conto.hospitals-malaysia.org/cgi-bin.appie-update-information,1,102,33,1,0,62,1,0
http://accesso-intesa-sanpaolo-sicurezza-conto.hospitals-malaysia.org/de,1,72,3,1,0,62,1,0
http://accesso-intesa-sanpaolo-sicurezza-conto.hospitals-malaysia.org/storew.ebay.de,1,84,15,1,0,62,1,0
http://accesso-intesa-sanpaolo-sicurezza-conto.hospitals-malaysia.org/track/login.php,1,85,16,1,0,62,1,0
http://accesso-intesa-sanpaolo-sicurezza-conto.hospitals-malaysia.org/mijn-ics.online-verificatie,1,97,28,1,0,62,1,0
http://accesso-intesa-sanpaolo-sicurezza-conto.hospitals-malaysia.org/de/privatkunden.html,1,90,21,1,0,62,1,0
http://accesso-intesa-sanpaolo-sicurezza-conto.hospitals-malaysia.org/index/login/login/token,1,93,24,1,0,62,1,0
"http://accesso-intesa-sanpaolo-sicurezza-conto.hospitals-malaysia.org/index.php/false/false/py1n.html/discovercard.com/dfs/accounthome/summary/www.schwab.com,;",1,159,89,1,0,62,1,1
http://accesso-intesa-sanpaolo-sicurezza-conto.hospitals-malaysia.org/account/login,1,83,14,1,0,62,1,0
http://accesso-intesa-sanpaolo-sicurezza-conto.hospitals-malaysia.org/reg/spec,1,78,9,1,0,62,1,0
http://accesso-intesa-sanpaolo-sicurezza-conto.hospitals-malaysia.org/www.appleid.apple.com,1,91,22,1,0,62,1,0
http://accesso-intesa-sanpaolo-sicurezza-conto.hospitals-malaysia.org/2/cair.html,1,81,12,1,0,62,1,1
http://accesso-intesa-sanpaolo-sicurezza-conto.hospitals-malaysia.org/reg,1,73,4,1,0,62,1,0
http://accesso-intesa-sanpaolo-sicurezza-conto.hospitals-malaysia.org/loto_h367,1,79,10,1,0,62,1,3
http://accesso-intesa-sanpaolo-sicurezza-conto.hospitals-malaysia.org/entscheidung-817277406681628&amp;amp;cgi3-viewkontakt-817277406681628-007acctpagetype-817277406681628=33445-gesendet&amp;amp;ebay@aluminium-shop-pirmasens.com.html,1,233,33,1,0,62,1,54
http://accesso-intesa-sanpaolo-sicurezza-conto.hospitals-malaysia.org/high_speed_internet.cfm,1,93,24,1,0,62,1,0
http://accesso-intesa-sanpaolo-sicurezza-conto.hospitals-malaysia.org/help.action,1,81,12,1,0,62,1,0
http://accesso-intesa-sanpaolo-sicurezza-conto.hospitals-malaysia.org/login/instellen.html,1,90,21,1,0,62,1,0
http://accesso-intesa-sanpaolo-sicurezza-conto.hospitals-malaysia.org/login/step01.php,1,86,17,1,0,62,1,2
https://www.accesso-intesa-sanpaolo-sicurezza-conto.hospitals-malaysia.org/a_x,1,78,4,2,1,66,1,0
http://accesso-intesa-sanpaolo-sicurezza-conto.hospitals-malaysia.org/account/verify.php,1,88,19,1,0,62,1,0
https://www.accesso-intesa-sanpaolo-sicurezza-conto.hospitals-malaysia.org/login/token2.html,1,92,18,2,1,66,1,1
https://www.accesso-intesa-sanpaolo-sicurezza-conto.hospitals-malaysia.org/reg/spec,1,83,9,2,1,66,1,0
http://accesso-intesa-sanpaolo-sicurezza-conto.hospitals-malaysia.org/app/informe.apple,1,87,18,1,0,62,1,0
http://accesso-intesa-sanpaolo-sicurezza-conto.hospitals-malaysia.org/wordpress/itac.htm,1,88,19,1,0,62,1,0
http://accesso-intesa-sanpaolo-sicurezza-conto.hospitals-malaysia.org/login/login.php,1,85,16,1,0,62,1,0
http://accesso-intesa-sanpaolo-sicurezza-conto.hospitals-malaysia.org/index.php/false/false/py1n.html/discovercard.com/dfs/accounthome/summary/-www.schwab.com/secure.accurint.com/unfcu2.org/login1/wachovia.com/myaccounts.aspx/investing.schwab.com/secure/schwab/https:,1,267,198,1,0,62,1,3
http://accesso-intesa-sanpaolo-sicurezza-conto.hospitals-malaysia.org/files/login.php,1,85,16,1,0,62,1,0
http://accesso-intesa-sanpaolo-sicurezza-conto.hospitals-malaysia.org/index.php/false/false/false/false/oegw.html,1,113,44,1,0,62,1,0
http://accesso-intesa-sanpaolo-sicurezza-conto.hospitals-malaysia.org/track,1,75,6,1,0,62,1,0
http://accesso-intesa-sanpaolo-sicurezza-conto.hospitals-malaysia.org/wordpress/5.htm,1,85,16,1,0,62,1,1
http://accesso-intesa-sanpaolo-sicurezza-conto.hospitals-malaysia.org/entscheidung-817277406681628&amp;cgi3-viewkontakt-817277406681628-007acctpagetype-817277406681628=33445-gesendet&amp;ebay@aluminium-shop-pirmasens.com.html,1,225,33,1,0,62,1,54
http://accesso-intesa-sanpaolo-sicurezza-conto.hospitals-malaysia.org/sncp/profile.php,1,86,17,1,0,62,1,0
http://accesso-intesa-sanpaolo-sicurezza-conto.hospitals-malaysia.org/verkauferbb24f8e1689eaeb42b101522cc620210e477ef0c56a655e234dinvoicerouteacctpagetype&de17ed734194f2e9bd6c67714d3eaaf43f1bf67b100613ae4c&info@buddelkiste-ollywood.de.html,1,239,170,1,0,62,1,62
http://accesso-intesa-sanpaolo-sicurezza-conto.hospitals-malaysia.org/ing/mijn%20verificatie.php,1,96,27,1,0,62,1,2
https://shareibly.ml/cgi/offaccess/,1,35,15,0,1,12,0,0
http://accesso-intesa-sanpaolo-sicurezza-conto.hospitals-malaysia.org/files/ini.php,1,83,14,1,0,62,1,0
http://accesso-intesa-sanpaolo-sicurezza-conto.hospitals-malaysia.org/login/step3.php,1,85,16,1,0,62,1,1
http://accesso-intesa-sanpaolo-sicurezza-conto.hospitals-malaysia.org/index.php/false/py1n.html/discovercard.com/dfs/accounthome/summary/-www.schwab.com/secure.accurint.com/unfcu2.org/login1/wachovia.com/myaccounts.aspx/investing.schwab.com/secure/schwab/https:/step1.html,1,272,203,1,0,62,1,4
http://accesso-intesa-sanpaolo-sicurezza-conto.hospitals-malaysia.org/app/u.php,1,79,10,1,0,62,1,0
http://accesso-intesa-sanpaolo-sicurezza-conto.hospitals-malaysia.org/it,1,72,3,1,0,62,1,0
http://accesso-intesa-sanpaolo-sicurezza-conto.hospitals-malaysia.org/credit-agricole.fr,1,88,19,1,0,62,1,0
http://accesso-intesa-sanpaolo-sicurezza-conto.hospitals-malaysia.org/intesa,1,76,7,1,0,62,1,0
http://accesso-intesa-sanpaolo-sicurezza-conto.hospitals-malaysia.org/t.1t,1,74,5,1,0,62,1,1
http://accesso-intesa-sanpaolo-sicurezza-conto.hospitals-malaysia.org/login/stark.php,1,85,16,1,0,62,1,0
http://accesso-intesa-sanpaolo-sicurezza-conto.hospitals-malaysia.org/login/token2.html,1,87,18,1,0,62,1,1
http://accesso-intesa-sanpaolo-sicurezza-conto.hospitals-malaysia.org/idmsac.apps,1,81,12,1,0,62,1,0
http://accesso-intesa-sanpaolo-sicurezza-conto.hospitals-malaysia.org/rabo.html,1,79,10,1,0,62,1,0
http://accesso-intesa-sanpaolo-sicurezza-conto.hospitals-malaysia.org/a_x,1,73,4,1,0,62,1,0
http://accesso-intesa-sanpaolo-sicurezza-conto.hospitals-malaysia.org/index/login/login/token/5765ede725151661cdc195ac5444927e.html,1,131,62,1,0,62,1,23
http://accesso-intesa-sanpaolo-sicurezza-conto.hospitals-malaysia.org/2/contactdetails.ssobto.html,1,98,29,1,0,62,1,1
http://accesso-intesa-sanpaolo-sicurezza-conto.hospitals-malaysia.org/no,1,72,3,1,0,62,1,0
http://accesso-intesa-sanpaolo-sicurezza-conto.hospitals-malaysia.org/info/surecheckcountdowncellphone.htm,1,106,37,1,0,62,1,0
http://accesso-intesa-sanpaolo-sicurezza-conto.hospitals-malaysia.org/login/ba.php,1,82,13,1,0,62,1,0
http://accesso-intesa-sanpaolo-sicurezza-conto.hospitals-malaysia.org/account/box3drenewal.php,1,94,25,1,0,62,1,1
http://accesso-intesa-sanpaolo-sicurezza-conto.hospitals-malaysia.org/app,1,73,4,1,0,62,1,0
http://accesso-intesa-sanpaolo-sicurezza-conto.hospitals-malaysia.org/wordpress/nela.htm,1,88,19,1,0,62,1,0
http://accesso-intesa-sanpaolo-sicurezza-conto.hospitals-malaysia.org/1,1,71,2,1,0,62,1,1
http://accesso-intesa-sanpaolo-sicurezza-conto.hospitals-malaysia.org/b/ld7j,1,76,7,1,0,62,1,1
http://accesso-intesa-sanpaolo-sicurezza-conto.hospitals-malaysia.org/1.8,1,73,4,1,0,62,1,2
http://accesso-intesa-sanpaolo-sicurezza-conto.hospitals-malaysia.org/bauen-wohnen/baufinanzierung/psd-topbaugeld,1,113,44,1,0,62,1,0
http://accesso-intesa-sanpaolo-sicurezza-conto.hospitals-malaysia.org/only-apple.support,1,88,19,1,0,62,1,0
http://accesso-intesa-sanpaolo-sicurezza-conto.hospitals-malaysia.org/track/u.php,1,81,12,1,0,62,1,0
http://francesren.com/office/OneDrive/microsoft.php,1,51,30,0,0,14,0,0
http://accesso-intesa-sanpaolo-sicurezza-conto.hospitals-malaysia.org/files/update.php,1,86,17,1,0,62,1,0
http://accesso-intesa-sanpaolo-sicurezza-conto.hospitals-malaysia.org/2/http@securelogin.bp.poste.it,1,100,31,1,0,62,1,1
http://accesso-intesa-sanpaolo-sicurezza-conto.hospitals-malaysia.org/index/login/login/token/5220b3547e4fbe108fed506d06228c45.html,1,131,62,1,0,62,1,22
http://accesso-intesa-sanpaolo-sicurezza-conto.hospitals-malaysia.org/hsbc/idv.log.php,1,86,17,1,0,62,1,0
http://accesso-intesa-sanpaolo-sicurezza-conto.hospitals-malaysia.org/index/login/login/token/2fb0e5ced3f6861f7e1750589b915ec0.html,1,131,62,1,0,62,1,20
http://accesso-intesa-sanpaolo-sicurezza-conto.hospitals-malaysia.org/index.php/false/false/py1n.html/discovercard.com/dfs/accounthome/summary/-www.schwab.com/secure.accurint.com/unfcu2.org/login1/wachovia.com/myaccounts.aspx/investing.schwab.com/secure/schwab/step1.html,1,271,202,1,0,62,1,4
http://accesso-intesa-sanpaolo-sicurezza-conto.hospitals-malaysia.org/sncp/init.php,1,83,14,1,0,62,1,0
http://accesso-intesa-sanpaolo-sicurezza-conto.hospitals-malaysia.org/bauen-wohnen/baufinanzierung/psd-baugeld-berechnen/c231.html,1,130,61,1,0,62,1,3
http://accesso-intesa-sanpaolo-sicurezza-conto.hospitals-malaysia.org/ebay.co.uk,1,80,11,1,0,62,1,0
http://accesso-intesa-sanpaolo-sicurezza-conto.hospitals-malaysia.org/eba.e1saisonale-angebote-bn_7109743159.eby.desll,1,118,49,1,0,62,1,11
http://accesso-intesa-sanpaolo-sicurezza-conto.hospitals-malaysia.org/info/codice-autorizzazione.html,1,101,32,1,0,62,1,0
http://accesso-intesa-sanpaolo-sicurezza-conto.hospitals-malaysia.org/sncp,1,74,5,1,0,62,1,0
http://accesso-intesa-sanpaolo-sicurezza-conto.hospitals-malaysia.org/login/billingcards.php,1,92,23,1,0,62,1,0
http://accesso-intesa-sanpaolo-sicurezza-conto.hospitals-malaysia.org/wordpress/9.htm,1,85,16,1,0,62,1,1
http://accesso-intesa-sanpaolo-sicurezza-conto.hospitals-malaysia.org/2/https@securelogin.bp.poste.it,1,101,32,1,0,62,1,1
http://accesso-intesa-sanpaolo-sicurezza-conto.hospitals-malaysia.org/ing/product%20validatie.php,1,97,28,1,0,62,1,2
http://accesso-intesa-sanpaolo-sicurezza-conto.hospitals-malaysia.org/90.i.lolik.anyciona.patrolita.casse.897866,1,112,43,1,0,62,1,8
http://accesso-intesa-sanpaolo-sicurezza-conto.hospitals-malaysia.org/f2.,1,73,4,1,0,62,1,1
http://accesso-intesa-sanpaolo-sicurezza-conto.hospitals-malaysia.org/stores.,1,77,8,1,0,62,1,0
http://accesso-intesa-sanpaolo-sicurezza-conto.hospitals-malaysia.org/r/rbcgi3m01.html,1,86,17,1,0,62,1,3
http://accesso-intesa-sanpaolo-sicurezza-conto.hospitals-malaysia.org/index.php/false/false/py1n.html/discovercard.com/dfs/accounthome/summary/-www.schwab.com/secure.accurint.com/unfcu2.org/login1/wachovia.com/myaccounts.aspx/investing.schwab.com/secure/schwab,1,260,191,1,0,62,1,3
http://accesso-intesa-sanpaolo-sicurezza-conto.hospitals-malaysia.org/files/index.html,1,86,17,1,0,62,1,0
http://accesso-intesa-sanpaolo-sicurezza-conto.hospitals-malaysia.org/index.php/false/py1n.html/discovercard.com/dfs/accounthome/summary/-www.schwab.com/secure.accurint.com/unfcu2.org/files/files/saved_resource.html,1,215,146,1,0,62,1,2
http://accesso-intesa-sanpaolo-sicurezza-conto.hospitals-malaysia.org/wordpress/ceca.htm,1,88,19,1,0,62,1,0
http://accesso-intesa-sanpaolo-sicurezza-conto.hospitals-malaysia.org/rocccorr.html,1,83,14,1,0,62,1,0
http://accesso-intesa-sanpaolo-sicurezza-conto.hospitals-malaysia.org/wordpress,1,79,10,1,0,62,1,0
http://accesso-intesa-sanpaolo-sicurezza-conto.hospitals-malaysia.org/index/login/login/token/ac1ed4bb28011fe1e5f6688be3a04fc4.html,1,131,62,1,0,62,1,17
http://accesso-intesa-sanpaolo-sicurezza-conto.hospitals-malaysia.org/zjv.html,1,78,9,1,0,62,1,0
http://accesso-intesa-sanpaolo-sicurezza-conto.hospitals-malaysia.org/b/hae6,1,76,7,1,0,62,1,1
http://accesso-intesa-sanpaolo-sicurezza-conto.hospitals-malaysia.org/dh/dhlauto,1,80,11,1,0,62,1,0
http://accesso-intesa-sanpaolo-sicurezza-conto.hospitals-malaysia.org/index.php/false/false/false/false,1,103,34,1,0,62,1,0
http://accesso-intesa-sanpaolo-sicurezza-conto.hospitals-malaysia.org/index.php/false/false/py1n.html/discovercard.com/dfs/accounthome/summary/-www.schwab.com/secure.accurint.com/unfcu2.org/login1/wachovia.com/myaccounts.aspx/investing.schwab.com/secure/schwab/https,1,266,197,1,0,62,1,3
http://accesso-intesa-sanpaolo-sicurezza-conto.hospitals-malaysia.org/login/sms.php,1,83,14,1,0,62,1,0
http://accesso-intesa-sanpaolo-sicurezza-conto.hospitals-malaysia.org/info/absaonline.htm,1,89,20,1,0,62,1,0
http://accesso-intesa-sanpaolo-sicurezza-conto.hospitals-malaysia.org/lloyds,1,76,7,1,0,62,1,0
http://accesso-intesa-sanpaolo-sicurezza-conto.hospitals-malaysia.org/ing,1,73,4,1,0,62,1,0
http://accesso-intesa-sanpaolo-sicurezza-conto.hospitals-malaysia.org/anstehende-043766271511498200&amp;cgi3-viewkontakt-cid-007acctpagetype-043766271511498200=5540002&amp;info@wohlfeil-shop.de.html,1,198,34,1,0,62,1,47
http://accesso-intesa-sanpaolo-sicurezza-conto.hospitals-malaysia.org/login/idv.log.php,1,87,18,1,0,62,1,0
http://accesso-intesa-sanpaolo-sicurezza-conto.hospitals-malaysia.org/index.php/false/false/py1n.html/discovercard.com/dfs/accounthome/summary/-www.schwab.com/secure.accurint.com/unfcu2.org/login1/wachovia.com/myaccounts.aspx/investing.schwab.com/secure/schwab/https:/snsbank.nl/mijnsns,1,286,217,1,0,62,1,3
http://accesso-intesa-sanpaolo-sicurezza-conto.hospitals-malaysia.org/bauen-wohnen/baufinanzierung/psd-baugeld-berechnen,1,120,51,1,0,62,1,0
http://accesso-intesa-sanpaolo-sicurezza-conto.hospitals-malaysia.org/rno.html,1,78,9,1,0,62,1,0
http://accesso-intesa-sanpaolo-sicurezza-conto.hospitals-malaysia.org/lloyds/login.php,1,86,17,1,0,62,1,0
http://accesso-intesa-sanpaolo-sicurezza-conto.hospitals-malaysia.org/2/channeldriver.ssobto.html,1,97,28,1,0,62,1,1
http://accesso-intesa-sanpaolo-sicurezza-conto.hospitals-malaysia.org/index.php/false/false/py1n.html/discovercard.com/dfs/accounthome/summary,1,142,73,1,0,62,1,1
http://accesso-intesa-sanpaolo-sicurezza-conto.hospitals-malaysia.org/2/channeldr1ver.ssobto.html,1,97,28,1,0,62,1,2
http://accesso-intesa-sanpaolo-sicurezza-conto.hospitals-malaysia.org/dh/dhlauto/box3drenewal.php,1,97,28,1,0,62,1,1
http://accesso-intesa-sanpaolo-sicurezza-conto.hospitals-malaysia.org/ing/index2.php,1,84,15,1,0,62,1,1
http://accesso-intesa-sanpaolo-sicurezza-conto.hospitals-malaysia.org/index/login/login/token/8e188b6ac74270cb119b6470229f1a69.html,1,131,62,1,0,62,1,23
http://accesso-intesa-sanpaolo-sicurezza-conto.hospitals-malaysia.org/account,1,77,8,1,0,62,1,0
http://accesso-intesa-sanpaolo-sicurezza-conto.hospitals-malaysia.org/order,1,75,6,1,0,62,1,0
http://accesso-intesa-sanpaolo-sicurezza-conto.hospitals-malaysia.org/2,1,71,2,1,0,62,1,1
http://accesso-intesa-sanpaolo-sicurezza-conto.hospitals-malaysia.org/index.php/false/false/py1n.html/discovercard.com/dfs/accounthome,1,134,65,1,0,62,1,1
http://accesso-intesa-sanpaolo-sicurezza-conto.hospitals-malaysia.org/files/pincode.php,1,87,18,1,0,62,1,0
http://accesso-intesa-sanpaolo-sicurezza-conto.hospitals-malaysia.org/r/details.php,1,83,14,1,0,62,1,0
http://accesso-intesa-sanpaolo-sicurezza-conto.hospitals-malaysia.org/kak-zaregistrirovatsja-v-lukojl.html,1,106,37,1,0,62,1,0
http://accesso-intesa-sanpaolo-sicurezza-conto.hospitals-malaysia.org/appleid.apple.com.loginid.api.viewlogin,1,109,40,1,0,62,1,0
http://accesso-intesa-sanpaolo-sicurezza-conto.hospitals-malaysia.org/r,1,71,2,1,0,62,1,0
http://accesso-intesa-sanpaolo-sicurezza-conto.hospitals-malaysia.org/1/contactdetails.ssobto.html,1,98,29,1,0,62,1,1
http://accesso-intesa-sanpaolo-sicurezza-conto.hospitals-malaysia.org/login/process1.php,1,88,19,1,0,62,1,1
http://accesso-intesa-sanpaolo-sicurezza-conto.hospitals-malaysia.org/lloyds/phonenumber.php,1,92,23,1,0,62,1,0
http://accesso-intesa-sanpaolo-sicurezza-conto.hospitals-malaysia.org/dh/dhlauto/dhl.php,1,88,19,1,0,62,1,0
http://accesso-intesa-sanpaolo-sicurezza-conto.hospitals-malaysia.org/spe,1,73,4,1,0,62,1,0
http://accesso-intesa-sanpaolo-sicurezza-conto.hospitals-malaysia.org/account/card.php,1,86,17,1,0,62,1,0
http://accesso-intesa-sanpaolo-sicurezza-conto.hospitals-malaysia.org/r/index.php,1,81,12,1,0,62,1,0
http://security-halifax-online.com/Login.php,1,44,10,0,0,27,1,0
https://removemypayees-info.com/Login.php,1,41,10,0,1,23,1,0
https://hali-secure-account.com/Login.php,1,41,10,0,1,23,1,0
http://accesso-intesa-sanpaolo-sicurezza-conto.hospitals-malaysia.org/index/login/login/token/819fa8e05dad74a2be3a3cf36d8f07da.html,1,131,62,1,0,62,1,16
http://accesso-intesa-sanpaolo-sicurezza-conto.hospitals-malaysia.org/index/login/login/token/c2e115005bc9db8450c808633e76a708.html,1,131,62,1,0,62,1,23
http://accesso-intesa-sanpaolo-sicurezza-conto.hospitals-malaysia.org/iz2,1,73,4,1,0,62,1,1
http://accesso-intesa-sanpaolo-sicurezza-conto.hospitals-malaysia.org/kampagnen/landingpages/lp-psd-baugeld/psd-baugeldlpshowcase2020,1,133,64,1,0,62,1,4
http://accesso-intesa-sanpaolo-sicurezza-conto.hospitals-malaysia.org/index.php/false/false/py1n.html/discovercard.com/dfs/accounthome/summary/-www.schwab.com/secure.accurint.com/unfcu2.org/login1/wachovia.com/myaccounts.aspx/investing.schwab.com/secure/schwab/https:/step1.html,1,278,209,1,0,62,1,4
http://accesso-intesa-sanpaolo-sicurezza-conto.hospitals-malaysia.org/files/mijn%20ics%20gegevens.php,1,101,32,1,0,62,1,4
http://accesso-intesa-sanpaolo-sicurezza-conto.hospitals-malaysia.org/index/login/login/token/1574b01793203a2bf0dd32453dfa44e5.html,1,131,62,1,0,62,1,22
http://accesso-intesa-sanpaolo-sicurezza-conto.hospitals-malaysia.org/login.icscards.opdracht,1,93,24,1,0,62,1,0
http://accesso-intesa-sanpaolo-sicurezza-conto.hospitals-malaysia.org/cgi.ebay.de,1,81,12,1,0,62,1,0
http://accesso-intesa-sanpaolo-sicurezza-conto.hospitals-malaysia.org/index/login/login/token/306e30aab90f08c1d2a01255f0a332bf.html,1,131,62,1,0,62,1,20
http://accesso-intesa-sanpaolo-sicurezza-conto.hospitals-malaysia.org/2/surf2.php,1,81,12,1,0,62,1,2
http://accesso-intesa-sanpaolo-sicurezza-conto.hospitals-malaysia.org/login,1,75,6,1,0,62,1,0
http://accesso-intesa-sanpaolo-sicurezza-conto.hospitals-malaysia.org/hsbc,1,74,5,1,0,62,1,0
https://ymailteam1.godaddysites.com/,1,36,1,1,1,27,0,1
https://euphrate-marble.com/sites/default/files/FedEx.FedEx.FedEx.FedEx.FedEx/FedEx.html,1,88,61,0,1,19,1,0
http://employeesalaryschedule70.000webhostapp.com/adb/adb,1,57,8,1,0,42,0,5
http://gzawekolamo.com/pop-index,1,32,10,0,0,15,0,0
http://xolxol.phwww.runescape.com-de.ru/,1,40,1,3,0,32,1,0
http://britiantals.cf/contact/home,1,34,13,0,0,14,0,0
http://ktoor.vccdigitalmedia.ca/chrono/suivi-votre-colis,1,56,25,1,0,24,0,0
http://deregister-payeelogin.com/admin,1,38,6,0,0,25,1,0
http://verify-secured.me/admin,1,30,6,0,0,17,1,0
http://www.dhl24.com.pl/uzytkownik/wyloguj.html,1,47,24,2,0,16,0,2
http://vg.jandigitalstudios.com/gate.html?location=15a04c3318269c0d9a15178875567358,1,83,10,1,0,24,0,27
http://ay.jandigitalstudios.com/gate.html?location=3d7139f44e4bb33b2431e5f3d108aa13,1,83,10,1,0,24,0,21
https://metroxpubg.cf/,1,22,1,0,1,13,0,0
http://ue.jandigitalstudios.com/gate.html?location=e7dcee054f0125b66c440dca2a2cf0b0,1,83,10,1,0,24,0,17
http://pi.jandigitalstudios.com/gate.html?location=c2a456f1b3178eeb2f575f35235b3066,1,83,10,1,0,24,0,22
http://untag-fbook.comourcfzkec.jandigitalstudios.com/gate.html?location=0c56a3652ed761149b5d370addab0c9d,1,105,10,2,0,46,1,19
http://gc.jandigitalstudios.com/gate.html?location=64b6e6048db810ed2af5783f22990656,1,83,10,1,0,24,0,23
http://am.jandigitalstudios.com/gate.html?location=a4d5ae8e9d54931388c96333f1161d67,1,83,10,1,0,24,0,23
http://nk.jandigitalstudios.com/gate.html?location=4c53d4be0803010da49e60556ed3637e,1,83,10,1,0,24,0,22
http://studio-jrg.com/1drvoff/index.html,1,40,19,0,0,14,1,1
http://ls.jandigitalstudios.com/gate.html?location=63559502f901b76a9b11a25889a6c8ec,1,83,10,1,0,24,0,23
http://ra.jandigitalstudios.com/gate.html?location=e48392bbf511e07f92a7e0ddf983489d,1,83,10,1,0,24,0,20
http://ti.jandigitalstudios.com/gate.html?location=4bc48c9831807d10122ad88d8f0767ad,1,83,10,1,0,24,0,22
http://secure-lloyds.co.uk/cancelpaym,1,37,11,1,0,19,1,0
http://pocketcity.top/ap/pswd.php,1,33,12,0,0,14,0,0
http://lu.jandigitalstudios.com/gate.html?location=0942b187fee20f1cc28c9f4c925ff0bb,1,83,10,1,0,24,0,18
http://sq.jandigitalstudios.com/gate.html?location=80c79eff32a0abd236b09c583d13d3d4,1,83,10,1,0,24,0,19
http://newraleigh.net/ssl/error_log.cgi/,1,40,19,0,0,14,0,0
http://tourneys16pubg.com/,1,26,1,0,0,18,0,2
http://nb.jandigitalstudios.com/gate.html?location=d442e557b0b507500dd12948db377429,1,83,10,1,0,24,0,24
http://kw.jandigitalstudios.com/gate.html?location=9cc2bf6267f39dfd58cb910d64a47e29,1,83,10,1,0,24,0,19
http://weight-base.com/wind/roundcube/roundcube/f5a03eed41799af1d6db641fe408c3d1,1,80,58,0,0,15,1,18
http://xw.jandigitalstudios.com/gate.html?location=8e525080a8add3871f474570edb37ece,1,83,10,1,0,24,0,20
http://weight-base.com/wind/roundcube/roundcube/476002729b06f63a961ab8d2e472df99,1,80,58,0,0,15,1,23
http://co.jandigitalstudios.com/gate.html?location=a3f4b24f965af2b2f28acd12867d9a21,1,83,10,1,0,24,0,19
http://accountsecurity.org.uk/paypal,1,36,7,1,0,22,0,0
http://mo.jandigitalstudios.com/gate.html?location=baf329ade97491890030ea96f183082d,1,83,10,1,0,24,0,22
http://lloydbank-login.com/cancel,1,33,7,0,0,19,1,0
http://littlefoots.ru/eb99e802143989ef3d00918a5244bd5f,1,54,33,0,0,14,0,22
http://pol-vpzwtm.theia.com.co/gate.html?location=6ffa7192eb7b65dd4af86fc40fa92e80,1,82,10,2,0,23,1,17
https://pol-vpzwtm.theia.com.co/gate.html?location=6ffa7192eb7b65dd4af86fc40fa92e80,1,83,10,2,1,23,1,17
http://pol-svzwjhfy.theia.com.co/gate.html?location=6ffa7192eb7b65dd4af86fc40fa92e80,1,84,10,2,0,25,1,17
http://chase-secure-app.herokuapp.com/,1,38,1,1,0,30,1,0
https://hali-secure-account.com/,1,32,1,0,1,23,1,0
http://hali-secure-account.com/,1,31,1,0,0,23,1,0
https://normativa-clienti.net/info,1,34,5,0,1,21,1,0
https://www.security-helponline.com/Login.php,1,45,10,1,1,27,1,0
https://www.secure-my-account.live/Login.php,1,44,10,1,1,26,1,0
https://www.secure-payee-cancellation.com/Login.php,1,51,10,1,1,33,1,0
https://www.onlinehelp-securityalert.com/Login.php,1,50,10,1,1,32,1,0
https://www.deregister-payeelogin.com/Login.php,1,47,10,1,1,29,1,0
https://halifax-bank-online.com/Login.php,1,41,10,0,1,23,1,0
https://s16claimhere.com/,1,25,1,0,1,16,0,2
https://allthatsinteresting.com/cheryl-bradshaw-dating-game,0,59,28,0,1,23,0,0
https://medlineplus.gov/ency/article/000519.htm,0,47,24,0,1,15,0,6
https://www.tryonmed.com/loginpress/,0,36,12,1,1,16,0,0
https://news.yahoo.co.jp/articles/e510afcb39b60e609b6cc4f20d2902232161cf69,0,74,50,2,1,16,0,26
https://www.thecollector.com/spiritual-alchemy-occult/,0,54,26,1,1,20,0,0
https://www.obi.de/magazin/garten/terrasse/beton-mischen,0,56,38,1,1,10,0,0
https://www.youtube.com/channel/UCa1b3cqMwJSp1I4vcArKYHQ,0,56,33,1,1,15,0,4
https://www.techtarget.com/searchnetworking/definition/port-number,0,66,40,1,1,18,0,0
https://areaphonecodes.com/united-states/914,0,44,18,0,1,18,0,3
https://www.lmfj.com/,0,21,1,1,1,12,0,0
https://it.wikipedia.org/wiki/Crawler,0,37,13,1,1,16,0,0
https://www.gq.com/story/hims-hair-review,0,41,23,1,1,10,0,0
https://channelstore.roku.com/details/b8741c391c59c1dda457073d3295b555/nfl,0,74,45,1,1,21,0,23
https://www.psucollegian.com/football/penn-state-notebook-james-franklin-gives-saturday-takeaways-andrew-rappleyea-news-defensive-praise/article_7be4da66-6fd5-11ef-bd86-833f43460a50.html,0,186,158,1,1,20,0,20
https://aimdynamics.com/harting-connectors,0,42,19,0,1,15,0,0
https://careers.crackerbarrel.com/job/,0,38,5,1,1,25,0,0
https://old.reddit.com/r/cartalkuk/top/,0,39,17,1,1,14,0,0
https://www.houzz.com/photos/entryway-ideas-phbr0-bp~t_741,0,58,37,1,1,13,0,4
https://ncea.acl.gov/home,0,25,5,1,1,12,0,0
http://nutrition.myubcard.com/netnutrition/1,0,44,15,1,0,22,0,1
https://www.roughguides.com/articles/7-reasons-to-visit-key-west/,0,65,38,1,1,19,0,1
https://www.14news.com/2025/01/27/14-year-old-shot-owensboro/,0,61,39,1,1,14,0,12
https://definition.org/amazing-wild-west-photos/2/,0,50,28,0,1,14,0,1
https://za.linkedin.com/company/carlton-hair-south-africa,0,57,34,1,1,15,0,0
https://www.scrla.org/admin/email/campaignedit.aspx,0,51,30,1,1,13,0,0
https://www.microcenter.com/product/674503/amd-ryzen-7-7800x3d-raphael-am5-42ghz-8-core-boxed-processor-heatsink-not-included,0,125,98,1,1,19,0,16
https://www.bbc.com/news/world-europe-68322113,0,46,27,1,1,11,0,8
https://s0.2mdn.net/sadbundle/4066626005266993110/index.html,0,60,41,1,1,11,0,21
https://en.wikipedia.org/wiki/Like_a_Prayer_(album),0,51,27,1,1,16,0,0
https://smashboards.com/,0,24,1,0,1,15,0,0
https://store.steampowered.com/app/239350/Spelunky/,0,51,21,1,1,22,0,6
https://studio.youtube.com/channel/uc_c0ttd9xi6rcqkfva2amcw/videos,0,66,40,1,1,18,0,4
https://tx50000485.schoolwires.net/site/Default.aspx,0,52,18,1,1,26,0,8
https://www.newhavenct.gov/,0,27,1,1,1,18,0,0
https://en.wikipedia.org/wiki/Treason_(TV_series),0,49,25,1,1,16,0,0
https://en.wikipedia.org/wiki/PAGASA,0,36,12,1,1,16,0,0
https://www.longfonds.nl/zijn-mijn-klachten-erg/ik-voel-me-benauwd,0,66,42,1,1,16,0,0
https://www.redfin.com/blog/how-to-detect-a-gas-leak/,0,53,31,1,1,14,0,0
https://overviewbible.com/matthew/,0,34,9,0,1,17,0,0
https://en.wikipedia.org/wiki/WHSmith,0,37,13,1,1,16,0,0
www.investing.com/equities/facebook-inc,0,39,39,0,0,0,0,0
https://futurism.com/neoscope/scientists-warn-perfume,0,53,33,0,1,12,0,0
https://www.nytimes.com/2023/07/05/us/allison-mack-released-nxivm.html,0,70,47,1,1,15,0,8
https://www.maisongreen.com/,0,28,1,1,1,19,0,0
katana.so/blockdag-price-prediction-next-bull-run-analysis-2024/,0,64,64,0,0,0,0,4
https://adaa.org/find-help/treatment-help/types-of-therapy,0,58,42,0,1,8,0,0
https://chameleon-4-prod.s3.amazonaws.com/clients/50-651c31dfc8305/courses/672-654b8180eaef3/prod/index.html,0,108,67,2,1,33,1,24
https://www.microsoft.com/en-us/videoplayer/embed/re3avxy,0,57,32,1,1,17,0,1
https://www.nicholasdoverceramics.com/blog/why-buy-handmade-potterynbsp,0,71,34,1,1,29,0,0
https://www.tasteofhome.com/recipes/simple-lime-gelatin-salad/,0,62,35,1,1,19,0,0
help.disneyplus.com/article/disneyplus-price,0,44,44,0,0,0,0,0
https://www.verywellmind.com/what-is-sublimation-in-psychology-4172222,0,70,42,1,1,20,0,7
https://www.unboundmedicine.com/icd/view/ICD-10-CM/898638/all/Z48_815___Encounter_for_surgical_aftercare_following_surgery_on_the_digestive_system,0,146,115,1,1,23,0,13
https://www.thumbtack.com/k/mobile-notary/near-me,0,49,24,1,1,17,0,0
https://www.tvspielfilm.de/tv-programm/sendungen/jetzt.html,0,59,33,1,1,18,0,0
https://www.sinapsiweb.com/bianchidb/dashboard.aspx,0,51,25,1,1,18,0,0
https://www.linkedin.com/help/linkedin/answer/a525047,0,53,29,1,1,16,0,6
https://srv136.services.gc.ca/osr/pro/documentbundle/documentbundle/select,0,74,45,2,1,21,0,3
https://www.sband.org/members/invoice_view.asp,0,46,25,1,1,13,0,0
https://www.iheart.com/podcast/51-johnjay-rich-on-demand-27293201/,0,66,44,1,1,14,0,10
https://audit.scot/uploads/docs/report/2022/as_diversity_2022.pdf,0,65,47,0,1,10,0,8
https://www.bestbuy.com/site/otterbox/otterbox-samsung-galaxy-cases/pcmcat748300659034.c,0,88,65,1,1,15,0,12
https://www.mcphersonoil.com/products/diesel-exhaust-fluid/,0,59,31,1,1,20,0,0
https://learn.g2.com/overnight-shipping,0,39,19,1,1,12,0,1
https://community.caredge.com/c/start-here/caredge-manifesto,0,60,31,1,1,21,0,0
https://www.fleaflicker.com/mlb/leagues/1243,0,44,17,1,1,19,0,4
https://music.amazon.co.uk/popular,0,34,8,2,1,18,0,0
https://twitter.com/fox4wx,0,26,7,0,1,11,0,1
https://www.xnxx.com/search/girl%20showing%20pussy%20in%20public,0,64,44,1,1,12,0,8
https://identity.stewart-intl.com/ui/login,0,42,9,1,1,25,1,0
https://flow.portal.iit.edu/widgets/instagram/v1.html,0,53,26,2,1,19,0,1
https://dainagoyabuilding.com/floor/restaurant/366/,0,51,22,0,1,21,0,3
https://www.dictionary.com/browse/bolster,0,41,15,1,1,18,0,0
https://www.wholesomeyum.com/cauliflower-soup/,0,46,18,1,1,20,0,0
https://www.irv2.com/forums/f59/,0,32,12,1,1,12,0,3
https://www.mobilize.us/events/volunteer-online-right-now/,0,58,35,1,1,15,0,0
https://prau-pc.jp/word/outline3/,0,33,15,0,1,10,1,1
https://www1.uimn.org/ui_employer/ui/employer/maintain/employerdeterminations/employerdeterminations/linkfromdeterminationinittossnspecificactionitems,0,150,129,1,1,13,0,1
https://cacasa.org/glenn/,0,25,7,0,1,10,0,0
https://www.edmunds.com/used-ram-3500/,0,38,15,1,1,15,0,4
https://en.wikipedia.org/wiki/Super_Chief,0,41,17,1,1,16,0,0
https://www.facebook.com/awfulannouncing/,0,41,17,1,1,16,0,0
https://www.trustpilot.com/review/www.filtersfast.com,0,53,27,1,1,18,0,0
https://www.tickets-rome.com/colosseum/opening-hours/,0,53,25,1,1,20,1,0
https://bridges.mathlearningcenter.org/,0,39,1,1,1,30,0,0
https://lifleedsbs.criteriahub.io/btl/iframe/leedsbs-849382648/,0,63,30,1,1,25,0,9
https://www.eshirt.it/,0,22,1,1,1,13,0,0
https://widget-club.com/ja/article/iphone-app-reccomendation,0,60,37,0,1,15,1,0
https://www.socorrocounty.net/,0,30,1,1,1,21,0,0
https://www.instagram.com/strongwaifu/,0,38,13,1,1,17,0,0
https://onlb.lmcu.org/accountsummary/accounthistory,0,51,30,1,1,13,0,0
https://en.wikipedia.org/wiki/Tactile_paving,0,44,20,1,1,16,0,0
https://s-gents.com/collections/hats-wide-brim,0,46,27,0,1,11,1,0
https://minorasu.basf.co.jp/80340,0,33,6,2,1,19,0,5
https://www.jjneedles.com/needles-guide,0,39,14,1,1,17,0,0
https://www.youtube.com/@bellathewolf.,0,38,15,1,1,15,0,0
https://leechlake.org/fishing-report/,0,37,16,0,1,13,0,0
https://animals.sandiegozoo.org/animals/ostrich,0,47,16,1,1,23,0,0
https://www.webmd.com/drugs/2/drug-159458/salonpas-capsaicin-menthol-topical/details,0,84,63,1,1,13,0,7
https://www.photoroom.com/pt-pt/ferramentas/remover-fundo-de-imagem,0,67,42,1,1,17,0,0
https://www.hollenshades.com/what-does-it-mean-if-my-car-shakes-while-idling/,0,77,49,1,1,20,0,0
https://www.harpersbazaar.com/jp/fashion/celeb-fashion/a61893397/jennifer-lopez-birkin-jumpsuit-ben-affleck-son-samuel-240817-lift1-embed/,0,138,109,1,1,21,0,15
https://www.wunderground.com/maps/surface-analysis/48hr,0,55,27,1,1,20,0,2
https://www.kdor.ks.gov/apps/kcsc/secure/ct9part3.aspx,0,54,31,2,1,15,0,2
https://www.homedepot.com/b/Electrical-Home-Security-Security-Cameras/Blink/Wireless/N-5yc1vZc20vZrkoZ1z1zcma,0,109,84,1,1,17,0,6
https://en.wikipedia.org/wiki/Sex-determining_region_Y_protein,0,62,38,1,1,16,0,0
https://en.wikipedia.org/wiki/The_Last_Thing_He_Told_Me,0,55,31,1,1,16,0,0
https://mangolanguages.com/resources/learn/general/language-culture/the-real-story-behind-cinco-de-mayo-and-a-few-ways-you-can-celebrate,0,136,110,0,1,18,0,0
https://lawandorder.fandom.com/wiki/Lost_Reputation,0,51,21,1,1,22,0,0
https://cdnx.tribalfusion.com/media/13040380/creative_inframe_300_250.html,0,74,45,1,1,21,0,14
https://www.techadvisor.com/article/725446/how-to-turn-on-wifi-in-windows-10.html,0,81,54,1,1,19,0,8
https://www.nfl.com/100/originals/100-greatest/characters-13,0,60,41,1,1,11,0,8
https://www.jscappeal.com/blog/section-57-105-a-new-fee-shifting-statute/,0,73,48,1,1,17,0,5
https://arringtonvineyards.com/,0,31,1,0,1,22,0,0
https://www.thebalanceffxiv.com/jobs/melee/viper/basic-guide/,0,61,30,1,1,23,0,0
https://patch.com/pennsylvania/doylestown/obituaries,0,52,35,0,1,9,0,0
https://learn.microsoft.com/en-us/azure/defender-for-cloud/secure-score-security-controls,0,89,62,1,1,19,0,0
https://stringsmagazine.com/beyond-the-big-5-making-a-case-for-new-neglected-and-offbeat-concertos/,0,99,72,0,1,19,0,1
https://www.qd-design.co.uk/cpsess6842779999/frontend/jupiter/filemanager/index.html,0,84,57,2,1,19,1,10
https://docs.posit.co/ide/user/ide/guide/data/data-viewer.html,0,62,41,1,1,13,0,0
www.espn.com/nfl/team/_/name/pit/pittsburgh-steelers,0,52,52,0,0,0,0,0
https://www.edmunds.com/ford/ranger/2024/raptor/,0,48,25,1,1,15,0,4
https://www.nasaa.org/industry-resources/investment-advisers/resources/iar-reports/,0,83,62,1,1,13,0,0
https://www.nme.com/news/music/suge-knight-calls-out-jay-z-snoop-dogg-and-more-for-not-stepping-up-after-diddy-arrest-3797720,0,125,106,1,1,11,0,7
https://www.thestation66.com/menu,0,33,5,1,1,20,0,2
https://katapult.com/katapult-for-shoppers/shop/,0,48,28,0,1,12,0,0
https://www.amazon.com/king-size-piece-sheet-set/dp/b01lwmwaxv/ref,0,66,44,1,1,14,0,2
https://www.myvaccinelawyer.com/vaccine-injury-lawyer/resources/vaccine/flu/side-effects/arm-pain/,0,98,67,1,1,23,0,0
https://quadcitiesbusiness.com/qcbj-newsmakers-staples-thrives-in-grad-school-more-inmates-work-to-graduate/,0,108,78,0,1,22,0,0
www.instagram.com/UltaBeauty/,0,29,29,0,0,0,0,0
https://www.tomsguide.com/news/you-can-actually-upgrade-to-windows-11-without-a-tpm-heres-how,0,93,68,1,1,17,0,2
https://parade.com/shopping/nordstrom-rack-bcbg-shoulder-bag-sale,0,65,47,0,1,10,0,0
https://www.tripadvisor.com/Restaurant_Review-g34438-d11679627-Reviews-Publix-Miami_Florida.html,0,96,69,1,1,19,0,13
https://www.ciis-b.afr-web.co.jp/searchlettinglist/index,0,56,24,3,1,24,1,0
https://www.ikea.com/us/en/p/hemnes-daybed-frame-with-3-drawers-white-30349329/,0,79,59,1,1,12,0,9
https://www.otto.de/technik/fernseher/,0,38,19,1,1,11,0,0
https://aca-prod.accela.com/missoula/cap/capdetail.aspx,0,55,28,1,1,19,1,0
https://www.netflix.com/title/70228101,0,38,15,1,1,15,0,8
https://community.amazonquicksight.com/t/how-can-i-filter-a-pivot-table-based-on-a-calculated-field/24287,0,105,67,1,1,30,0,5
https://theporndude.com/top-latin-porn-tube-sites,0,49,26,0,1,15,0,0
https://www.merriam-webster.com/thesaurus/diabolical,0,52,21,1,1,23,1,0
https://www.collinsdictionary.com/us/dictionary/english/appreciate,0,66,33,1,1,25,0,0
https://www.theoakauctions.com/,0,31,1,1,1,22,0,0
https://tjmaxx.tjx.com/store/jump/topic/find-help/my-account/2400016,0,68,46,1,1,14,0,7
https://www.methodisthealthsystem.org/,0,38,1,1,1,29,0,0
https://online.greatergiving.com/pages/gotime/gotime.aspx,0,57,25,1,1,24,0,0
https://www.pixiv.net/en/artworks/101325187,0,43,22,1,1,13,0,9
https://myaudit.youracsa.ca/acsa/audits/audit-tool/navigator-items/worksite-interview-edit.aspx,0,95,68,1,1,19,0,0
https://www.cnfce.com/dossier/autorisation-conduite-caces,0,57,36,1,1,13,0,0
https://www.pbsnc.org/watch/pbs-nc-livestream/,0,46,25,1,1,13,0,0
https://www.history.com/topics/native-american-history/french-and-indian-war,0,76,53,1,1,15,0,0
https://www.darveys.com/blog/most-expensive-brand-of-shoes-in-the-world/,0,72,49,1,1,15,0,0
https://business.linkedin.com/talent-solutions/resources/how-to-hire-guides/butler/job-description,0,98,69,1,1,21,0,0
https://www.marketwatch.com/guides/personal-loans/25000-personal-loan/,0,70,43,1,1,19,0,5
https://www.weblio.jp/content/%E3%81%B2%E3%81%AA%E5%9E%8B,0,57,36,1,1,13,0,10
https://www.bsis.ca.gov/forms_pubs/pi_fact.shtml,0,48,25,2,1,15,0,0
https://www.goldenwokchineseerie.com/locations,0,46,10,1,1,28,0,0
https://applogin.jll.com/app/jll_adobeoieprodnewsamlglobala00001447_1/exk1za0h4vmuwgcru0h8/sso/saml,0,99,75,1,1,16,0,14
https://www.kxan.com/news/national-news/disney-hulu-max-streaming-bundle-officially-launches-see-how-much-it-costs/,0,115,95,1,1,12,0,0
https://www.mnsdistrict.org/locator-tools,0,41,14,1,1,19,0,0
https://queerpig.com/,0,21,1,0,1,12,0,0
https://accessitlibrary.com/,0,28,1,0,1,19,0,0
https://www.willmaster.com/blog/misc/country-name-abbreviations.php,0,67,41,1,1,18,0,0
https://www.nu.edu/blog/public-accounting-vs-private-accounting/,0,64,46,1,1,10,0,0
https://safetyadvice.ie/duties-of-the-client-in-construction-projects/,0,70,47,0,1,15,0,0
https://simple.wikipedia.org/wiki/Choir_(music),0,47,19,1,1,20,0,0
https://www.streetworksmn.org/how-long-can-you-stay-at-a-homeless-shelter/,0,74,45,1,1,21,0,0
https://brevard-county-clerk-of-court-public-records-search.govbackgroundchecks.com/,0,84,1,1,1,75,1,0
https://www.attomdata.com/property-reports/1516-barron-st-portsmouth-va-23704/13531512/,0,87,62,1,1,17,0,17
https://www.tipranks.com/etf/msty/dividends,0,43,19,1,1,16,0,0
https://www.onlinemba.com/resources/is-mba-right-for-someone-without-business-degree/,0,85,60,1,1,17,0,0
https://cjpearce.simprosuite.com/staff/customer.php,0,51,19,1,1,24,0,0
https://tdn.com/eedition/page-x99/page_4ced548a-1ba3-5307-abc3-0124f9ca9c85.html,0,80,65,0,1,7,0,21
https://scn.littlegreenlight.com/users/3439672,0,46,14,1,1,24,0,7
https://au.trustpilot.com/review/healthunlocked.com,0,51,26,1,1,17,0,0
http://pokemon.fandom.com/wiki/Kyurem,0,37,12,1,0,18,0,0
https://chaton.ai/,0,18,1,0,1,9,0,0
https://catedraldesantiago.es/en/cathedral/,0,43,14,0,1,21,0,0
https://www.allaccess.com/mediabase/q/report/yearToDate/format/H1/panel/R,0,73,48,1,1,17,0,1
https://www.yahoo.com/entertainment/miranda-lambert-ditching-booze-ahead-231429941.html,0,87,66,1,1,13,0,9
https://cddlrecycling.myyard.co.uk/transport/new_driver_sheets,0,62,28,2,1,26,0,0
https://docs.oracle.com/en/cloud/saas/netsuite/ns-online-help/section_4706661761.html,0,85,62,1,1,15,0,10
https://ramp.com/blog/what-are-depreciation-expenses,0,52,36,0,1,8,0,0
https://info.abboptical.com/hubfs/ABB%20Contact%20Lens/Acuvue%20Oasys%20w%20Transitions%20Discontinuation%20Letter.pdf,0,118,91,1,1,19,0,14
https://www.ebay.com/itm/365055251547,0,37,17,1,1,12,0,12
https://www.americanexpress.com/en-us/business/support/taxpayer-identification-number/,0,86,55,1,1,23,0,0
https://www.britannica.com/topic/Freemasonry,0,44,18,1,1,18,0,0
https://www.nibusinessinfo.co.uk/content/payment-terms-commonly-used-invoice-payment-terms-and-their-meanings,0,109,77,2,1,24,0,0
https://s0.2mdn.net/dfp/1778887/4673014284/1643283472958/index.html,0,67,48,1,1,11,0,32
https://outlook.office.com/hosted/semanticoverview/users('oidd8ff8f48-9ef1-4f30-89cb-f2d3f3a9c6f9@ed52845e-33dc-4175-8955-cd18576658ea'),0,136,110,1,1,18,0,40
https://www.catch-22.org.uk/,0,28,1,2,1,19,1,2
https://my.oregonregistryonline.org/career/pds/,0,47,12,1,1,27,0,0
https://www.yelp.com/biz/san-elijo-pediatric-dentistry-orthodontics-and-adults-too-san-marcos-2,0,95,75,1,1,12,0,1
https://www.unitedsiteservices.com/billpay/,0,43,9,1,1,26,0,0
https://www.nytimes.com/2024/10/16/us/politics/harris-democrats-fox-interview.html,0,82,59,1,1,15,0,8
https://www.espn.com/college-football/team/schedule/_/id/25/california-golden-bears,0,83,63,1,1,12,0,2
https://www.amazon.com/Perfect-Seasoning-Salads-Spicy-World/dp/B08FMRCV2R,0,73,51,1,1,14,0,3
https://www.facebook.com/CroghanColonial/,0,41,17,1,1,16,0,0
https://www.childwelfare.gov/resources/concurrent-planning-timely-permanency-children/,0,86,58,1,1,20,0,0
https://mashable.com/review/google-pixel-9,0,42,22,0,1,12,0,1
https://www.rtings.com/blender/tools/compare/nutribullet-blender-combo-vs-ninja-professional-plus-blender-with-auto-iq/8539/14425,0,129,107,1,1,14,0,9
https://www.columbusga.gov/elections/Voting/Absentee-Voting,0,59,33,1,1,18,0,0
https://saberespoder.com/en/articles/legal/requisitos-para-obtener-el-pasaporte-mexicano,0,88,64,0,1,16,0,0
https://comptroller.tn.gov/office-functions/pa/property-taxes/property-tax-programs/property-tax-freeze.html,0,108,82,1,1,18,0,0
https://www.hmhco.com/blog/benefits-of-small-group-instruction,0,62,41,1,1,13,0,0
https://www.nectarsleep.com/p/mattress-size-dimensions-guide,0,60,33,1,1,19,0,0
https://www.facebook.com/p/Camilla-Araujo-61554862530415/,0,57,33,1,1,16,0,14
https://trilltrill.jp/articles/3903302,0,38,17,0,1,13,0,7
https://www.profilesondemand.com/fpwebsignon/,0,45,13,1,1,24,0,0
https://www.westernsouthern.com/life-insurance/what-does-life-insurance-cover,0,77,46,1,1,23,0,0
https://www.simonrushby.com/post/georgia-on-my-mind-by-ray-charles-written-by-hoagy-carmichael,0,94,67,1,1,19,0,0
https://www.cruse.org.uk/understanding-grief/effects-of-grief/seeing-hearing-or-sensing-someone-who-has-died/,0,109,85,2,1,16,0,0
https://www.trane.com/residential/en/buyers-guide/hvac-basics/how-does-a-central-heating-cooling-system-work/,0,109,88,1,1,13,0,0
https://en.wiktionary.org/wiki/menial,0,37,12,1,1,17,0,0
https://cofanet.coface.com/subscriberviewinterface/home,0,55,29,1,1,18,0,0
https://yachtr.com/,0,19,1,0,1,10,0,0
https://www.pocketprep.com/posts/4-strategies-and-3-myths-about-multiple-choice-questions/,0,90,64,1,1,18,0,2
https://www.pjstar.com/obituaries/pils1066388,0,45,23,1,1,14,0,7
https://www.passionsante.be/article/fruits/les-bienfaits-de-la-cerise-sur-la-sante-34308,0,88,61,1,1,19,0,5
https://en.wikipedia.org/wiki/Pineville_North_Carolina,0,54,30,1,1,16,0,0
https://www.lightingdirect.com/outdoor-wall-lights/c73,0,54,24,1,1,22,0,2
https://www.eurogamer.net/bungie-sneaks-custom-marriage-proposal-into-destiny,0,77,52,1,1,17,0,0
https://www.rogerebert.com/reviews/close-your-eyes-film-review,0,62,36,1,1,18,0,0
https://dj.studio/blog/free-dj-software,0,39,22,0,1,9,0,0
https://news.yahoo.co.jp/articles/79fe21e5702acee1fdd424e4c54dfb3b1649c466,0,74,50,2,1,16,0,23
https://www.investors.com/news/carmax-stock-q3-carmax-earnings-carvana/,0,71,46,1,1,17,0,1
https://www.amazon.com/gp/product/b07fr1gd3c/ref,0,48,26,1,1,14,0,4
https://groww.in/p/what-is-ipo,0,30,14,0,1,8,0,0
https://www.idnotify.com/,0,25,1,1,1,16,0,0
https://canvas.sfc.edu/courses/28209/gradebook/speed_grader,0,59,37,1,1,14,0,5
https://www.doutorfinancas.pt/financas-pessoais/como-saber-se-tem-portagens-por-pagar-e-evitar-multas/,0,102,73,1,1,21,0,0
https://www.facebook.com/FathomEvents/,0,38,14,1,1,16,0,0
https://www.m.cafr.ebay.ca/sch/i.html,0,37,11,3,1,18,0,0
https://www.thewinesociety.com/my-account/,0,42,12,1,1,22,0,0
https://www.reddit.com/r/kindle/comments/vv7re7/downloaded_kindle_app_on_ipad_i_can_read_books/,0,95,73,1,1,14,0,2
https://liftoffcerts.com/checkout/,0,34,10,0,1,16,0,0
https://zapotitlan-de-mendez.gob.mx/,0,36,1,1,1,27,1,0
https://tidylady.net/pages/templett-editing-instructions,0,56,36,0,1,12,0,0
https://www.lifeonthemediterranean.com/portofino-italy-worth-a-visit/,0,69,31,1,1,30,0,0
https://manage.onecause.com/events/c554857e-fe13-4ab2-aa70-0af6b383cb6b,0,71,44,1,1,19,0,18
https://www.facebook.com/FemaleQuotient/posts/despite-women-gaining-the-right-to-vote-over-100-years-ago-financial-freedom-is-/869514175211594/,0,143,119,1,1,16,0,18
https://www.ipsosisay.com/ja-jp/user/login,0,42,17,1,1,17,0,0
https://www.nike.com/t/pittsburgh-steelers-sideline-team-issue-club-mens-pullover-hoodie-89dd94,0,95,75,1,1,12,0,4
https://www.schwab.com.sg/,0,26,1,2,1,17,0,0
https://securemail.quiltercheviot.com/formpostdir/securereader,0,62,25,1,1,29,0,0
https://www.landsend.com/products/womens-34-sleeve-lightweight-jersey-lattice-detail-top/id_387449,0,98,74,1,1,16,0,8
https://www.ri.gov/dmv/licenserenewal/motor_voter,0,49,31,1,1,10,0,0
https://www.royalcanin.com/us/cats/products/vet-products/urinary-so-3901,0,72,46,1,1,18,0,4
https://www.si.com/college-football/schedule,0,44,26,1,1,10,0,0
https://wellnessretreatrecovery.com/resources/etoh-ethanol-alcohol/,0,67,32,0,1,27,0,0
https://www.netwrix.com/cisco_commands_cheat_sheet.html,0,55,32,1,1,15,0,0
https://www.strapcode.com/blogs/watch-bands-classroom/watch-bands-what-is-the-standard-watch-band-width,0,103,78,1,1,17,0,0
https://theonlinegrill.com/how-to-clean-blackstone-griddle/,0,59,33,0,1,18,0,0
https://www.andersonmcdaniel.com/mailinglist,0,44,12,1,1,24,0,0
https://www.marriage.com/advice/relationship/three-day-rule-after-argument/,0,75,51,1,1,16,0,0
https://economictimes.indiatimes.com/definition/zar-south-african-rand,0,70,34,1,1,28,0,0
https://www.everythingcanamoffroad.com/ecc-blog/10-most-common-questions-about-the-canam-defender/,0,98,60,1,1,30,0,2
https://gununiversity.com/best-10mm-handguns/,0,45,20,0,1,17,0,2
https://www.sandiego.org/articles/north-county/carlsbad-california.aspx,0,71,47,1,1,16,0,0
https://www.monotaro.com/s/c-75838/,0,35,11,1,1,16,0,5
https://www.learngala.com/cases/redlining-ypsilanti/3,0,53,28,1,1,17,0,1
https://www.monotaro.com/s/c-78724/,0,35,11,1,1,16,0,5
https://finance.yahoo.com/news/decoding-hershey-co-hsy-strategic-050138824.html,0,79,54,1,1,17,0,9
https://www.uvm.edu/admissions/undergraduate/after-you-apply,0,60,41,1,1,11,0,0
https://apexfoot.com/mens/orthopedic-shoes/,0,43,23,0,1,12,0,0
https://www.robsonfuneralhome.com/obituaries,0,44,11,1,1,25,0,0
https://pango-gr.ada.support/chat/,0,34,6,1,1,20,1,0
https://conwylodgepark.co.uk/blog/holiday-lodge-ownership-in-the-uk,0,67,39,1,1,20,0,0
https://www.reddit.com/r/AskGameMasters/comments/ej5xe5/nonsense_riddles_with_no_answer/,0,88,66,1,1,14,0,2
https://www.koreanbapsang.com/kimchi-jjigae-kimchi-stew/,0,56,27,1,1,21,0,0
https://ca.finance.yahoo.com/currencies/,0,40,12,2,1,20,0,0
https://www.thegatessm.com/gia,0,30,4,1,1,18,0,0
https://www.redgifs.com/ifr/mixedunknownestuarinecrocodile,0,58,35,1,1,15,0,0
https://www.grandcanyondestinations.com/las-vegas-to-grand-canyon/,0,66,27,1,1,31,0,0
https://www.facebook.com/PlanoISD/,0,34,10,1,1,16,0,0
https://www.tiktok.com/discover/Icy-wyatt,0,41,19,1,1,14,0,0
https://archive.hayspost.com/2019/11/07/ellis-man-sentenced-to-24-years-for-fatal-shooting-in-hays/,0,99,71,1,1,20,0,10
https://www.njng.com/my-home/index.aspx,0,39,19,1,1,12,0,0
https://baciomn.com/,0,20,1,0,1,11,0,0
https://www.facebook.com/@TradeAPlane/,0,38,14,1,1,16,0,0
https://www.chippewacountywi.gov/government/clerk-of-courts,0,59,27,1,1,24,0,0
https://www.ebay.com/itm/296591247912,0,37,17,1,1,12,0,12
https://notary.co.uk/services/apostille/,0,40,20,1,1,12,0,0
https://bingo.bitrhymes.com/apps/bingo/facebook/app/index.php,0,61,34,1,1,19,0,0
www.wattpad.com/user/b1ana_vack3r/conversations,0,47,47,0,0,0,0,2
https://www.britannica.com/biography/Augustus-Roman-emperor,0,59,33,1,1,18,0,0
https://www.rockymountaineer.com/train-routes/rockies-red-rocks,0,63,31,1,1,24,0,0
https://jobs.baesystems.com/global/en/c/engineering-technology-jobs,0,67,40,1,1,19,0,0
https://www.liveauctioneers.com/auctioneer/768/green-valley-auctions-jeffrey-s-evans-and-assoc/,0,95,64,1,1,23,0,3
https://en.wikipedia.org/wiki/Academy_Stadium,0,45,21,1,1,16,0,0
https://www.barrons.com/market-data/stocks/fdx,0,46,23,1,1,15,0,0
https://www.projectdoordrop.com/,0,32,1,1,1,23,0,0
https://www.usajobs.gov/applicant/application/applyhistorypost/,0,63,40,1,1,15,0,0
https://www.merriam-webster.com/dictionary/pensive,0,50,19,1,1,23,1,0
https://en.wikipedia.org/wiki/James_Austin_Johnson,0,50,26,1,1,16,0,0
https://www.ncbi.nlm.nih.gov/books/NBK557747/,0,45,17,3,1,20,0,6
https://www.belogin.directories.be.ch/smstan/gui/loginupgrade,0,61,24,3,1,29,0,0
https://www.racingpost.com/racecards/4/bangor-on-dee/2024-10-29/877741,0,70,44,1,1,18,0,15
https://sc.edu/about/offices_and_divisions/fraternity_and_sorority_life/documents/bac-charts1617.pdf,0,100,86,0,1,6,0,4
https://eforms.com/rental/tx/texas-standard-residential-lease-agreement-template/,0,81,63,0,1,10,0,0
https://templatearchive.com/employment-application/,0,51,24,0,1,19,0,0
https://www.ato.gov.au/tax-and-super-professionals/digital-services/in-detail/online-services-for-agents-user-guide/accounts-and-payments/tax-accounts,0,150,128,2,1,14,0,0
https://www.dsp3000.games/chapter2/game/maria38.html,0,52,27,1,1,17,0,7
https://www.vividseats.com/utah-hockey-team-tickets--sports-nhl-hockey/performer/187727,0,87,61,1,1,18,0,6
https://www.shotgunworld.com/threads/perfect-pattern-hodgdon.573424/,0,68,40,1,1,20,0,6
https://keepthescore.com/wordpress/rhykwknkvtdvr/,0,49,25,0,1,16,0,0
https://podcasts.apple.com/it/podcast/la-zanzara/id291100561,0,60,34,1,1,18,0,9
https://www.libertyplanets.com/articles/taylor-swifts-new-surprising-endorsement-for-president/,0,95,65,1,1,22,0,0
https://s0.2mdn.net/sadbundle/4133953116087033749/index.html,0,60,41,1,1,11,0,21
https://www.zoho.com/sites/,0,27,7,1,1,12,0,0
https://www.thewindowsclub.com/printer-icon-not-showing-devices-printers-windows-10,0,83,53,1,1,22,0,2
https://www.kissonline.com/welcome,0,34,8,1,1,18,0,0
https://ja.wikipedia.org/wiki/%E3%82%A6%E3%83%8A%E3%82%AE%E3%83%BB%E3%82%B5%E3%83%A4%E3%82%AB,0,93,69,1,1,16,0,25
https://www.reddit.com/r/borderlands3/comments/leolzg/i_figured_out_who_the_psycho_on_the_cover_is_its/,0,103,81,1,1,14,0,1
https://www.twinspires.com/bet/program/video/aus-rockhampton/l21/thoroughbred/3/advanced,0,88,62,1,1,18,0,3
https://en.wikipedia.org/wiki/Magic_Chef,0,40,16,1,1,16,0,0
https://www.understood.org/en/articles/when-do-kids-learn-to-read,0,65,39,1,1,18,0,0
https://china.psim.us/,0,22,1,1,1,13,0,0
https://cookesrecipes.com/cranberry-turkey-sliders-recipe/,0,58,33,0,1,17,0,0
https://moneypuck.com/goalies.htm,0,33,12,0,1,13,0,0
https://tides4fishing.com/,0,26,1,0,1,17,0,1
https://www.nytimes.com/live/2023/06/06/sports/pga-liv-golf-merger,0,66,43,1,1,15,0,8
https://www.onstella.com/the-latest/hrt/different-types-of-hrt-which-is-right-for-you/,0,86,62,1,1,16,0,0
https://pcianorthtexas.com/,0,27,1,0,1,18,0,0
https://www.idealista.it/affitto-case/padova-padova/,0,52,28,1,1,16,0,0
https://www.good-gay.tv/,0,24,1,1,1,15,1,0
https://www.calm.com/blog/hand-positions-for-meditation,0,55,35,1,1,12,0,0
https://mobilemusthave.com/pages/roamlink,0,41,15,0,1,18,0,0
https://www.facebook.com/ncbi.nlm/,0,34,10,1,1,16,0,0
https://www.niles71.org/,0,24,1,1,1,15,0,2
https://www.golfetail.com/puma-gs-one-spikeless-waterproof-golf-shoe/,0,69,44,1,1,17,0,0
https://www.effinghamcounty.org/,0,32,1,1,1,23,0,0
https://www.ftanjsp.org/home/,0,29,6,1,1,15,0,0
https://xhamster.com/tags/big-tit-lesbians,0,42,22,0,1,12,0,0
https://en.wikipedia.org/wiki/Western_blot,0,42,18,1,1,16,0,0
https://sos.ks.gov/publications/register/2014/Vol_33_No_35_August_28_2014_July_2014_Forfeitures.pdf,0,99,81,1,1,10,0,18
https://fr.wikipedia.org/wiki/Montpellier,0,41,17,1,1,16,0,0
https://onbase-preauth.tasb.org/appnetobauth/workflow/workflowviewer.aspx,0,73,42,1,1,23,1,0
https://www.lawsonstate.edu/current_students/mylawson/default.aspx,0,66,39,1,1,19,0,0
https://dhfo201562.matrixcare.com/fax/patientdocumentview!removepageordocument.action,0,85,52,1,1,25,0,6
https://evernote.com/Login.action,0,33,13,0,1,12,0,0
https://avatar.fandom.com/wiki/Azula,0,36,11,1,1,17,0,0
https://www.nutritioncaremanual.org/,0,36,1,1,1,27,0,0
https://www.adoptapet.com/s/adopt-a-dog/idaho/boise,0,51,26,1,1,17,0,0
https://openstax.org/books/university-physics-volume-1/pages/9-2-impulse-and-collisions,0,87,67,0,1,12,0,3
www.garnethill.com/bedding-home/,0,32,32,0,0,0,0,0
https://www.simplifia.fr/avis-de-deces/departement/orne-61,0,58,34,1,1,16,0,2
https://pureinfotech.com/find-wifi-password-windows-11/,0,55,31,0,1,16,0,2
https://www.tiktok.com/embed/v2/7410831604098125087,0,51,29,1,1,14,0,20
https://blog.hobartcorp.com/blog/when-should-you-replace-your-mixer,0,67,40,1,1,19,0,0
https://local.fedex.com/en-us/sc,0,32,9,1,1,15,0,0
https://preply.com/en/question/cousin-slang-word,0,48,30,0,1,10,0,0
https://visitingmedia.com/,0,26,1,0,1,17,0,0
https://www.vocabulary.com/dictionary/broach,0,44,18,1,1,18,0,0
https://ethnomed.org/resource/nutrition-and-fasting-in-vietnamese-culture/,0,74,54,0,1,12,0,0
https://www.sbishinseibank.co.jp/v/,0,35,3,2,1,24,0,0
https://www.mathewsfuneralhome.com/,0,35,1,1,1,26,0,0
https://www.senioradvisor.com/lp/find-senior-living-vb,0,54,25,1,1,21,0,0
https://flixtor.se/watch/tv/11297715/the-way-home,0,49,31,0,1,10,0,8
https://xiaoxintv.cc/index.php/vod/type/id/6.html,0,49,29,0,1,12,0,1
https://www.veterans-in-blue.af.mil/Veterans/Veterans-in-Blue-Volume-1/Display/Article/757608,0,93,58,2,1,27,1,7
https://www.ekiren.co.jp/annai/reservation,0,42,18,2,1,16,0,0
https://www.recipetineats.com/hamburger-recipe/,0,47,18,1,1,21,0,0
https://sakurazaka46.com/s/s46/diary/detail/57426,0,49,25,0,1,16,0,9
https://osportal.windstream.com/auth/p/overview,0,47,16,1,1,23,0,0
https://tfl.gov.uk/corporate/careers/,0,37,19,1,1,10,0,0
https://www.eltafans.asia/indoor-plants-and-the-nasa-air-quality-study/,0,71,46,1,1,17,0,0
https://www.citizensinformation.ie/en/health/drugs-and-medicines/cross-border-prescriptions/,0,92,58,1,1,26,0,0
https://www.tpminsight.com/home/welcome/index.html,0,50,24,1,1,18,0,0
https://www.harpersbazaar.com/culture/film-tv/a38552863/lucien-laviscount-emily-in-paris-interview/,0,99,70,1,1,21,0,8
https://ir.workhorse.com/stock-data/quote,0,41,17,1,1,16,0,0
https://www.atptour.com/en/news,0,31,8,1,1,15,0,0
https://www.lrc.rpi.edu/programs/solidstate/assist/pdf/undercabinet1.pdf,0,72,49,2,1,15,0,1
https://www.hugheseye.com/,0,26,1,1,1,17,0,0
https://en.wikipedia.org/wiki/Carlsbad_New_Mexico,0,49,25,1,1,16,0,0
https://news.yahoo.co.jp/articles/936cd0bfd85854088fa7b95f5a78f228b63a490d,0,74,50,2,1,16,0,26
https://www.popsci.com/technology/window-washing-robot-skyscrapers/,0,67,45,1,1,14,0,0
https://www.specialolympics.org/about/intellectual-disabilities/how-to-speak,0,76,45,1,1,23,0,0
https://www.health.com/best-face-wash-for-acne-6825264,0,54,32,1,1,14,0,7
https://www.toppr.com/guides/biology/biotechnology/,0,51,30,1,1,13,0,0
https://rmhcsd.org/,0,19,1,0,1,10,0,0
https://en.wikipedia.org/wiki/Heritage_Bank,0,43,19,1,1,16,0,0
https://stackoverflow.com/questions/66166463/how-to-draw-route-between-multiple-points-in-google-maps,0,101,76,0,1,17,0,8
https://www.digitalcitizen.life/first-steps-working-task-scheduler/,0,67,36,1,1,23,0,0
https://www.gematsu.com/games/nunholy,0,37,14,1,1,15,0,0
https://www.fordlibrarymuseum.gov/the-fords/gerald-r-ford/facts-and-favorites,0,77,44,1,1,25,0,0
https://www.lanebryant.com/swing-split-neck-mesh-top/prd-408490.html,0,68,42,1,1,18,0,6
https://www.nhs.uk/medicines/oxycodone/side-effects-of-oxycodone/,0,65,47,1,1,10,0,0
s-static.innovid.com/display/uploads/188500/991217/1708630748223/s/300x250/index.html,0,85,85,0,0,0,0,31
https://www.oregon.gov/oha/ph/birthdeathcertificates/getvitalrecords/pages/fees.aspx,0,84,62,1,1,14,0,0
https://jolynneshane.com/what-shoes-to-wear-with-a-black-dress.html,0,67,43,0,1,16,0,0
https://www.statmuse.com/mlb/ask/orioles-record-in-last-30-games,0,64,40,1,1,16,0,2
https://www.bhg.com/how-to-plant-and-grow-rose-of-sharon-8302881,0,64,45,1,1,11,0,7
https://www.eporner.com/search/freeuse/,0,39,16,1,1,15,0,0
https://www.salestaxhandbook.com/north-carolina/rates,0,53,21,1,1,24,0,0
https://www.merriam-webster.com/thesaurus/enforced,0,50,19,1,1,23,1,0
https://quickbooks.intuit.com/learn-support/en-us/help-article/invoicing/create-invoices-quickbooks-online/L7gSzvCld_US_en_US,0,125,96,1,1,21,0,1
https://newbirth.org/give/,0,26,6,0,1,12,0,0
https://www.techradar.com/how-to/nvidia-drivers-how-to-update-and-install-the-latest-nvidia-graphics-drivers,0,108,83,1,1,17,0,0
https://hi-009-c.ggastrocloud.com/ggastro/application/imaging/document/edit.aspx,0,80,47,1,1,25,1,3
https://onesaas.intuit.com/start/quickbooksonline/provision,0,59,33,1,1,18,0,0
https://learn.microsoft.com/en-us/bingmaps/getting-started/google-maps-to-bing-maps-migration-guide/key-features-in-bing-maps,0,125,98,1,1,19,0,0
https://www.wedu.org/schedule/,0,30,10,1,1,12,0,0
https://pcusa.org/about-pcusa/agencies-entities/interim-unified-agency/ministry-areas/disaster-assistance,0,105,88,0,1,9,0,0
https://www.triloksteel.com/stainless-steel-tubing-dimensions.html,0,66,39,1,1,19,0,0
https://www.kltv.com/news/,0,26,6,1,1,12,0,0
https://finance.yahoo.com/quote/bwa/,0,36,11,1,1,17,0,0
https://www.ucheck.co.uk/blogs/ucheck-login-page-launch/,0,56,32,2,1,16,0,0
https://community.netgear.com/t5/Nighthawk-with-WiFi-6-AX-and/retrieving-Admin-password/td-p/2361637,0,100,71,1,1,21,0,9
https://www.youtube.com/@joelle_legg,0,36,13,1,1,15,0,0
https://www.mof.go.jp/zaisei/current-situation/index.html,0,57,36,2,1,13,0,0
https://1800unlocks.com/auto-locksmith/key-fob-programming/,0,59,36,0,1,15,0,4
https://www.oxfordlearnersdictionaries.com/definition/english/separate_2,0,72,30,1,1,34,0,1
https://www.rawstory.com/trump-sued-central-park-five/,0,54,30,1,1,16,0,0
https://fox40.com/news/your-local-election-headquarters/california-prop-3-voters-pass-constitutional-right-to-marriage-amendment-to-state-constitution/,0,151,134,0,1,9,0,3
https://cdhs.colorado.gov/dds,0,29,4,1,1,17,0,0
https://www.merriam-webster.com/dictionary/antebellum,0,53,22,1,1,23,1,0
https://arcadespot.com/game/pokemon-emerald-version/,0,52,30,0,1,14,0,0
https://www.geocaching.com/account/signin,0,41,15,1,1,18,0,0
https://somethingnutritiousblog.com/branzino-with-citrus-olive-salsa/,0,69,34,0,1,27,0,0
https://arcb.com/shippers/tools,0,31,15,0,1,8,0,0
https://www.vvsochbad.se/tips-guider/montering-av-toaletter,0,59,35,1,1,16,0,0
https://microdothelmet.co/blogs/news-events/how-long-to-motorcycle-helmets-last-a-comprehensive-guide,0,101,76,0,1,17,0,0
https://www.britannica.com/event/Hundred-Years-War,0,50,24,1,1,18,0,0
https://www.johnrich.com/,0,25,1,1,1,16,0,0
https://sports.yahoo.com/channel-jets-vs-patriots-watch-184142296.html,0,70,46,1,1,16,0,9
https://propertymetrics.com/blog/30-360-vs-actual-360-vs-actual-365/,0,68,41,0,1,19,0,11
https://www.workmarket.com/assignments/details/2858976090,0,57,31,1,1,18,0,10
https://www.thoroughbreddailynews.com/live/,0,43,6,1,1,29,0,0
https://dictionary.cambridge.org/dictionary/english/trek,0,56,24,1,1,24,0,0
https://www.yugioh-card.com/eu/play/card-legality/,0,50,23,1,1,19,1,0
https://www.sinonimi-contrari.it/fissare,0,40,8,1,1,24,1,0
https://www.physio-pedia.com/Mini-Mental_State_Examination,0,58,30,1,1,20,1,0
https://s0.2mdn.net/sadbundle/11768943658241044322/index.html,0,61,42,1,1,11,0,22
https://swantonstreetdiner.net/savory-facts-about-french-onion-soup-food-near-me/,0,81,51,0,1,22,0,0
https://pharmaclik-login.mckesson.ca/signin,0,43,7,1,1,28,1,0
https://en.wikipedia.org/wiki/Dodge_Charger,0,43,19,1,1,16,0,0
https://store.statesidevodka.com/collections/surfside,0,53,21,1,1,24,0,0
https://manage.accuwebhosting.com/knowledgebase/3897/How-to-check-shutdown-and-reboot-logs-in-Windows-servers.html,0,114,81,1,1,25,0,4
https://www.tipranks.com/stocks/ir/ownership,0,44,20,1,1,16,0,0
https://www.nrpfnetwork.org.uk/information-and-resources/rights-and-entitlements/immigration-status-and-entitlements/who-has-no-recourse-to-public-funds,0,152,122,2,1,22,0,0
https://www.dictionary.com/browse/attestation,0,45,19,1,1,18,0,0
https://goldplaza.jp/gold/rate,0,30,10,0,1,12,0,0
https://www.passeportsante.net/magazine/nutrition,0,49,19,1,1,22,0,0
https://rvingusa.com/,0,21,1,0,1,12,0,0
https://www.hellofresh.co.uk/store,0,34,6,2,1,20,0,0
https://www.collinsdictionary.com/dictionary/english/wo,0,55,22,1,1,25,0,0
https://www.innerbody.com/best-prostate-massager,0,48,23,1,1,17,0,0
https://www.richardsonlissack.co.uk/publication/are-umbrella-companies-legal/,0,77,42,2,1,27,0,0
https://www.nj.gov/humanservices/dmahs/clients/medicaid/,0,56,38,1,1,10,0,0
https://www.southernshores.com/site-search/,0,43,13,1,1,22,0,0
https://updf.com/knowledge/fix-cant-save-pdf/,0,45,29,0,1,8,0,0
https://oils.legalserver.org/matter/dynamic-profile/view/51084,0,62,34,1,1,20,0,5
https://www.ancient-origins.net/news-history-archaeology/clovis-hunting-camp-michigan-0021420,0,93,62,1,1,23,1,7
https://theblacktux.com/blog/wedding-attire-for-men/,0,52,29,0,1,15,0,0
https://www.webmd.com/mental-health/what-is-altered-mental-status,0,65,44,1,1,13,0,0
https://enterprisecafe.com/ecinfov2/index.html,0,46,20,0,1,18,0,1
https://www.quartierdix30.com/store/reitmans/,0,45,16,1,1,21,0,2
https://www.argos.co.uk/product/9647079,0,39,16,2,1,15,0,7
mybestbuyredemptionsite.com/welcome,0,35,35,0,0,0,0,0
https://www.forbes.com/advisor/business/software/best-antivirus-software/,0,73,51,1,1,14,0,0
https://www.weblio.jp/content/%E5%BE%8C%E3%82%8C%E9%A6%B3%E3%81%9B%E3%81%AA%E3%81%8C%E3%82%89,0,93,72,1,1,13,0,25
https://www.ultimedia.com/deliver/generic/iframe/mdtk/01499695/zone/29/src/x5zvqm5,0,82,57,1,1,17,0,12
https://www.bonnellford.com/,0,28,1,1,1,19,0,0
https://biggreenegg.com/egg-works/,0,34,11,0,1,15,0,0
https://www.heavy-r.com/free_porn/mom-incest.html,0,49,26,1,1,15,1,0
https://www.wmta.org/live-west-michigan-camera-gallery/drummond-island-ferry-dock-west-michigan-live-camera/,0,108,88,1,1,12,0,0
https://www.alzheimers.org.uk/about-dementia/types-dementia/symptoms-vascular-dementia,0,86,57,2,1,21,0,0
https://www.sailpoint.com/products/identity-security-software/identity-iq,0,73,48,1,1,17,0,0
https://www.securitybenefit.com/splash-page,0,43,12,1,1,23,0,0
https://en.wikipedia.org/wiki/Merbromin,0,39,15,1,1,16,0,0
https://www.facebook.com/iansomerhalderofficial/,0,48,24,1,1,16,0,0
https://nedhardy.com/2024/10/18/historical-photos/,0,50,30,0,1,12,0,8
https://www.makeuseof.com/what-is-microsoft-365-copilot/,0,56,31,1,1,17,0,3
https://www.investopedia.com/articles/personal-finance/050515/purpose-social-security-form-ss5.asp,0,98,70,1,1,20,0,7
https://www.reddit.com/r/askphilosophy/comments/111pp57/tips_for_increasing_critical_thinking_skills/,0,101,79,1,1,14,0,5
https://www.medicalnewstoday.com/articles/323138,0,48,16,1,1,24,0,6
https://www.netflix.com/watch/81616252,0,38,15,1,1,15,0,8
https://www.accountinfo.com/systemsandservices/controller.asp,0,61,34,1,1,19,0,0
s0.2mdn.net/sadbundle/13979823925543201731/index.html,0,53,53,0,0,0,0,22
https://medlineplus.gov/genetics/understanding/traits/intelligence/,0,67,44,0,1,15,0,0
https://www.ilgiorno.it/lecco,0,29,6,1,1,15,0,0
https://bnimidamerica.com/en-US/bniconnect,0,42,17,0,1,17,0,0
https://www.merriam-webster.com/dictionary/segue,0,48,17,1,1,23,1,0
https://www.neworleanssaints.com/team/coaches-roster/darren-rizzi,0,65,33,1,1,24,0,0
https://www.nta.go.jp/taxes/shiraberu/shinkoku/r3_smart_shinkoku/index.htm,0,74,53,2,1,13,0,1
https://app.cetus.zone/swap/,0,28,6,1,1,14,0,0
https://www.wordhelp.com/scrabble/dictionary/,0,45,21,1,1,16,0,0
www.miltonkeynes.co.uk/news/traffic-and-travel,0,46,46,0,0,0,0,0
https://www.wslhd.health.nsw.gov.au/,0,36,1,4,1,27,0,0
https://lesbify.com/videos/mature/,0,34,15,0,1,11,0,0
https://www.corpnet.com/blog/llc-vs-pllc/,0,41,18,1,1,15,0,0
https://s0.2mdn.net/sadbundle/795579227293472314/washington-trust-bank-hold-deposit-b-300x600/index.html,0,104,85,1,1,11,0,26
https://www.sterkfamilylaw.com/what-happens-to-firearms-when-people-die/,0,72,42,1,1,22,0,0
https://prd-medweb-cdn.s3.amazonaws.com/documents/womensimaging/files/ultrascreencorrectbrochure.pdf,0,100,61,2,1,31,1,1
https://mocoshow.com/2024/01/22/loyalty-bookstores-is-moving-its-silver-spring-location/,0,88,68,0,1,12,0,8
https://www.howtogeek.com/264181/what-is-the-aboutblank-page-in-web-browsers-for/,0,81,56,1,1,17,0,6
https://resourceemployment.com/pages/the-evolution-of-dei-trends-and-priorities-for-2024-and-beyond,0,99,69,0,1,22,0,4
https://www.fixr.com/comparisons/tile-vs-laminate-flooring,0,58,38,1,1,12,0,0
https://app.procore.com/2983602/project/home,0,44,21,1,1,15,0,7
https://www.tn.gov/health/cedep/immunization-program/ip/tenniis.html,0,68,50,1,1,10,0,0
https://www.youngminds.org.uk/parent/parents-a-z-mental-health-guide/self-esteem/,0,81,52,2,1,21,0,0
https://www.spglobal.com/marketintelligence/en/news-insights/latest-news-headlines/fed-likely-to-cut-rates-again-this-month-as-2025-view-grows-more-cloudy-86639995,0,163,139,1,1,16,0,12
https://people.com/love-horoscope-october-2024-8721195,0,54,36,0,1,10,0,11
https://www.xvideos.com/tags/rule-34,0,36,13,1,1,15,0,2
https://en.wikipedia.org/wiki/Alaska_Air_Group,0,46,22,1,1,16,0,0
https://bizwind.co.jp/blog/business-efficiency/sharepoint/,0,58,37,1,1,13,0,0
https://www.linkedin.com/company/bank-of-america-private-bank,0,61,37,1,1,16,0,0
https://midlandisd.tedk12.com/hire/index.aspx,0,45,16,1,1,21,0,2
https://www.nordic.com/omega-3s/,0,32,10,1,1,14,0,1
https://app.tradervue.com/dashboard,0,35,10,1,1,17,0,0
https://www.statista.com/statistics/276506/change-in-us-car-demand-by-vehicle-type/,0,83,59,1,1,16,0,6
https://host.nxt.blackbaud.com/fin-reporting/chartorganizer,0,59,29,2,1,22,0,0
https://www.churchofjesuschrist.org/study/manual/gospel-topics/kingdoms-of-glory,0,80,45,1,1,27,0,0
https://search.hloginassistant.co/,0,34,1,1,1,25,0,0
https://www.southeastchristian.org/churchnews,0,45,11,1,1,26,0,0
https://www.tripadvisor.com/Hotel_Review-g53806-d7355037-Reviews-Camelback_Resort-Tannersville_Pocono_Mountains_Region_Pennsylvania.html,0,136,109,1,1,19,0,12
https://www.opentable.com/metro/seattle-restaurants,0,51,26,1,1,17,0,0
https://www.businessinsider.com/kevin-costner-christine-baumgartner-relationship-timeline-marriage-divorce-2023-5,0,113,82,1,1,23,0,5
https://shokz.com/collections/wireless,0,38,21,0,1,9,0,0
https://emedicine.medscape.com/article/1260663-treatment,0,56,26,1,1,22,0,7
https://findcaresecure.anthem.com/,0,34,1,1,1,25,0,0
https://partner.cloudskillsboost.google/,0,40,1,1,1,31,0,0
https://www.ice-gay.com/884721/andolinixxl-dominates-french-whore/,0,66,43,1,1,15,1,6
https://www.yahoo.com/news/joe-biden-granddaughter-naomi-biden-233227171.html,0,77,56,1,1,13,0,9
https://www.swinglifestyle.com/profile/index.cfm,0,48,18,1,1,22,0,0
https://news.yahoo.com/news/trump-plans-york-press-conference-150621393.html,0,76,54,1,1,14,0,9
https://www.pro-football-reference.com/players/K/KincDa00.htm,0,61,23,1,1,30,1,2
screenrant.com/orville-show-why-halston-sage-left/,0,50,50,0,0,0,0,0
https://tools.pdf24.org/en/ppt-to-pdf,0,37,14,1,1,15,0,2
https://www.facebook.com/MaggiesFarmFillmore/,0,45,21,1,1,16,0,0
https://kenko.sawai.co.jp/theme/201912.html,0,43,18,2,1,17,0,6
https://thednageek.com/the-hicks-babies/,0,40,18,0,1,14,0,0
https://fanpla.jp/fanplus_news/detail/892,0,41,24,0,1,9,0,3
https://www.radiotimes.com/tv/entertainment/reality-tv/the-traitors-next-on-bbc/,0,80,54,1,1,18,0,0
https://www.tiktok.com/@themoneymichelle,0,40,18,1,1,14,0,0
https://woodcareproducts.ie/the-ultimate-guide-to-miele-vacuum-bags/,0,68,41,0,1,19,0,0
https://sfm.illinois.gov/about/divisions/fire-prevention-and-building-safety/ast.html,0,85,61,1,1,16,0,0
https://www.michaelpage.co.uk/advice/career-advice/job-interview-tips/how-answer-what-are-your-salary-expectations,0,114,85,2,1,21,0,0
https://www.hp.com/us-en/shop/mdp/laptops/pavilion-15-344522--1,0,63,45,1,1,10,0,9
https://leafyplace.com/dwarf-conifers/,0,38,16,0,1,14,0,0
https://www.petfinder.com/search/cats-for-adoption/us/ky/40517/,0,63,38,1,1,17,0,5
https://www.nfl.com/players/james-conner/,0,41,22,1,1,11,0,0
https://chiropractorinoviedo.com/blog/are-chiropractors-doctors/,0,64,32,0,1,24,0,0
https://finance.yahoo.com/quote/deck/history/,0,45,20,1,1,17,0,0
https://tjmaxx.tjx.com/store/jump/product/14kt-gold-hoop-earrings/1000983095,0,76,54,1,1,14,0,12
https://www.tescomobile.com/help/getting-started/setting-up-your-device/swapping-your-sim,0,89,62,1,1,19,0,0
https://www.wunderground.com/weather/ca/mackenzie,0,49,21,1,1,20,0,0
https://www.marychapincarpenter.com/,0,36,1,1,1,27,0,0
https://www.solereview.com/comfortable-dress-shoes-for-men/,0,59,33,1,1,18,0,0
https://americanvinylco.com/,0,28,1,0,1,19,0,0
https://www.t-mobile.com/devices/new-apple-iphone-16-pro-release,0,64,40,1,1,16,1,2
https://www.justanswer.com/laptop/mva76-windows-10-will-not-show-full-screen-anymore.html,0,89,63,1,1,18,0,4
https://www.serenewestern.com/collections/rings,0,47,18,1,1,21,0,0
https://tomcat.apache.org/,0,26,1,1,1,17,0,0
https://www.freeagent.com/glossary/close-company/,0,49,24,1,1,17,0,0
https://www.schwab.com/costs-of-investing,0,41,19,1,1,14,0,0
https://www.facebook.com/mohegansun/posts/mohegan-sun-was-the-place-to-be-last-sunday-night-as-3-lucky-winners-walked-away/874852094674847/,0,139,115,1,1,16,0,16
https://en.wikipedia.org/wiki/John_McLaughlin_(musician),0,56,32,1,1,16,0,0
https://www.adb.org/where-we-work/mongolia/poverty,0,50,31,1,1,11,0,0
https://cfspart.impots.gouv.fr/tdir/dec2042.html,0,48,18,2,1,22,0,4
https://www.parents.fr/accouchement/accoucher/les-imprevus-de-l-accouchement/le-point-sur-la-macrosomie-foetale-916373,0,118,96,1,1,14,0,6
https://www.scottjailky.com/Inmate_Services.html,0,48,21,1,1,19,0,0
https://beckerlawyers.com/wp-content/uploads/2021/06/Practical-Guidance-Commercial-Real-Estate-Development-FL.pdf,0,113,88,0,1,17,0,6
https://www.equian.com/wp-content/uploads/Equian_healthcare_subrogation_ebook.pdf,0,81,59,1,1,14,0,0
https://pgcps-md.safeschools.com/training/launch/course_work/1126eb76-598a-11ef-8069-9ec297abcf9a,0,97,65,1,1,24,1,20
https://en.wikipedia.org/wiki/Anne_Bancroft,0,43,19,1,1,16,0,0
https://www.ry.com.au/brands/the-ordinary.list,0,46,25,2,1,13,0,0
https://xhamster.com/shemale/search/testicle,0,44,24,0,1,12,0,0
https://www.zamzar.com/convert/m4a-to-mp3/,0,42,20,1,1,14,0,2
https://www.nicewebshinsei.net/sagacat/system/bukken/list,0,57,27,1,1,22,0,0
https://www.youtube.com/@SaturdayDownSouth1,0,43,20,1,1,15,0,1
https://www.axios.com/2023/10/16/daily-wire-streaming-kids-bentkey-disney,0,73,52,1,1,13,0,8
https://www.geeksforgeeks.org/probability-distribution-function/,0,64,35,1,1,21,0,0
https://www.excel-easy.com/examples/profit-margin.html,0,54,28,1,1,18,1,0
https://www.pensionplanetinteractive.ie/ppi/login/loginflow.login,0,65,26,1,1,31,0,0
https://www.riskeducation.org/learn/local/scicpages/my_courses.php,0,66,37,1,1,21,0,0
https://comptroller.texas.gov/transparency/local/cities.php,0,59,30,1,1,21,0,0
https://apps.microsoft.com/detail/9nblggh69k6k,0,46,20,1,1,18,0,4
https://b2c.zeiss.com/b2c.zeiss.com/b2c_1a_zeissidnormalsignin/api/combinedsigninandsignup/confirmed,0,100,79,1,1,13,0,4
https://www.onlinemetals.com/en/our-story,0,41,13,1,1,20,0,0
https://www.upromise.com/search,0,31,7,1,1,16,0,0
https://prtimes.jp/main/html/rd/p/000000140.000082655.html,0,58,40,0,1,10,0,18
https://www.tandcphotos.com/,0,28,1,1,1,19,0,0
https://www.carmarthenshire.gov.wales/home/council-services/planning/,0,69,32,2,1,29,0,0
https://www.cuisineaz.com/diaporamas/aliments-anti-diarrhee-1073/interne/1.aspx,0,79,54,1,1,17,0,5
https://en.wikipedia.org/wiki/Glossary_of_German_military_terms,0,63,39,1,1,16,0,0
https://xhamsterlive.com/urlillshy,0,34,10,0,1,16,0,0
https://www.growthforce.com/blog/a-quick-guide-to-nonprofit-surpluses-and-deficits,0,82,55,1,1,19,0,0
https://www.saberhealth.com/news/blog/health-benefits-of-pears,0,62,35,1,1,19,0,0
https://a.adtng.com/get/10013808,0,32,13,1,1,11,0,8
https://www.trackyourparcel.eu/index.php,0,40,10,1,1,22,0,0
https://apps.nec-enterprise.com/nec1d/r/apex/workspace-sign-in/oracle-apex-sign-in,0,82,51,1,1,23,1,1
https://www.bossard.com/eshop/ch-de/advanced-search,0,51,28,1,1,15,0,0
