sha256,url,label,target,date,lang,lang_score
13270e2ee0ee7ec428b2b6f44135004753cee05897ba2f6da4395f2041020647,https://allthatsinteresting.com/cheryl-bradshaw-dating-game,benign,,2024-08-31,en,0.9614301
82fba3fd1e4ffa8ce3284e613f2b5eab4052e9a5ca4ed4cf405d0460df36a71a,https://managesafety.zem.gjb.mybluehost.me/,phish,amazon.com,2025-01-20,en,0.8670598
01fb174afdb6e4d7a8f33d7ee0c4f6eb8e3b0c26ead5868395e3648eea433a4a,https://pure-wallet-label.blogspot.com/2025/07/support-operations-within-system.html,phish,naver,2025-08-10,en,0.6627161
4e300538576f8ab87d9edf27fe5abd1d87d3ed2a98c5576d01d088ff60ba6289,https://blueconcept.ae/wp-includes/tiop/radiumsumit-latest.php,phish,naver,2025-07-28,en,0.3267727
2b7476d772d87d7f1a820279fd0d8e14ab30b79a99e92ad3cef6ecd33b854903,https://medlineplus.gov/ency/article/000519.htm,benign,,2024-09-17,en,0.87236136
f590969aad42346d6c866c2910d53aaccb726b789f14837a69fce7fb792aefad,https://66d1184a457a7352d91f3481--chipper-starship-d94fe6.netlify.app/,phish,other,2024-08-31,en,0.42591026
75a906ecd3afb3403e16e5741c9afb9bf7ad285e77bfcff9cff28c8d191bab68,https://www-thediamondempirellc-com.filesusr.com/html/6e9af7_0718f4c1f665c570eddeb03b695c3872.html,phish,facebook,2024-07-15,en,0.565231
f8dfe93a9e9f922be5afebfd973719734894090d536124ba06463a05a62f674b,https://www.tryonmed.com/loginpress/,benign,,2024-09-11,en,0.80381656
73c3bc7664745c41a3c3fe0adadcbc0847db90b5bbde8e3aaabeba48423298a4,https://claim.usualrewards.sbs/?naps,phish,naver,2025-07-28,en,0.603682
11e2d32ddc41be5b3996e0e5110a3686c9639e8dca8609b3b64721d7aaa71555,https://news.yahoo.co.jp/articles/e510afcb39b60e609b6cc4f20d2902232161cf69,benign,,2024-10-01,ja,0.9999592
2478aba7610b3967c379cdecffc37119c531888b7d43440366cb2b72353e769e,https://jviawf.academicking.shop/,phish,other,2025-01-09,ja,0.9990508
6aa5246ce5c3587d91414103af3d9b8f0af969ddea66b5bfff68267fab3780ec,https://www.thecollector.com/spiritual-alchemy-occult/,benign,,2024-09-11,en,0.9308779
3e06f105490eedb4c4b36935350d0d91c11e5a25340e683f51880d07e81c8865,http://policy-violation-5619310608.smokepit.co.uk/,phish,meta,2025-03-15,en,0.9258059
44bb2bd4d205ae969c471788ceaab1da7d32b86075d6901122602e3d45a4575e,https://hrgesfwwadf.web.app/,phish,other,2024-08-15,en,0.93053305
baef1f03a5d9074bbeb628231a20a20b52d128f1632d963bc0b258bf7c951e13,https://docs.google.com/presentation/d/1Ty56b01LOFMF7iP3XPLCvS1WtCpC9KZ1-jYbzTDbfm0/pub?start=false&amp;loop=false&amp;delayms=3000&amp;slide=id.p,phish,other,2024-08-27,en,0.7984583
c8590e126752ebedf312d82336e032c90f05ce6e0099346838d3eda901a4e5b1,https://instagrammelogin.blogspot.com/?m=1,phish,instagram,2024-10-01,en,0.7884501
4ab68995540a449df2f5eaff68f8b21f822070744a46a03486c0298804e54f31,https://www.obi.de/magazin/garten/terrasse/beton-mischen,benign,,2024-08-01,de,0.995015
f8db59d8aac578621588ad152739525c646ab668bf0b2b4706f162554fc6116a,https://www.chess.com/library/collections/can-i-withdraw-money-instantly-from-robinhood-38yQpFGTG,phish,robinhood,2025-07-28,en,0.86994123
a8ff46c1a740acf78b4e1ee8098386a642dcf0de5d2de1153c6ad376b8fad272,https://en---apps--phantome-com--auth.webflow.io/,phish,other,2024-11-29,en,0.8312945
28629c3754e4b1446dac10489d5efa228cf98cc679a1cecbce338ec28c43e1a9,https://www.youtube.com/channel/UCa1b3cqMwJSp1I4vcArKYHQ,benign,,2024-08-15,ru,0.17187913
a8795f4a077a907de5e1823b8a24cb64a383e35502caab62e522892803007bd8,https://www.techtarget.com/searchnetworking/definition/port-number,benign,,2025-07-06,en,0.8960873
de434e0d276ce432a9b14011646c49bc9ec3e46fc131e8d363048a586fa4c6d4,https://areaphonecodes.com/united-states/914,benign,,2024-09-27,fr,0.5025511
22c2228d07fb70d4736767dff10ee506a787894cab62b2ff1c1ff1395a5da68d,https://www.lmfj.com/,benign,,2024-08-07,en,0.93398076
e6774faaf823ed22d05b7aaf9cecf774b9126ce7674effd513b772301b87d90b,https://it.wikipedia.org/wiki/Crawler,benign,,2024-09-10,it,0.97511274
a21062b0d5e2b95c3b56466f523d8e45a484f1df93a83f4b25ef2e119b082755,https://www.gq.com/story/hims-hair-review,benign,,2024-08-08,en,0.9242254
516f5efbbd815b8dcd69f5481e5144c57c9e65ef328830a1f807c628bd670ca1,https://channelstore.roku.com/details/b8741c391c59c1dda457073d3295b555/nfl,benign,,2024-08-26,en,0.8310485
c2c4ccf8e8d1303f3455dbce058aa1d7e064bb87f8840ce21ca854e1b5035923,https://www.psucollegian.com/football/penn-state-notebook-james-franklin-gives-saturday-takeaways-andrew-rappleyea-news-defensive-praise/article_7be4da66-6fd5-11ef-bd86-833f43460a50.html,benign,,2024-09-12,en,0.91033113
b689d998e190b4ebcb5fbcda89ce350f8ff1a09c97498bcdce730a0ba729360e,http://idverifychase-secure.com,phish,secur,2024-08-12,en,0.36296514
ca20419f0683d807ed9944b6b184779da46912e5b2036f5a4007fb33151663ed,https://canva.highlevelcrafters.com/,phish,canva,2025-08-14,en,0.7648965
93ac9dbef3eb614e343391a31faf74a9bc24cff5bd7ad0f9737d0897cceba7ad,https://72766wq22412.webflow.io/,phish,other,2025-03-14,en,0.7466487
c1f7437e44318fdfb5da3e6408d2856e061bd7c530a9e652a903c9df0496caf5,https://aimdynamics.com/harting-connectors,benign,,2024-08-01,en,0.83206165
ea12a7092471ed47a6c50f85ba0769675dc46418cf55b1863e76f6e2b38051cd,https://careers.crackerbarrel.com/job/,benign,,2025-06-30,en,0.7860215
8f88d393e64269b2d3f3fe3f352667133de70b8df1110dacc445d72a5354f0c8,https://f6d768ab-0d51-46f2-8f7d-9367c315be2f-00-46c9h5ne04fg.riker.replit.dev/,phish,bhd,2025-09-06,fr,0.6450735
e232f01070b1d3219fd30c2b2d8ea02d4f341f707fa541fc318aefbd94c152c6,https://old.reddit.com/r/cartalkuk/top/,benign,,2025-09-05,en,0.84261936
f22e667da87d03723f33c54bb8260628800b989f0a0ac03e8408a4d655d8bdd2,https://www.houzz.com/photos/entryway-ideas-phbr0-bp~t_741,benign,,2024-10-03,en,0.8236029
ee2ca47e2a6330faab4d976eea47e6f6d6ca1ac6516e6cd98565f4db7997b6b5,https://ncea.acl.gov/home,benign,,2025-06-30,en,0.88937587
482dc9f360f0b5582afc16288d4124042444c38fd1a82f819963add84a71da0e,https://dmeh.aecmqfzq.shop/,phish,other,2025-01-09,ja,0.9976969
f88c5703e172ba290e80f67f76bedea769d9c643f8218547e341cbb2d53ef1e1,http://nutrition.myubcard.com/netnutrition/1,benign,,2024-09-22,en,0.83515173
27a7d018c4d9e9037ce980a722859417a3fb7cbcc5ab98106d0fa4f5403981a1,https://jhjjhjhgj.weebly.com,phish,other,2024-07-10,en,0.5605407
890f1fe79e649069a606b94d3751d05b4fcea916b712f000fd44c7d46adbe6b3,https://www.roughguides.com/articles/7-reasons-to-visit-key-west/,benign,,2024-09-23,en,0.9127157
1fea9cf97d21c5c0c72b4734aed16805b2df36f9b6876a91b9cc9491cb546a1a,https://www.14news.com/2025/01/27/14-year-old-shot-owensboro/,benign,,2025-09-07,en,0.8964903
6459e87b75c9806d010b5f316e206edb329b0d0b7ba126f89b1fb4ff055c5e6f,https://definition.org/amazing-wild-west-photos/2/,benign,,2024-08-19,en,0.7685916
d360067bb76dc49ede0c2256aeea7f783b65784cbd0ee870e2b7ca4849643a32,https://za.linkedin.com/company/carlton-hair-south-africa,benign,,2025-07-07,en,0.8200647
943a2a057e12aef1b8534ef498290c13cde618c682dc6bd44ed5b0927cda71e5,https://f0xejf-tq.myshopify.com/,phish,dlkmodas,2025-01-07,pt,0.8407876
9d4522ca9c71501db858bec7b8bb858b8552463f4cef56cb4181e4d484bac8ab,https://www.scrla.org/admin/email/campaignedit.aspx,benign,,2024-08-13,en,0.7781638
90ab2ef6f902b0e078914fdefd544fbed486367011d8d98251e68be5222e159f,https://www.microcenter.com/product/674503/amd-ryzen-7-7800x3d-raphael-am5-42ghz-8-core-boxed-processor-heatsink-not-included,benign,,2024-08-29,en,0.70222306
03db3ed395769da053fab1a0260ce8d69a6272df5f59b23b8437ff9c1d285fcf,http://pornofilmova.top/,phish,other,2025-08-25,sh,0.31936362
1bc73ee5531427cdbc8f5817cbebd7f62ce16cf2bcccd44745550257e2efb0b0,https://cloudflare-ipfs.com/ipfs/bafybeidrtlywhi2uz3wuzrrme3ar3xe5barjqgzfa2hz3gvgviy7obedvu/alldomains%20%281%29.html,phish,other,2024-07-10,en,0.8830976
310a1371dfcaa2542aaf43eb0a2e2f42f175a1396755c817103d769fd8c9acc4,https://www.bbc.com/news/world-europe-68322113,benign,,2025-08-03,en,0.96357465
0bea3c4fdc344fb55f2868e8ccf81882ebfed6e6bc7f335618b1a3e8ddc1f86d,https://coiinbeexxtension.webflow.io/,phish,coinbase,2024-08-12,en,0.8908572
bd2b1b8af364c01b6eab9409e2beaec3b4afd07b99f941153166d38f56f1b0d9,https://s0.2mdn.net/sadbundle/4066626005266993110/index.html,benign,,2024-09-16,,-1.0
470ff1e04a75d6bbfd69dbd39ad2d6d9cd9d98352f5a685da427cc494441114f,https://l.ead.me/bfITZG,phish,other,2024-08-11,en,0.9737629
4586c69d2b107f8566a29fac285b2b31e355ccc87ccc0f53e491fa894f510209,https://en.wikipedia.org/wiki/Like_a_Prayer_(album),benign,,2025-07-07,en,0.90038884
fe6c4a98027c199139cb3a2010b0ca44bcd7be2c6bfde29556fabab64cfaa086,https://smashboards.com/,benign,,2024-09-29,en,0.7989763
3ad7558b07b0726f9bca4683bf470f7c82c94264cef26a822dbac301871774ac,https://store.steampowered.com/app/239350/Spelunky/,benign,,2024-08-22,en,0.80143553
71db68351081fdae64c457b4a8f71dc1db587eef7db83663155f2df7b53df84f,https://studio.youtube.com/channel/uc_c0ttd9xi6rcqkfva2amcw/videos,benign,,2025-07-05,en,0.10003973
6df94b2a5694d98c6ca05ed51a9a2bbc862334856c7225fe1531324be9b256b2,https://tslrq.com/cv/s/a,phish,civic federal credit union,2025-07-17,en,0.83419377
48f4ab917730807d3c6a8d3fee3bd319aa264345f27fd7bfa04ccfcf443d9d56,https://tx50000485.schoolwires.net/site/Default.aspx,benign,,2024-08-04,en,0.91048664
4c1d13dbd5912afab51fcec75076c58987ea8eb878b53d990ab337743c17c2eb,https://www.newhavenct.gov/,benign,,2025-08-20,en,0.79042566
5aa6e36d5648ead76263f86f2b060834589fb2802bacad8ff49567a02fe12a42,https://forum-trezor.github.io/,phish,other,2024-11-19,en,0.81609684
60cffcce8de50e86da7d3ac85c49c99b2817305cf9f8d6b7d98361874f1ee93c,https://en.wikipedia.org/wiki/Treason_(TV_series),benign,,2025-07-03,en,0.77937317
c56b8994e7a6cf38ed1fe5e660134c4133f0d0cf6a2cf86e44076a7238893049,https://en.wikipedia.org/wiki/PAGASA,benign,,2024-09-18,en,0.90987885
3a43fc7aa6131a286dbd2cd1192f5479be5289994e07ae5931bed1fe183766d2,https://www.longfonds.nl/zijn-mijn-klachten-erg/ik-voel-me-benauwd,benign,,2024-10-09,nl,0.9782222
7d21d4b75ce2258e5a55946d0b2f67b013678631401bb974696c5c476413041f,https://www.redfin.com/blog/how-to-detect-a-gas-leak/,benign,,2024-09-12,en,0.87028104
ff63beffb77ad8e4b584f54265ebd91970c04022ade694671482267ef3437eb4,https://att-mail-service-101809.weeblysite.com/,phish,other,2024-07-10,en,0.8269813
a8c34acf4f623019611fc328396f0fc0dbe6f669f973a2f7f467c6c4aacf31d2,https://gwvm.hkwirwholesale.shop/,phish,other,2025-01-09,ja,0.9997749
79dd304859fcbdfe66e7ef760b7045b7395117a1b99674ac13f706ba011a6d27,https://booking.confirmation-id8295.com/g4WRPVSVW0F2,phish,booking,2025-08-05,en,0.9240161
2de8e6efa1e99e8f9df0f040225f0b254f1c11037492efe4f8ff434e5596854f,https://help-chr-metamask.gitbook.io/us,phish,other,2024-07-24,en,0.75971323
a77ea320083be412ece39828584d2e5094fe5e6dc1d1534f19444b9f09b3c06a,https://overviewbible.com/matthew/,benign,,2024-09-22,en,0.9230891
5950a6a922276334adf4fe7d077b70a137e99006c1f4961d3b7199b853715dd2,https://en.wikipedia.org/wiki/WHSmith,benign,,2024-09-22,en,0.9191936
63ad08990d7f0eec841f8553b4266ed1966afb473cdc7b9afef3abde11eff4ce,www.investing.com/equities/facebook-inc,benign,,2025-06-11,en,0.77135843
24662137ad45227285a1062f8b34036c53cad38b215e85c153c54176e05c09ca,https://futurism.com/neoscope/scientists-warn-perfume,benign,,2025-08-03,en,0.9332058
b95ac7dd676b187269ae8ef72bf84e6ebb72cf7bcfdaff0871b98925f0befcca,https://www.nytimes.com/2023/07/05/us/allison-mack-released-nxivm.html,benign,,2025-07-05,en,0.9791973
3e336949686cbf31ace22f932c23c404a1965c486ff303aee33c75b6d144e648,https://helpledgerliveload.webflow.io/,phish,other,2024-07-10,en,0.8358458
f2b1546e9104179b52588cf6bbc7d22271c01379a0febe8b21f9f0436d9dbd5b,https://www.maisongreen.com/,benign,,2024-09-12,en,0.84077317
0dd3b38a2098da48cec1014fceee2ea5a2e15a58cc83bf93cf7b59b08381c745,katana.so/blockdag-price-prediction-next-bull-run-analysis-2024/,benign,,2025-08-22,en,0.8745955
8d6d3eb13de0f08d64141d81106e6f10bdddd4931fb220093d6e79c2d71fc7b0,https://jojobt-mobil-adresi.com/,phish,jojobet,2025-01-11,tr,0.9978094
a401704f0df1c9c58f9440dddca37e80f23d6fe12046f44bd46228c05520e882,https://adaa.org/find-help/treatment-help/types-of-therapy,benign,,2024-08-25,en,0.8389165
18cd944cfaa85d8c2dc7ed1c2444f324c3475ae161a453868a45747cc62b1d08,https://chameleon-4-prod.s3.amazonaws.com/clients/50-651c31dfc8305/courses/672-654b8180eaef3/prod/index.html,benign,,2024-09-19,en,0.7672618
88768deff121ac27f1e15287ed519ab4ea8cdd7fce245c31b539633636fc0efc,https://www.microsoft.com/en-us/videoplayer/embed/re3avxy,benign,,2024-08-01,en,0.78933036
9ba3b63171ab2db541df6ad14f2884c7d6747d2afcd585f42ec419e39e7b9b42,http://www.gptcomercio.co,phish,gpt,2025-06-26,es,0.85871655
656e6806ffa5af015860a064cf0ef45c1518a1165427ddccb537121d44684227,https://www.nicholasdoverceramics.com/blog/why-buy-handmade-potterynbsp,benign,,2024-08-06,en,0.9520131
bda46312ef2c172c761966b818a2f78ea7abf14b1a687e6c6c521144a975023e,https://www.tasteofhome.com/recipes/simple-lime-gelatin-salad/,benign,,2024-09-28,en,0.84532326
2a789710377ef7860e1677068d6c2d64e9710eb66682a9270a483d4bfd5ceced,help.disneyplus.com/article/disneyplus-price,benign,,2025-06-30,en,0.88045937
228cbbc653bb1dd5b3c85cabb7871eea9a21848b9bd4271c20bbdd792086b0fa,https://www.verywellmind.com/what-is-sublimation-in-psychology-4172222,benign,,2024-08-08,en,0.9138725
b78c50c35afbc21307bcb5b71e4be02e2de8141f51672e2e9b720996fd375369,https://www.unboundmedicine.com/icd/view/ICD-10-CM/898638/all/Z48_815___Encounter_for_surgical_aftercare_following_surgery_on_the_digestive_system,benign,,2024-08-22,en,0.8012437
10fb617716dcde74c82af15d3db23d1c9ef8bc3a99594a646156276af736c191,https://xvujbn.aheadmusic.shop/,phish,other,2024-10-31,ja,0.99969286
979c5342bc8545098193a701841609c0d88361ff910074319a423152588955c5,https://ledger--logen-helps.webflow.io/,phish,other,2024-09-12,en,0.7224086
f6d4717ba2bdd09c5f63c56bb83beb76d455c5f4c5ff9c77cc2fdc2acbb0247c,https://printerval.com/perrier-drink-long-sleeves-p993643813,phish,perrier,2025-08-17,en,0.7426804
bf84793a7cae20e8a3045c7df45abaf8a581bae2e0c5cd762092f83c4bd5ce23,https://www.thumbtack.com/k/mobile-notary/near-me,benign,,2024-08-16,en,0.9240112
fb8a7fc2f66f8b113ed431952b4cc14a53a24f61d709e42998aec44ac09414f2,https://www.tvspielfilm.de/tv-programm/sendungen/jetzt.html,benign,,2024-09-14,de,0.84988695
5d597b8c8a7f35923a9148ffe38238884cd879550f3d182c43a22c19270069a3,https://www.sinapsiweb.com/bianchidb/dashboard.aspx,benign,,2025-07-14,en,0.48355827
9094d94a6a77e4303c5311ae1783c9068a82db3ceba52ec32132a19232e5b6ab,https://www.linkedin.com/help/linkedin/answer/a525047,benign,,2025-09-05,en,0.88476944
7d9bbe667690a60131b1ee176475da8e2ea6a86792346eddcbb0ecd250d1f420,https://srv136.services.gc.ca/osr/pro/documentbundle/documentbundle/select,benign,,2024-09-12,en,0.8679144
2ed3d5384da1af220d5edf004e80a69d978b237001dcd58cccf81494df8a5c7d,https://linkpha-mv2.vercel.app/login/signonSetup.php,phish,meta,2024-07-04,en,0.9085229
9407778b6b4c66df4e602b9ba319025a2918ac99636d263590357c71cf18a669,https://www.sband.org/members/invoice_view.asp,benign,,2025-07-05,en,0.7578395
5dfca89e84725e404ff16aee889a6a31b578d60ae41f6d7f99b909aeedbc935a,http://katanamecha.my.id/2/,phish,facebook,2024-10-28,en,0.6171405
d42606e13b938a7d94d06c2ff8de6e6964cfee7539d6b4940c6a55e9a57241dd,https://www.iheart.com/podcast/51-johnjay-rich-on-demand-27293201/,benign,,2024-08-18,en,0.881983
c0a8853de7ccee265b991dc06da12e8fb3df0022b67b9d99932c6048d935b3b3,https://audit.scot/uploads/docs/report/2022/as_diversity_2022.pdf,benign,,2025-08-22,en,0.6861801
7e284b4c8e059bafd26249cf1b053b8704cfc130d5c4fdc4d2874892e78bab53,https://docs.google.com/drawings/d/1_2YTX0v_0aRuL19OC5E4O12hpFiO4TIgYy4Fh_vqTv8/edit,phish,other,2024-09-30,en,0.7606948
63affd2c81824ed5a3085b9dc7a7746e8413ed202b7cd34d5afbcc3ad72d7502,http://b319cfe9.personaltraineraaron.com/?eef54&id=goethalsyves.be,phish,other,2024-08-05,uk,0.15114695
59ef432428806cdfea7f641e8b01a39a9a5826c3f674316ba4b3db5122046821,https://www.bestbuy.com/site/otterbox/otterbox-samsung-galaxy-cases/pcmcat748300659034.c,benign,,2024-09-13,en,0.69298303
a7179ac85e83f756e0971f0c7a4d2d2d2ca8b736bbe033b97e0ae47a7067043d,https://user-confirmation.fanpages-improve365823.com/4764056672,phish,meta,2025-07-14,en,0.78461754
4a4ab4df99b92b697d870ce99f0ccbf7c845dac0bd43fdccb076ce9046935cbd,https://www.mcphersonoil.com/products/diesel-exhaust-fluid/,benign,,2024-10-08,en,0.901848
1076bb6838fbe436224263475b9aaf7f86a366cc376929d8470c9ce8780ca9f8,https://docs.google.com/presentation/d/e/2PACX-1vT76hm1sytvYNbs9bTENhY0hxb7RfE0dVnxJ6Kk0mLTwL9_wtpro4uCuXIpBV50YJhxo0gIzjYPp81Y/pub?start=false&amp;loop=false&amp;delayms=3000,phish,other,2024-07-10,en,0.7990016
42508a9035b900e5c45e883d5f2efe471b9400b34927879f91798778518c89da,https://logins0fficelnboxx.titanpavennent.com/believe=,phish,microsoft,2024-09-16,en,0.9373168
81d081cce1fe8fc5ff299e10f6919d687f53dddec3f6a1b6cd20158cf97104c9,https://learn.g2.com/overnight-shipping,benign,,2024-08-01,en,0.9271368
304fec169e7456f1bc34ad0f79b07f430e253c74ba106bcd1f0a277983247872,https://q-r.to/bfHZMf,phish,other,2024-08-05,,-1.0
0ef6e53d50ac68836a28696b0b420f98c67ad67adee5f06f1f00b210ccd32c6b,https://community.caredge.com/c/start-here/caredge-manifesto,benign,,2024-08-02,en,0.952746
b9b6b8f459ba3420cab37dc6a71dc35ddefbd06e439d963526718cb9af431625,https://booking.confirmation-id7842.com/61AKGDYI8,phish,booking,2025-07-29,en,0.93105125
ad9f36d84f9ae259e59a2423038abaadf1cfffbbbc5d50c9b095407079956f27,https://www.fleaflicker.com/mlb/leagues/1243,benign,,2024-08-09,en,0.6099812
0e3345d6fb59dcabb361ee4d561fdd2d6e5363a0c5ad89e639d0d5f3666258f2,https://qucklbdt.com/gkpwOXus7NnxDO14Mf,phish,other,2024-07-31,,-1.0
e63b36908d139b0a1bea8ba8c8523aba705c634bc3891c6e3a5f251eaebf20f9,https://havenscreditunion.com/home/payments,phish,citadel credit union,2025-06-23,en,0.85639596
da581820a8e5241c32816a9792fbb28402a6cfdc3b56cec90cfc587ca3b4fcee,https://trexurloginein.gitbook.io/us,phish,other,2024-09-19,en,0.8476491
116453678a74a0aedeb132634952c71086214e810105c562f87304403aa8822f,https://music.amazon.co.uk/popular,benign,,2024-08-15,,-1.0
fcf0f220b5ddcad1d1510761143aea3a0935047b0321d9d6fb5d873fbcfa7668,https://twitter.com/fox4wx,benign,,2024-08-02,en,0.84625846
026d25edc552976c0729a6b078758b792d8dad01cbaa61beb1c0f8b3b87a607d,https://www.xnxx.com/search/girl%20showing%20pussy%20in%20public,benign,,2024-08-01,en,0.7054815
5a67c302918711c399d38ffb6214bffc37764703a7d9a9629eb4415709c5ea17,https://gateway.lighthouse.storage/ipfs/bafkreidpqldkzj5qsxy6cdhgcbqwrfibgrtnoiatuhjw6yneajsf4punoq,phish,other,2024-07-22,en,0.79066586
15b3ebcc9e4b033bc60cd1d5504f293a6ee56bc2f0e7c25edd9868915560976e,https://identity.stewart-intl.com/ui/login,benign,,2024-08-15,en,0.83999574
8c64a732879cb255f5260d02aaed04d66c4a3d61f01f87c0d84119d7ea384def,https://flow.portal.iit.edu/widgets/instagram/v1.html,benign,,2024-08-21,en,0.9094594
cd862833994b1fc6c1ebffb7cff1b00cd4c7010bf67dc6be4560b97f33db4c0b,https://learn-chrome-metmuisk.gitbook.io/us,phish,other,2024-07-22,en,0.66295373
433980a9ac32c3d7d3a50c555060bbd3924013ffeaa6e87cbd74bbabe798ecf0,https://dainagoyabuilding.com/floor/restaurant/366/,benign,,2024-09-10,ja,0.9997088
773387d4ba5f2631b5dc012d71c8c76d98d12063abac7872077d1180265a8814,https://zen-hellman.67-23-166-125.plesk.page/popdiouef--ypiufkoojmmiue/casimiro--_--yvamovsky/sean-paolo/dimitri--__--erikoo/poimeur--__--plimaire/zammer--__--dimitri/,phish,other,2025-01-02,fr,0.97972405
59d7b063ef7916f5a5a2f8ab95e72008341974c969df3aae2e8082cde3521eab,https://www.dictionary.com/browse/bolster,benign,,2025-08-27,en,0.7004293
0ce89d9a24e35e41b9e1be1c924b538015e8fdf4478ee920609d78d6c75a71ce,https://www.wholesomeyum.com/cauliflower-soup/,benign,,2024-10-08,en,0.8674581
4e57f9e6b81525310f69f99355b21880cc13b788b6c5ad844045269b52e2df45,https://www.irv2.com/forums/f59/,benign,,2024-09-01,en,0.73436505
5b0fbc933690504e5d93b877210cc96b54d8e2b67e5583a8d0583a81b1287579,https://www.mobilize.us/events/volunteer-online-right-now/,benign,,2024-09-07,en,0.88185054
319b30373bca007ea978fff60b84edb8020a3cb8bb91c311a831734678f97c6f,https://prau-pc.jp/word/outline3/,benign,,2025-07-12,ja,1.0
523051108138dba574705638436d5ee2b4ec23ae07b8e46f771f549de89765aa,https://lintasbabel.com/OR/Sites/index.html,phish,plala,2025-06-23,ja,1.0
828119920c2107711f47478a283749e6cd1a1d2cadc188bd37cc402200ad49d0,https://d32fgx.webwave.dev/,phish,other,2024-07-11,en,0.7598344
8f1de1a0a54f6dd53c43b5e1467ebeebeaf4d7f4f7ed9e5534a698eb670e5b14,http://moseleyfishbaronline.com/,phish,other,2025-06-27,en,0.77348465
546d1e57efc1707795be4bc87cab7057b471cb9784e0267eee2abf62d33680fa,https://docs.google.com/presentation/d/e/2PACX-1vR26vJ9dQEAU7kRO4RE0V51pMEFYG6M7Km-ubZMyk-xNnAumD8VX6oq_HB1_Gs7h_6mUOIOK8y8JQUS/pub?start=false&loop=false&delayms=3000&slide=id.p,phish,other,2024-11-07,en,0.78412896
f999f099cd29f4651a040435e59c5141029c9a1421d63ff7f040190c385e14b3,https://www1.uimn.org/ui_employer/ui/employer/maintain/employerdeterminations/employerdeterminations/linkfromdeterminationinittossnspecificactionitems,benign,,2025-07-05,en,0.72401583
0414663b4762af4547aa56c62d7ca59b2353e792ecf4a6f524e4685241469557,https://docs.google.com/presentation/d/1Qnn5HP65-gVzfINx4tDdXgRlTetgZnuM60qb4xRDZew,phish,other,2025-04-18,en,0.7866823
d466f98f5a41cfea4f4eb8216f0d442e50121c6150ec1d5cc0d5bae781d26182,https://cacasa.org/glenn/,benign,,2024-08-15,en,0.89278483
478863e5666d607ab0989d6d1c2203f1a2b659a8de6115b1f541dee07e110abb,https://www.edmunds.com/used-ram-3500/,benign,,2024-08-27,en,0.6632979
6eea4b3afd0c0dd08ac8347598862cca4505b054bcf6510dcf5b7c4ca631b74a,https://en.wikipedia.org/wiki/Super_Chief,benign,,2025-07-30,en,0.9101357
5eac8d02dade273c796a3d4c8539ea46905790cb44011a37777e4165d9b59bc5,https://www.facebook.com/awfulannouncing/,benign,,2025-09-02,en,0.6295235
2b045d5246ecb9c2ba825618b5cb06726bcad1688058f8f59fedca9b34f9e44f,https://www.trustpilot.com/review/www.filtersfast.com,benign,,2024-08-06,en,0.9508603
d2c3182dfbfa31236d5cf74507d8107d5de6269d6460bf19b1a193f8ddfa0644,https://www.tickets-rome.com/colosseum/opening-hours/,benign,,2024-08-22,en,0.91823137
bf9ac7f35e89453eed99ea7345582e2646e70d02440de4ce979e142942ef28ea,https://bridges.mathlearningcenter.org/,benign,,2025-07-14,en,0.8427901
8c81e936150fac56ace78e529b1164025f40b8be83793afd5f091876d5543625,https://lifleedsbs.criteriahub.io/btl/iframe/leedsbs-849382648/,benign,,2024-10-01,en,0.71484715
ab563686d333983490725a23e15ca567d429905d6d9745debf02ded12e1b6c6f,https://docs.google.com/presentation/d/e/2PACX-1vT07QaRLiu2DfVw7cH_7EfNQftX4eIrqhuIuJQNMgBFfOwpHrItcWWeyAk5feuLp5OIL2GiIim3yBAQ/pub?start=false&amp;loop=false&amp;delayms=3000,phish,other,2024-07-10,en,0.7777493
e0bb8dd131f63da2379f51a694a2809b82e6dc895ee73f408bd61df17f4ddd6c,https://www.eshirt.it/,benign,,2025-07-01,it,0.9735492
097e022b4ab42fad6748dcf7b008aafd9890057b80049ed0ab606b09e76bded6,http://pub-0c062afe82544962aee957f640f2ca2d.r2.dev/index.html,phish,other,2024-07-10,en,0.44531953
e44b2c563ecf8baa9691dae242ca445ae6b5b991fce8b9dacd4d9472f8d12688,https://mondial-suivi-reprogrammation.com/?naps,phish,naver,2025-09-01,en,0.85976404
0af01b63f3fab3ce9276987fa6fabd9ce043138d43cce458116a1f82b2dd6869,https://star-girl-100787.weeblysite.com/,phish,other,2024-08-07,en,0.6438254
4d782c7cfd5fa806d903170be895926a331aa03c1893dbd69c228aab11ec4855,https://widget-club.com/ja/article/iphone-app-reccomendation,benign,,2024-09-19,ja,0.99982786
c4187386296add2a123bcb6d3a3de7608eef90ea3760abb5e8954dd5a398d5d5,http://vivekint.in/Webmail/60/Webmail/webmail.php,phish,other,2024-07-23,en,0.17881732
40263955017606e8ecfaaad0926e1643293f3fd3943fc4f658ecff7bec797c34,https://www.socorrocounty.net/,benign,,2024-08-22,en,0.78742456
97edd2777ebbcb4eacddddeff2426a54eb53113089df1a62b895f1c301ca353f,https://accvrtf-mnages019.tivinalili.com.br/?vrazil=&visitorId=68897797aa91306164243b43,phish,netflix,2025-07-30,en,0.9332228
807746455a3a3f9c22b7c11326c1e230c8b7b2bf47a226817d3c42a532f5b9b5,https://www.instagram.com/strongwaifu/,benign,,2024-08-01,en,0.11587018
4781e3536eb1ca620e6283bef5a1f95277eb7bf67dac9e5094beb055ba09d575,https://treeziorlogin.webflow.io/,phish,other,2024-09-21,en,0.16519438
078694c70e9a100e8bba51f0ac48cdfa29273a5cdb67db8de91663b2c221113f,https://onlb.lmcu.org/accountsummary/accounthistory,benign,,2024-08-18,en,0.7781034
4b442d7bad46db55c79e784c9a971e4de9e8ed05d2fc63c16c3def2710cd312c,https://www.heebat.cn/,phish,rakuten,2025-07-28,zh,0.9959834
51e5a9d2c0b4eb1446a746fab1cd1bff2f4dc9de3e452aa6149a6f5d8dfd21b4,https://en.wikipedia.org/wiki/Tactile_paving,benign,,2024-08-17,en,0.91642237
bca812eac691b7a6dc6c1aa2c5e489ba547dbdbd1fd8cb47a06b9cef3fd1ab3d,https://s-gents.com/collections/hats-wide-brim,benign,,2025-08-14,en,0.5460693
100ac5af10be10b32c82c2e8c0584b5404e385ca4ed94facb19b9ae51b8fe0b6,https://gipostas.com/zq9lh0usz/index.html,phish,whatsapp,2025-07-20,ru,0.9558726
e09ff867f56af74afb477f939e535339753c3a75d4f482ab0978d773b37eb064,https://minorasu.basf.co.jp/80340,benign,,2024-09-06,ja,0.99988335
ed7480440a7af80e1ac391d08f6ae3a35c86e9aa789c41513b7e91027a57a231,https://ledg-livdownladi.gitbook.io/us,phish,other,2024-10-12,en,0.7698108
b69e4b72ccce9744bd1fc2c5756dcafa1f1a326b5c6755f913b954a9c5831f6a,https://david-active5860.pages.dev/help/contact/157272270063867,phish,meta,2025-01-21,en,0.944806
7543cc6fd5472887f5d7762f934d3b8e5e48791bd8b9adbacc8ee4dedb5cad29,https://help-metkstension.gitbook.io/usa,phish,other,2024-09-19,en,0.8436662
a94359a6dba1af453a116472f22686cb056a20dfa4926a77701994d6bf8794e1,https://auto-notify-page.cfd/contract/292953433229,phish,facebook,2024-07-11,en,0.93963176
8296195a1f443cf6684ab5588c46896bda07c48415ab870a853e84e8a2c6cffa,https://aruba-auth-g976650.codeanyapp.com/aruba-it/login.php,phish,other,2024-07-27,it,0.6515943
f45a5ed7b73360d8bb30d87fbf98473bb111ea4e0c4d73a797960b1fce14bf62,https://shophomebd.com/plala/sso.login/login2.php,phish,plala,2025-07-23,ja,1.0
cb579d5f34a4fc2ffbd16a90351d2ad09336e99e87cbace54c05925f139a6260,https://sso-uphold-com----cdn-auth.webflow.io/,phish,other,2024-10-05,en,0.7555627
d88fc5b1cc22572b42fb4fba9544dca8f72c93e8a1a6b3d19b4fd02671554d7b,https://www.jjneedles.com/needles-guide,benign,,2025-07-03,en,0.8341228
0960e32a834da53d10b6dbe5f754791d406decad3368191d5fae8781b75a98b0,https://iolkamerawogil.info/?naps,phish,naver,2025-08-26,ko,1.0
ae3026152b39666ad809681fe2c5aaf3f489f6f90c116d7c964cd474454edf2d,https://www.youtube.com/@bellathewolf.,benign,,2024-07-31,en,0.70257515
fcf6573a4eac4296226eceaaab7c55f4f5177d733f1080e0414567f0410eaac1,https://leechlake.org/fishing-report/,benign,,2024-08-31,en,0.9269938
6a56e085a1bfa69e0830034d2d0aa63fe035f9ef80611a9e9b9d06b158fb8ad3,https://animals.sandiegozoo.org/animals/ostrich,benign,,2025-06-12,en,0.94353175
4176c1a381d4d43edc54add54d684ee54b927729b7950d433d8b87d1d17dc8de,https://www.webmd.com/drugs/2/drug-159458/salonpas-capsaicin-menthol-topical/details,benign,,2024-08-18,en,0.87915784
56d8fe804c059fb9e072b8d039bb09a4cadc6e04c23d6426e96d5ae372c2d459,https://www.photoroom.com/pt-pt/ferramentas/remover-fundo-de-imagem,benign,,2025-08-14,pt,0.9852907
88268cc6176f8f10e1f507b369d3e688ad79d20a52ccc9c1f72d14c65975cab5,https://mundocarters.com.br/,phish,carters,2025-07-17,pt,0.9259436
737410358154ccd52b4497a9a30aa5548f42d1019c82bca440ff61f8879599e9,https://www.hollenshades.com/what-does-it-mean-if-my-car-shakes-while-idling/,benign,,2024-09-26,en,0.92704487
c6104397e53eacb2b4fa880ba2e64b04c34aa3bce40387f03732455f165ca5f4,https://www.harpersbazaar.com/jp/fashion/celeb-fashion/a61893397/jennifer-lopez-birkin-jumpsuit-ben-affleck-son-samuel-240817-lift1-embed/,benign,,2024-08-22,ja,0.9995336
6b336aca3c9700b54346a7b72be047c7689ac7eda43866413d6214b0f7581d0b,https://www.wunderground.com/maps/surface-analysis/48hr,benign,,2024-09-29,en,0.8522108
2f4ef9812bfb8f4cdd9a9496371441e9aa6d2929b6bcbf74727a1a4f30829fbb,https://www.kdor.ks.gov/apps/kcsc/secure/ct9part3.aspx,benign,,2024-09-17,en,0.88339543
b299c054f896dcf063ddf1066f74a260cf040f52ca5d59d78e964be7c704bbad,http://it-corner.co.uk/id,phish,facebook,2024-07-14,en,0.12741968
8f323278a32bd62b6b6612407da263e2a592bef19d1b40b533408eeabe7d89a7,https://metimasklogins.gitbook.io/us,phish,other,2024-07-26,en,0.6959903
45c0078dc7c27e7b53a9c737a400719877465c40fbac9f3b65de3200dc228ae3,https://www.homedepot.com/b/Electrical-Home-Security-Security-Cameras/Blink/Wireless/N-5yc1vZc20vZrkoZ1z1zcma,benign,,2024-10-03,en,0.602955
a03fc7da1f7588f779ac917110af9558a87b74f08310afa1d133ad5d7e5c8a64,https://voiceconfirmation.cloudfilesbureau.com/ESLOK/,phish,other,2025-01-09,en,0.66463614
221e92d9f2a205c3463771363e3db2b10d854083b86082bde0f5e09553316e05,https://en.wikipedia.org/wiki/Sex-determining_region_Y_protein,benign,,2024-08-03,en,0.78643185
c8ce50913fcd7cc2ea69c5027aa9cf68a5c6ddc5b2a0e550eb8ac2c68151a986,https://en.wikipedia.org/wiki/The_Last_Thing_He_Told_Me,benign,,2025-07-31,en,0.92992336
54d51c98c1bb9551524a0e84e66fb15eea01f22979836e703f81c958fac10bf2,https://home-104529.weeblysite.com/,phish,other,2024-07-14,en,0.7661096
1776811d315c687cc6964d2ae73288b76fff3bca9f18d921c72f3ad28a9e39d7,https://mangolanguages.com/resources/learn/general/language-culture/the-real-story-behind-cinco-de-mayo-and-a-few-ways-you-can-celebrate,benign,,2025-07-28,en,0.92844117
d2cd397eee6716d4c959fcc7a9ead56c69db984f2f8ce7d999d9e4ab220c7570,https://lawandorder.fandom.com/wiki/Lost_Reputation,benign,,2024-09-25,en,0.9341154
8e60899880e32fd42def4ba658c12cfa216ad94e80906fdd84ec3e310962ac42,https://cdnx.tribalfusion.com/media/13040380/creative_inframe_300_250.html,benign,,2024-09-10,en,0.3955855
dead6d16669e1022e49965fb42262133c413a322440c24aadd077446d1cfa22b,https://bafkreiatokz2syu2wyuuyzsogzoua4xlg326mv2vmqkxnyk75gaqms4beq.ipfs.dweb.link/,phish,other,2024-08-19,en,0.91080993
d73d162cd5c1312a840ec0ad42d71c4603e644dbda7460df9b35a6dab8adc410,https://btcmarketslogihub.webflow.io/,phish,other,2024-07-10,en,0.8921587
00c858741eb5b43adcdff83d0640708b4ed79225fb078554d7470e89b26971e6,https://iptvel.com/0tc3dv2dijstzw/?cost=0.063&currency=usd&external_id=P3pkfmR4enBwfmR4fX16f3x4ZHl4IzB_eTM_PXAwKj5wei0ncDEqcCF_I30o&creative_id=3619749&ad_campaign_id=22087333&source=wooden-slight-tension-rotating-pool&campaign_name=ROI&publisher_id=illegal-slight-tension,phish,whatsapp,2025-06-27,ru,0.9558726
ad8629398967dc7affc742f68108ff837bd51614726b96a6c7a0bc8dea8338ec,https://volny-109555.weeblysite.com/,phish,other,2024-07-10,en,0.48829088
27d47d452d74635a1eb3d3a6d01edf854b382d28b95bcec714210ce0f54e443f,https://free-verified-badge.github.io/23/help.html,phish,facebook,2024-08-19,en,0.9354429
41d268e18560a207b714fedc69096f53452f0f4b4b921596a7677fe3c67575bb,https://www.techadvisor.com/article/725446/how-to-turn-on-wifi-in-windows-10.html,benign,,2024-08-25,en,0.8453272
20f657a9c5f27e10a981bbc34a305471c22c4f5b521e4901460d42008f1e1aff,https://www.nfl.com/100/originals/100-greatest/characters-13,benign,,2025-07-11,en,0.97192615
363534b46b3884eb0c82477fb56094c9f766e8d7ba1cbdf58214e2e643828599,https://www.jscappeal.com/blog/section-57-105-a-new-fee-shifting-statute/,benign,,2025-07-13,en,0.9294618
58ae3b94cb8b3d7837eb4f11260a425e5311397382c1da7d82d46e836cfac044,https://arringtonvineyards.com/,benign,,2024-09-24,en,0.8770264
d4e95624cbe1f8fae77f20528b63fabb04bc4a5ae8bdaf9b8448df7f05bd6362,https://www.thebalanceffxiv.com/jobs/melee/viper/basic-guide/,benign,,2024-09-18,en,0.89950913
eb3b9414c9d4054beca122cdd34fd6d68c9d572b65a8fa4450cd54b5c7a76024,https://docs.google.com/presentation/d/e/2PACX-1vTl9klg2FPV_EeUoruan0vbn_LSpxDk5lalY7frmbyZcNV-IaPVuGTj8XMJQdVFTSvkILZb2G4l0DUD/pub?start=false&loop=false&delayms=3000&slide=id.p%3E,phish,at&t,2024-07-09,en,0.79859465
12ae26cdb9745dbfa0a4a96d17b42daf9fd5435e035a329f899d97d629d8d421,https://patch.com/pennsylvania/doylestown/obituaries,benign,,2025-08-15,en,0.9026657
ee88be4f7636a2377b77aeac25dc81050d1a34f18e585b98ec518a56a6a93ce2,https://learn.microsoft.com/en-us/azure/defender-for-cloud/secure-score-security-controls,benign,,2024-09-13,en,0.8530307
1b3ef5d10bdf10307a84c566e9845316169c1d11e9c1093b9dc838bc8c285dd1,https://stringsmagazine.com/beyond-the-big-5-making-a-case-for-new-neglected-and-offbeat-concertos/,benign,,2025-09-05,en,0.94889426
5ead93557df48338fb4d694526dcdd3ec92025a23b29a98aa99c0609e540ca75,http://skr.rs/zfsa,phish,other,2024-08-19,,-1.0
bcea35f34741615a742640bddb2de9e406618fb55726fa69d1102eb4cfafc42f,https://www.qd-design.co.uk/cpsess6842779999/frontend/jupiter/filemanager/index.html,benign,,2025-07-11,en,0.7298846
41f4db5bd4403d12eb3d674cac317a844617d416228eb325f80b895059d4ed6f,https://coinbsqextensuna.gitbook.io/us,phish,other,2024-08-05,en,0.9003859
a297916cb1547358b56e9f520df7d3eb9a2e9f165d2360fcaa15da30cff70c0f,https://docs.google.com/presentation/d/1xSTFaFPGwvSoYr_vGzjwQWk6S--twdK4A178h1jNWYM/pub?start=false&amp;loop=false&amp;delayms=3000,phish,at&t,2024-09-22,en,0.8008064
509bb716773014ce4d0c14f01a89fe066981f9b6cbbb85d52e338d6bc4cc077d,https://docs.posit.co/ide/user/ide/guide/data/data-viewer.html,benign,,2024-09-12,en,0.8177472
fc8b9cb367f2fb8fab84666c4b66aaa5b3bb60bead29795c206915f73aad41ae,https://plasticsurgerybooks.com/?product=2023-live-surgery-open-rhinoplasty-course-with-enrico-robotti-md-rib-grafting-in-secondary-rhinoplasty-from-a-to-z-2-volume-video-series,phish,qmp,2025-09-08,en,0.81009907
3919be60864da836ac8f1b2e0676ed28edcd7bd166a140500c0d1621f5edb641,www.espn.com/nfl/team/_/name/pit/pittsburgh-steelers,benign,,2024-09-09,en,0.7493926
d14b8e4a1a14a8ac108a9d4107af8f56e29c1d39b898235bb838cd91740258f1,https://cpccivil.com.au/guntup/,phish,wetransfer,2025-08-14,fr,0.68134403
5e75873c9749fcbaecdd9caca87f48657c4153a18d3a5de401290be97d52ddb7,https://www.edmunds.com/ford/ranger/2024/raptor/,benign,,2024-08-10,en,0.9159091
a2e5b61b28d531dd562fc1a72d83f4e4d247112d448e4e32bc2160be5ccb336c,https://www.nasaa.org/industry-resources/investment-advisers/resources/iar-reports/,benign,,2025-07-30,en,0.8529494
6fce9716d77a9c3a3e408513b147b6efafc2b1ae38bb68fe1d6784883e53b112,http://business.reviewsecurity-instagaccount.com/,phish,facebook,2025-01-06,en,0.97811455
403ad99f85f42db191ec4d3d2aaad2084b29c32d843835b4a2c7ed66abe7a9cf,https://verify-page-manage.cfd/contract/Snowears_WinterSport,phish,facebook,2024-07-10,en,0.93963176
a5243885ef9c69925fafce9977a7c6812ba8d4a79870f49b572f3d1c86a3ae56,https://exodeswallet-io.webflow.io,phish,other,2025-01-15,en,0.93863064
c82859dcb798670eac989d0336f8f0997a27c4688e96ffdf6caf3f63e520dafc,https://www.nme.com/news/music/suge-knight-calls-out-jay-z-snoop-dogg-and-more-for-not-stepping-up-after-diddy-arrest-3797720,benign,,2024-10-01,en,0.9445262
ecc855d93dcd2341c56881f5de72dba405d0a8b228e26890abc1c782f24c5832,https://docs.google.com/drawings/d/1js8DZNkdjBmMg1ctr8sLWHNDiEDi6ZECye4SaZ_N1u8/edit,phish,other,2025-01-17,en,0.8041744
d5083fffc8f3251dcc168f1ae92be313daf4e3080ac3341f04b675aa11435ea0,https://www.thestation66.com/menu,benign,,2024-09-16,en,0.82924896
abc6829f73a1e6fdebb9d18e000d9c5c5a9d286e2c8983247a8c33a898994d32,https://meta.supportlivefanpage.us/community-standard/index.php,phish,facebook,2025-01-15,en,0.9088431
25ef9e38160f4345577aed8fa6cdfcc4fd6b9575323f450dd1b84c31d9ae3a5d,https://entypo-epistrofis-chrimaton.firebaseapp.com/,phish,other,2024-07-10,el,0.8066461
c28dd35010fee90fa4e510cc7ea8ad3d6b5e8d017a266879f69d16a1ed4c820f,https://katapult.com/katapult-for-shoppers/shop/,benign,,2025-08-16,en,0.8449097
31fdd022788deb4d969688b47b2500f6225649c7342a898e3a8d13a97655cd70,https://danidc171819.wixsite.com/my-site-1,phish,other,2024-07-17,en,0.95102215
e787b0b07d8b672b28447dd434b116d5877ed6d635977bc3ccb6f368a2dc7b41,https://auh820.com,phish,other,2025-07-18,ja,0.99852026
ab40379bef5c2b45adbe415223696c7d9900616f9b3216195dc6c067555b87ac,https://www.amazon.com/king-size-piece-sheet-set/dp/b01lwmwaxv/ref,benign,,2025-07-14,en,0.8682904
d1d67e4e1404093381c33ffcd2ef9c9ccb62c0254536305d5b39b34ef6a96a7f,https://henglib.github.io/boostapcss/,phish,facebook,2024-09-27,en,0.82096845
a15e55ed6430f078a99cb1f97501380eb0187b00ce923a4bc1660d9df14189f4,https://www.myvaccinelawyer.com/vaccine-injury-lawyer/resources/vaccine/flu/side-effects/arm-pain/,benign,,2024-09-07,en,0.84338737
67251f4886baec8e021d38446f5041a28bee125fa29e7b7c2d09536464c4f6e5,https://quadcitiesbusiness.com/qcbj-newsmakers-staples-thrives-in-grad-school-more-inmates-work-to-graduate/,benign,,2025-08-27,en,0.90187955
ff33d687adf81186c263bf0dd432b3b4cb48ad4708e5e40b587f0274dc976288,www.instagram.com/UltaBeauty/,benign,,2024-09-16,en,0.36616588
5918d6e1598fdc8773faff46657e24ae7847110cc6167d46e2c6b705ba1d0c2b,https://mention-case.com/,phish,meta,2024-11-07,en,0.8587483
596854ed4d7694a43697efecdb17b4e73abe6fe56119fc5504919c5a2fbd430a,https://www.tomsguide.com/news/you-can-actually-upgrade-to-windows-11-without-a-tpm-heres-how,benign,,2024-09-15,en,0.89452916
31d634a0f2face475db83b9963b30711058108774a87aaaf87949037b7857d4c,https://parade.com/shopping/nordstrom-rack-bcbg-shoulder-bag-sale,benign,,2025-08-22,en,0.7947467
819d76b1fc22733eb2a04aad42d521faea2a9afade74329cd9a7b1ebfd7ad5cf,https://sbrh.pussypast.shop/,phish,other,2024-10-31,ja,0.9990961
d7ba484cff30c25fc8dc706f746b2ace86340270dee151697256d28b62e2bfee,https://www.tripadvisor.com/Restaurant_Review-g34438-d11679627-Reviews-Publix-Miami_Florida.html,benign,,2025-07-10,en,0.9327627
27559c1968df9a124cabafdd66bdec9c5274d928a3ca24df33b96f86dbd4baec,https://www.ciis-b.afr-web.co.jp/searchlettinglist/index,benign,,2024-09-09,ja,0.9695635
8a5f8a5acb6cd160e7ab6942f1b767cdf31de62f9157fdf0a2bb885cb25daca4,https://www.ikea.com/us/en/p/hemnes-daybed-frame-with-3-drawers-white-30349329/,benign,,2024-09-11,en,0.9321936
07bddcb2fee20e823ff3088d6ad7527569b417be4fdbeb88c64e1c3067198226,https://www.otto.de/technik/fernseher/,benign,,2025-07-12,de,0.9708076
fb7455937498d1f7ec15f7c994d91b3386a4b4150842605290b5bfa9a03f8034,https://aca-prod.accela.com/missoula/cap/capdetail.aspx,benign,,2024-09-25,en,0.7222361
1d37d060fd3603299b00226ce56418599079b91d2871f3c665a9d14da10a5844,https://gheedfhj.weebly.com/,phish,at&amp;t,2024-10-16,en,0.59109145
f008171e20fd0abc3874673a38a16deed24922a2d06354c0bf6544c64eb3819d,https://www.netflix.com/title/70228101,benign,,2024-10-10,en,0.85601497
048e3ad11ad474a408f6563760e279bdda3240f81e1d0a318a1b9e3c9da5dced,https://community.amazonquicksight.com/t/how-can-i-filter-a-pivot-table-based-on-a-calculated-field/24287,benign,,2024-09-05,en,0.8981951
30b345d39bad9e7d5d249190ff74743f93c490add3f4e9177bdbcc6290a488fc,https://theporndude.com/top-latin-porn-tube-sites,benign,,2024-09-03,en,0.5980553
4b8aa6513b9009f77d1ed84432a02b9be422878ff1910d4c048eddaaad51df94,https://www.merriam-webster.com/thesaurus/diabolical,benign,,2024-09-09,en,0.80800885
9684ceccd1b81c0c9f558f4bebe9e5dc5dd8e2d587b5d161dafad3785031ef5e,https://www.collinsdictionary.com/us/dictionary/english/appreciate,benign,,2025-07-08,en,0.8646323
6470ce75dc7c46eb807e36cdc51b60ed5c2ec558daad586265e94e23745f2303,https://login-yaho.weebly.com/,phish,other,2024-11-18,en,0.23047273
ddaca68a31edbb1d499736b9fa0748c98ba8dc9e84e33cca6ab5175c809bdfdb,https://www.theoakauctions.com/,benign,,2024-09-21,en,0.79676586
12d775642350c1be47fff48ec99e6d11dd47a19d5d047e19749d8c8b14b30c86,https://tjmaxx.tjx.com/store/jump/topic/find-help/my-account/2400016,benign,,2025-08-15,en,0.82439953
e3015bbe9e31b3d0d91265b87ed7b70363df78f890c37636ea41ec2871fd4ae8,https://www.methodisthealthsystem.org/,benign,,2025-09-04,en,0.79416114
36bbc88be5c663f2d0c3038b13d7dad9c986143505a4de5ebfa29817de44683c,https://online.greatergiving.com/pages/gotime/gotime.aspx,benign,,2024-09-14,en,0.91410154
ebbee65ee35217432143dbf02f1f67048b20f441208917f8525d7c4b02c0b780,https://www.pixiv.net/en/artworks/101325187,benign,,2024-09-12,ja,0.6749446
81bcb55b864666fd2c4779996d6d82c3d4197d47ea2635d0aafa61d1af082bc7,https://myaudit.youracsa.ca/acsa/audits/audit-tool/navigator-items/worksite-interview-edit.aspx,benign,,2025-07-10,en,0.839602
5cde0e09c6b8aa3745301db5b3e914da16810f1d2616548cf79f65a67461b6e3,https://www.cnfce.com/dossier/autorisation-conduite-caces,benign,,2024-09-06,fr,0.9798754
fdb02c0fc7867c5098b81522ac37f5e9226ea3345c8a0c76506480c91ea28c65,https://negbfc.nycscience.shop/,phish,other,2025-01-09,ja,0.99975365
11749b0275bfa2ec4dd7d692d0543757a93af0b02fd4cd52583d75486b85d22d,https://gycfh.dsvuxworld.shop/,phish,other,2024-11-08,ja,0.99991316
357263fc1095aad4309a05782e0ce68fb9dbaa00522a9239fc248a1049021043,https://facebook.shengjinshu.com/signup,phish,facebook,2024-07-09,en,0.70918775
c40f62e78cf9200c4ab566f906c5e0b6d5bdcf3bd539b295a03ce16d57eb0ae4,https://www.pbsnc.org/watch/pbs-nc-livestream/,benign,,2025-09-05,en,0.8030122
ca73fd2072bc17bece91829857636d9e1c937ddb32cc2ee0fe81f7bf146da3f8,https://www.history.com/topics/native-american-history/french-and-indian-war,benign,,2025-08-13,en,0.89437866
2f0375a954c9633247d323e1f9b0c7ad55ef54a458bee9fa29bf47959de7b972,https://www.darveys.com/blog/most-expensive-brand-of-shoes-in-the-world/,benign,,2024-08-13,en,0.9485724
66344a06ba7929180755dcea56a97e73c64e3157c017597b8efff9c66df34fea,https://docs.google.com/drawings/d/1DsCRI_BEyGKS6a7-4fg7ztGIbJzDZQNQ3Oixm9BD0eA,phish,other,2024-07-15,en,0.784118
4c19ab8c91c9657d1769ffb5f76d406c705f93e72eb55ca8db5f30db5ef7c801,https://5fgfgfffg4g4gh4.blogspot.com/,phish,facebook,2024-10-07,ja,0.1496051
2e12a7b7c20b72c4217b1c701160599694dee6c0ade7710d0ce962ea3a8dd75c,https://business.linkedin.com/talent-solutions/resources/how-to-hire-guides/butler/job-description,benign,,2024-08-14,en,0.87926143
1a18718f26950107de0b297563b8e1e529250effa431d99341f5094b71b6ae0a,https://wallet.connect-shield.sbs/restore/explore/sync.html,phish,other,2025-03-19,en,0.6336622
fe0e3f0de9a2ad3bdbbf53e360c1101b319702c39f11e8ee5ee4cf658ae98ac2,https://www.marketwatch.com/guides/personal-loans/25000-personal-loan/,benign,,2024-09-06,en,0.8701842
334b9cd74b327f7fd3f438b63688753b4c80eedf9678750d13b37c9ed407b46a,https://www.weblio.jp/content/%E3%81%B2%E3%81%AA%E5%9E%8B,benign,,2024-10-04,ja,0.99820787
8b68d08676e42b4b9d3df4dc7c77e24bcf423bd00354dc88f4ba4deafdf2ac69,https://www.bsis.ca.gov/forms_pubs/pi_fact.shtml,benign,,2025-07-07,en,0.9107454
9c86b44639ebfdc5f5aabd7d6f57381b26d3ca3b057dd110429643aa3d811660,https://www.goldenwokchineseerie.com/locations,benign,,2024-08-31,en,0.6616475
52666337a8a905ac554ce4927733910b2dc0b938f30b2104c9e90aa11b294aef,http://site9610157.92.webydo.com/,phish,other,2024-07-10,en,0.6864571
f63fbb6ea946d436ae003f45e87c9858d97f8546240950a075a5be643eff93b2,https://kukinlogee.gitbook.io/us,phish,other,2024-09-27,en,0.37148875
16a64ad407cb33ced1de87bfdc1ec83de879188f0a07a467730b7b1b9fa357f4,https://applogin.jll.com/app/jll_adobeoieprodnewsamlglobala00001447_1/exk1za0h4vmuwgcru0h8/sso/saml,benign,,2025-09-08,en,0.88086987
0e99dac44bf643269ba554236930b1a735423e7039665c0d0e414a42b481c48e,https://metamaskext-org--chrome.gitbook.io/us,phish,other,2024-07-29,en,0.820237
4ebbe70a89af21ec994810df9cc85d337f612ae4f6c56bb471fe9bc3c448d9c6,https://www.kxan.com/news/national-news/disney-hulu-max-streaming-bundle-officially-launches-see-how-much-it-costs/,benign,,2024-08-25,en,0.7881913
23e29b72b636a07364169a381ec731055a97f43da9090bf22153df07659f323d,https://www.mnsdistrict.org/locator-tools,benign,,2024-10-03,en,0.8597427
8cb33dcb02120a72db3410b288fb763f47919f400b58071929e4a7aeb7fa2766,https://queerpig.com/,benign,,2025-06-22,en,0.8610417
a49bc1967c47e64d2f438f20534592acfa3884c0a8de50c4e523ed2115dfc90d,https://meta.com-case5173251.com/help/contact/39894554945604%2CN/A%2Chttps%3A/openphish.com/feed.txt%2C29-Sep-24%2CHigh%2CMedium,phish,meta,2024-09-29,en,0.6604848
1aa2a296bfe48cd17f44a7de9bf7a2d71b54b1765948de60ac3a9e0b1fa58810,https://accessitlibrary.com/,benign,,2024-08-22,en,0.93175966
a711cd6dd970189c16470a9014b64f17f8303cca5d514b10bbdac69c400abe2a,https://www.willmaster.com/blog/misc/country-name-abbreviations.php,benign,,2024-09-21,en,0.6718207
fec50e6e0fc654910fdd1482acbd2636c7458da7d372490ee3ce6195f98cfd02,https://www.nu.edu/blog/public-accounting-vs-private-accounting/,benign,,2024-09-04,en,0.8726028
d32814b9c4401765d20b69d9d530177b20b27d49dabc160e8242454feed32c39,https://safetyadvice.ie/duties-of-the-client-in-construction-projects/,benign,,2024-09-05,en,0.89655614
7692e51bae3703fe812ff03b825cfad1d34cf17168e8499def140712fc831d01,https://app-metmasklogo.gitbook.io/us,phish,other,2024-07-15,en,0.69349146
96fef305329827e85d874414f1ea29a59de7329727e5101b4fcb0604a865ad8f,https://simple.wikipedia.org/wiki/Choir_(music),benign,,2024-09-01,en,0.8760166
d9c3a9e248dd62c3a4a25ed292e76d3596305eb7cecd5b5b89ab8a6fa75ee01a,https://activate.voucher-reserve.com/18423437,phish,booking,2025-08-16,en,0.9210522
41cf1c38ad600c14591880ee7a4565116f8a217d0ebcd3198b20b7692ebbbd23,https://www.streetworksmn.org/how-long-can-you-stay-at-a-homeless-shelter/,benign,,2025-08-12,en,0.8769282
64c9ab01cc9a43f72efc67a292957022271ff56765e048dfd912e17eaef812a9,http://ledgerlivesecure.com,phish,secur,2024-07-10,en,0.69228584
165481144b28662b02ef0f3a6528551be9975766cc796a65ea01e959e3ce39a4,https://brevard-county-clerk-of-court-public-records-search.govbackgroundchecks.com/,benign,,2025-08-22,en,0.80912113
988efd39e31d39c890d028c3233cd8ea82b298493c739463a414a6fd7a12104e,https://www.attomdata.com/property-reports/1516-barron-st-portsmouth-va-23704/13531512/,benign,,2024-08-10,en,0.8020417
57c57277c4e3a057b5dda359caf71dddf770892493e8c947530cb4d5de53076c,https://www.tipranks.com/etf/msty/dividends,benign,,2024-09-19,en,0.81067014
4dfa7413fa91d6d53be817c31398a40f60d5ab1e4978b803808a824e010580e8,https://center-active-business.boats/contract/100064190137264,phish,facebook,2024-08-14,en,0.93963176
1e9f6be657a44f05aeccac095e7c2a3186a9579b520a3b181c0a1acf38235289,https://www.onlinemba.com/resources/is-mba-right-for-someone-without-business-degree/,benign,,2024-08-02,en,0.9227468
d3818d2581c50493834a5b4f8f7aa4126373044676b2457fec03781099006170,https://cjpearce.simprosuite.com/staff/customer.php,benign,,2025-08-30,en,0.9025853
1ee25449d6c46ea9758c87c7dac37fa94aa12e8f4421638a6c4345f61b419536,https://tdn.com/eedition/page-x99/page_4ced548a-1ba3-5307-abc3-0124f9ca9c85.html,benign,,2024-09-09,en,0.7261043
4061c36415260418783466d08588e73f36d6633c745e5b7a2af873a617300eae,https://home-106065.weeblysite.com/,phish,other,2024-07-10,en,0.8756684
4a94e02b3eb100f54716822fd620505758aa6cacd395d5d45deb4ca4e23e749c,https://id-182736.com/?naps,phish,naver,2025-08-26,en,0.85216576
452af7ac516e0c3a97cca6ca6ff91093c3e187eaee58416304116bab5e6fc4bf,https://jesse1jazzflix.dpdns.org/login?c_ds_na=text%2Fhtml%2Capplication%2Fxhtml%2Bxml%2Capplication%2Fxml%3Bq%3D0.9%2Cimage%2Favif%2Cimage%2Fwebp%2Cimage%2Fapng%2C%2A%2F%2A%3Bq%3D0.8%2Capplication%2Fsigned-exchange%3Bv%3Db3%3Bq%3D0.7&c_ds_no=Z6QnwjPvj9HxuUhFqBs7b5UlejF8VVzydLqjF2aTFK,phish,netflix,2025-09-04,en,0.8545537
68449dc0f7d63f2deb4ed2fae100e07b8239468a837e85e63571bd8f71c139f1,https://scn.littlegreenlight.com/users/3439672,benign,,2024-08-01,en,0.8029806
7a4e8d400af9d66c23aeb7b30b398cd768a035604f797dd998f823227e811060,https://au.trustpilot.com/review/healthunlocked.com,benign,,2024-10-10,en,0.9372317
bd18a831578b6c7a0dac7b0ff7a864f87b85be57bb9aa97632b5a849fc5f0eae,http://pokemon.fandom.com/wiki/Kyurem,benign,,2024-08-31,en,0.65654516
5bdd55026bb98551af75a0baed8ed12a16ea9532c1de73067a1e616943e03fc5,https://chaton.ai/,benign,,2024-08-02,en,0.9400594
c13edf26a4ba9f61e53f6ba94dd97d76871dd437a6abf897dc0b355dcfc21cca,https://start--en-trezrre.gitbook.io/us,phish,other,2024-08-17,en,0.87002856
c12f3f7254735c9e6d6d25a7793f5d4d13f703da8ede19f473d19e8d7e63d007,https://catedraldesantiago.es/en/cathedral/,benign,,2024-10-03,en,0.95844483
162d5fbbe7a9eec35a5b53ea8d67e0b88f51cd03107f96da7e26bb01f11c03a6,https://www.allaccess.com/mediabase/q/report/yearToDate/format/H1/panel/R,benign,,2025-08-14,en,0.66466856
5822c0e3d16bffc31002b16027f26cb256fd0be97a4f8040ad79918d48306855,https://www.yahoo.com/entertainment/miranda-lambert-ditching-booze-ahead-231429941.html,benign,,2025-08-25,en,0.9351381
6a2e59c70cf008e4d32a5557ca57be61f59ff29dbeea0c331927fd0ba60e41f4,https://cddlrecycling.myyard.co.uk/transport/new_driver_sheets,benign,,2024-10-04,en,0.5865611
2ddde4f7bc617530d60fdb2529c1c566f76fabd01c5bfafb9d7019788c6d5bd2,https://docs.oracle.com/en/cloud/saas/netsuite/ns-online-help/section_4706661761.html,benign,,2024-08-10,en,0.6921052
4d20b4d7bbd3c5ddb62ea3cf6b3e6451ab04e385d97555fba614f2974ca81f2d,https://ramp.com/blog/what-are-depreciation-expenses,benign,,2024-08-01,en,0.91785073
15dfe8b3cae9c11cd1a4c11cf69554308a3bf6a81960f63ffcb69c020fa44981,https://info.abboptical.com/hubfs/ABB%20Contact%20Lens/Acuvue%20Oasys%20w%20Transitions%20Discontinuation%20Letter.pdf,benign,,2024-09-29,en,0.7916407
6e16ece2d2fb53c0f21b461be5fe91d0df192f05adc6b6b699806170ac16f49e,https://scurbroadbandworldbt.studio.site/,phish,other,2024-09-07,en,0.08099475
a4a7ea83bc7bd93d41eddd87844d5cc69547a4d662e250e9448eb69925703162,https://rebrand.ly/skate8,phish,other,2025-01-16,en,0.95317113
c9fed6d6c01c02937110399754158fbe5172562b544d1a6e2e1eb8797ae70fce,https://www.ebay.com/itm/365055251547,benign,,2024-08-12,en,0.7751662
6eeac1fa8b593308fcc9056374e505682a63d8f8e4360ead012e80edbf8ce69f,https://www.americanexpress.com/en-us/business/support/taxpayer-identification-number/,benign,,2025-07-09,en,0.82869864
2977850430b1f910860b88b4b515f7f299edf24bee61849d101011fbb3a1a66a,https://pub-93b37b986a054a60aec60e9c043e26b9.r2.dev/secure_response.html,phish,other,2024-07-10,en,0.8868192
00e05d8f2aebb61717f1c6863bf369c9a2a2ccc736e92c294a41b013f69cb810,https://www.britannica.com/topic/Freemasonry,benign,,2025-07-11,en,0.9381516
4aa3e609e078b36d3ca0fd0d0ab94da9ec4f08b4a10a40bc64b6a5de4c5297b3,https://sbbcheckit.com/fr,phish,other,2024-08-20,fr,0.99270725
b5b14537d2317736fb51c1542ab4b0247c07678180afc2b520a45a940869a1e4,https://www.nibusinessinfo.co.uk/content/payment-terms-commonly-used-invoice-payment-terms-and-their-meanings,benign,,2024-08-27,en,0.89255524
0c63aff31773ac7b1296be1e0e2e7d7503ccd5d07924ce42d438fb3eb22cae07,https://s0.2mdn.net/dfp/1778887/4673014284/1643283472958/index.html,benign,,2025-06-21,en,0.8524978
70e128c8e70625dbb41e43c6bbd91fd4cf0c4013fac3f1a1353cac5cea3821df,http://us-usps-gioxosa.com/us,phish,usps,2024-09-16,,-1.0
19b5888379510c001e794a907d8b40086b1b4f911305d0bd06cd203716b9808e,https://outlook.office.com/hosted/semanticoverview/users('oidd8ff8f48-9ef1-4f30-89cb-f2d3f3a9c6f9@ed52845e-33dc-4175-8955-cd18576658ea'),benign,,2025-07-07,en,0.45902643
96502835b26b45a1325a67afd4a958ee53403e86ca53e3d40f2e1762a08f40f8,https://www.catch-22.org.uk/,benign,,2025-07-15,en,0.85701394
d8300c89b42224083b644dc4dbfdaf2699ef89f597fd904d278fa6efe81b9a70,https://my.oregonregistryonline.org/career/pds/,benign,,2024-10-02,en,0.7833104
09a52ac4ba899f7df44c6915ed07f32b7217f8432889a0752ddc52d84aa7aa7e,https://www.yelp.com/biz/san-elijo-pediatric-dentistry-orthodontics-and-adults-too-san-marcos-2,benign,,2024-08-07,en,0.7539471
90d4b2344c20bcd9fcd3c87a6de999c5b8e0e6a21ca7e64856d70ca9bb0d426a,https://account.overview-information-business.com/assets/images/accesson.php,phish,meta,2025-07-22,en,0.8811957
c50fc73e9734adc2216759be441e5eacd9fbdc857dd66be1a80cb6a6bf3f5109,https://www.unitedsiteservices.com/billpay/,benign,,2025-08-12,en,0.8158018
43f7a159c706d8f28c5a152f47303a41a66ffe3afed83f61907267911e0a2fc4,https://www.nytimes.com/2024/10/16/us/politics/harris-democrats-fox-interview.html,benign,,2025-07-09,en,0.93244445
02457bb297423abac41cfbd7066b15498b1e9973963a5f141b3a8f237493debc,https://www.espn.com/college-football/team/schedule/_/id/25/california-golden-bears,benign,,2025-07-04,en,0.9212212
b08ab405509b7d010e32c14ee8a95e5e2073eed9cb2739f2ee05fabaad628596,https://www.amazon.com/Perfect-Seasoning-Salads-Spicy-World/dp/B08FMRCV2R,benign,,2025-08-26,en,0.8179405
056d76a431133065a9c02caf2798081f99ced599a58a22ee0b379ea316fa6b9b,https://metafaceb00kchecking018.vercel.app/,phish,meta,2024-10-22,en,0.9155139
c9d997a99e1e0e4c7d3bcbfef87d3fc1781ed24bbfbaf722e022ca55d8355bed,https://metamisklognin.gitbook.io/us,phish,other,2024-07-17,en,0.92452556
f6e995e3824be42a597d38a354b51702c8bb28ca081102f52b38e30ce8428c36,https://www.facebook.com/CroghanColonial/,benign,,2024-09-04,en,0.8391415
2bda47b904f431d9a28221ee9852acfafac5c5001ff8ecb83234ab250b873638,https://www.childwelfare.gov/resources/concurrent-planning-timely-permanency-children/,benign,,2025-07-13,en,0.79099315
2c8072b5ce2476b9f05504dff3d636e2793c88f54eec260a04d0b33a2b42226a,https://mashable.com/review/google-pixel-9,benign,,2024-08-25,en,0.9231311
247a5972601e67780009682bfe72189bf75a3035c2804388b959456a2fa0ac2e,https://share-eu1.hsforms.com/1esOC2tmzR0y_vWqarb8VJg2eycj5,phish,other,2025-04-17,en,0.74931616
383c8e07ae311e16e060dae16caa7027e54fbd11b1e4966a01d2bf52c479bf94,https://www.rtings.com/blender/tools/compare/nutribullet-blender-combo-vs-ninja-professional-plus-blender-with-auto-iq/8539/14425,benign,,2024-08-01,en,0.6656917
98b20a53103fe963be66686f3ec774fc60eb38a7868e8e36f57363f443d90f4a,https://violate37750429291.contactus-reviewinstag.com/uadmin/plugins/core/jabber/composer_components/xmpp/vendor/phpunit/phpunit/tests/Regression/GitHub/1570/Issue1570Test.php,phish,meta,2025-08-01,en,0.8811957
f8b1684b8cf26424bf1b796e492f2b40c6876e8dc0d14242a918bc203b141073,https://www.columbusga.gov/elections/Voting/Absentee-Voting,benign,,2024-09-16,en,0.8204394
a5b703c9869e39fd32549ac31611c6fdfa1cd436cfc73a9d65f572619a90e3f4,http://t.co/2A1gMQEhPc,phish,apple,2025-01-17,en,0.6816748
236eef43afd44a17f1608178c23c098d1d04633900dc52abcb8ebe6a97b159bc,https://yahoo-mail-109528.weeblysite.com/,phish,other,2024-07-26,en,0.64164126
eee2ffc078273f831621d31519db6d04f997c555b2e0eef556f16852ea718bc5,https://saberespoder.com/en/articles/legal/requisitos-para-obtener-el-pasaporte-mexicano,benign,,2025-08-12,en,0.9184884
a0f3d94d72f30d299b0351a45aa10a707073567fe2c3cfce58955000c3ca64d4,https://comptroller.tn.gov/office-functions/pa/property-taxes/property-tax-programs/property-tax-freeze.html,benign,,2024-09-09,en,0.9017486
f0cffde7aadd514781d0f8936c920ab3cf328e91e2a1bab09d371895c87f5a8f,https://groupafrica3whatapp.lawyersvideoservice.com/saking-akeh-taman/makeber-margi-sareng-tua-27857.html,phish,facebook,2025-03-15,en,0.28678158
57cec1a05c81ad14b53740e9d7b99ec14dda8c6b1cbd6fa7dbcb5292cccd8443,https://www.hmhco.com/blog/benefits-of-small-group-instruction,benign,,2024-09-30,en,0.89287364
7a50bdfe20dab68c0ac7b5d60c93e4fd7124dea150edcf04a1186ec113cb07e4,https://secretary-local-git-main-uid6850134.vercel.app/hhkruu.html,phish,meta,2025-07-05,en,0.9111951
e96b8f6608f586d1c13cdea0167a2a89eea1153a4e7d7e89b09c88128beeb5c4,https://www.nectarsleep.com/p/mattress-size-dimensions-guide,benign,,2024-08-12,en,0.8729536
207e45c0f6af9029e5ef135ec9a22c922a32202cec11ee96e199997acabe2c11,https://www.facebook.com/p/Camilla-Araujo-61554862530415/,benign,,2024-09-10,en,0.90796417
909247aece081efab668066fabef1e0d2d761cee378f1b80316fafbfd64556ce,https://trilltrill.jp/articles/3903302,benign,,2025-07-31,ja,0.9995115
6dfddcdbc2ab60fc02a920f535dafef4a67a00ae909490681ea2c2505c108e91,https://www.profilesondemand.com/fpwebsignon/,benign,,2025-07-02,en,0.84422016
88a2c6160a61d9c01a0f2bb97be68b0d1438dd11ae593f5bd754d0c1efdf94b2,https://www.westernsouthern.com/life-insurance/what-does-life-insurance-cover,benign,,2024-09-20,en,0.9163387
8f09b2aaf89553de78fc7deac13d1199e6e595022a7dd4338b5b96e7267fbce0,https://www.simonrushby.com/post/georgia-on-my-mind-by-ray-charles-written-by-hoagy-carmichael,benign,,2025-08-25,en,0.9609452
e362b7c9a265daaa9e569c9bc44d4f972961f1d677bc85a8756fa158fc3ba472,https://www.cruse.org.uk/understanding-grief/effects-of-grief/seeing-hearing-or-sensing-someone-who-has-died/,benign,,2025-08-13,en,0.9515307
07567d22cb957e40b925bfdf12e0f68afbd40d17de07b13152a1b55eb69da8c1,https://www.trane.com/residential/en/buyers-guide/hvac-basics/how-does-a-central-heating-cooling-system-work/,benign,,2024-09-26,en,0.87868077
03cd4fde802b0031685c29a3d2c64a5ac79ff4eab9b360c45277e088f2b29a76,https://fes.jobsms.shop/,phish,other,2025-02-02,ja,0.9992334
3c831e3ec962ccbd133db43ad6b3b0ef5a6a43f4087b56dcc5fdb38b011e267d,https://en.wiktionary.org/wiki/menial,benign,,2025-07-05,en,0.75283045
953c6dcbe37b6481aad5d1724aa2e2d63e07fdf82a562e5738cafea124658b8b,https://ipfs.io/ipfs/bafkreidpxlwwpcnhmleauzngaarjcifz2dboegdkfagl56jztbjv2lgzja#ZGwuaHJfdmFjY2luZXNAd3V4aWJpb2xvZ2ljcy5jb20=,phish,other,2024-07-17,en,0.9288334
d638131553269d32b307ab6ff920eae3c9fb12ad3aa668e1658b24b400f789f0,https://cofanet.coface.com/subscriberviewinterface/home,benign,,2024-09-11,en,0.8307203
a657a45e746462f14e88bc80c2daf48884bf9b0c3a288571ab18c6821b719125,https://yachtr.com/,benign,,2025-07-15,en,0.7588295
decb746814925002bdc8a69d1e2fa8eb2b0706e34ea897062cb6aba50b5d00f7,https://kukioonxlogin.webflow.io/,phish,other,2024-09-29,en,0.21120694
04c2c812bd3e7c4be4269b3aa93ca7e74a5faccd461f4d614430b2b3e4fec2d5,https://www.pocketprep.com/posts/4-strategies-and-3-myths-about-multiple-choice-questions/,benign,,2025-09-08,en,0.84776735
478927582b559f0b938e223a0e1aca3603bebfdfc699a5e03f61395c8f6bff93,https://www.pjstar.com/obituaries/pils1066388,benign,,2025-09-04,en,0.96352667
bcde94f1ed98e63588061bb9f09312e2a8770226768b7b172eff868663241112,https://www.passionsante.be/article/fruits/les-bienfaits-de-la-cerise-sur-la-sante-34308,benign,,2025-08-18,fr,0.92307186
8f213e5464e0dbc0fda95058fc5e6cd58e1adb869d591ae0ff2f950f7e6b3f2c,https://en.wikipedia.org/wiki/Pineville_North_Carolina,benign,,2025-08-17,en,0.7683441
e84d345bcdebfd1ad842193a1a88f42fa973f565cfa08f35b0dcda3103c0a950,https://www.lightingdirect.com/outdoor-wall-lights/c73,benign,,2024-09-17,en,0.6476828
b003ddc0eaf942f867e5198abbc4151cf83de59cace9521d2ae57db36065c03a,https://www.eurogamer.net/bungie-sneaks-custom-marriage-proposal-into-destiny,benign,,2025-06-24,en,0.87160087
4cd531583d7366ff553ede5781f633b16f181e3fba031cc41693b4886023d02e,https://www.rogerebert.com/reviews/close-your-eyes-film-review,benign,,2024-09-08,en,0.9324962
9b38cf5acf0fabb2e3161d5666b2f4060923d399930db29c5643fad41e0cae3e,https://dj.studio/blog/free-dj-software,benign,,2025-07-31,en,0.90613836
51c23810d83b4126110f82dc057e79c4d064834f1deccdf280501286128f3c5a,https://news.yahoo.co.jp/articles/79fe21e5702acee1fdd424e4c54dfb3b1649c466,benign,,2025-07-31,ja,1.0
499f968a307fdb3e8660bacb77b9616122d72c801af7fa0a579d6da584e960b0,https://www.investors.com/news/carmax-stock-q3-carmax-earnings-carvana/,benign,,2025-08-13,en,0.8500876
a1d7303e8dd44e58e7564fb389cbc894a3291ea654ff6eb6e86ae666c7e418cf,https://www.amazon.com/gp/product/b07fr1gd3c/ref,benign,,2024-08-11,en,0.8480194
fefb3b5cb5192ba2a18a0989847a5be829ebf6e2911222a15967c7ffcf56c55d,https://groww.in/p/what-is-ipo,benign,,2024-09-05,en,0.93027973
a13aedb11bc2292c804bf79477af39a932befe9773410b721d10e1edf6108944,https://www.idnotify.com/,benign,,2024-09-11,en,0.8169761
59393005ba2f35735649189ee863e354882cd74cc8f0a52badeab15b4d904875,https://notificationstelkomm.weebly.com/,phish,other,2025-02-14,en,0.7902136
fe9bf7e6efd9246a83b62274fc5d038d4e11578d1c19ff78ea7eb05036c3bbe5,https://canvas.sfc.edu/courses/28209/gradebook/speed_grader,benign,,2024-09-16,en,0.84691226
15f035f233ee4408a57a43d0289514030cb97a14230a42a2a59609f1752d6da2,https://www.doutorfinancas.pt/financas-pessoais/como-saber-se-tem-portagens-por-pagar-e-evitar-multas/,benign,,2024-08-27,pt,0.9828236
4a114b3b67335a6842d0a236dd1035c2d74fd2e1076d0db07daa8fb8422f90be,https://broadband-s-school.teachable.com/p/home,phish,other,2025-03-10,en,0.8010862
9f47582463a57a092dc29ea75318ca405de7c32f6b9a902b1f5744295c6de279,https://www.facebook.com/FathomEvents/,benign,,2024-09-23,en,0.6350041
e568f929b4170e164652457e7c751f383882af908fe97d576b54c61670c2b9e8,http://www.rkckucjs.ncel.my.id/,phish,other,2024-07-10,en,0.9355265
56186adf6bac3b12bee3e9969e5fa1ad8d32c7738fdcce8eb09312c38697b388,https://www.m.cafr.ebay.ca/sch/i.html,benign,,2024-09-29,fr,0.95277697
dc4dde37fd23d15bc32b43177f5768c388abee2868453efcf555fc72c6ca13ac,https://www.thewinesociety.com/my-account/,benign,,2024-10-08,en,0.76695424
9e7703e0ae21cee42d8cc2fd6cc0191b8abe34046876cc40be76f3dee5021814,https://www.reddit.com/r/kindle/comments/vv7re7/downloaded_kindle_app_on_ipad_i_can_read_books/,benign,,2024-09-18,en,0.8256298
94c42388545062e0b13aea7ef145af31a9bb3228dd9ae438718770f24fe39dd9,https://pub-6a8fc3b8d9a44e4fbf24079b5871fba4.r2.dev/cam.html,phish,other,2024-08-28,en,0.77556956
5da3a9722925aae078b479fbc47952006706a924241f05a4278d851a91f54bcf,https://liftoffcerts.com/checkout/,benign,,2025-08-04,en,0.70578986
f0cee2ab5ace7cb5b4782c7503c11255a37adb1d5645882f660522b3e659cdc4,https://zapotitlan-de-mendez.gob.mx/,benign,,2024-08-09,es,0.92826945
f228a0154b539158023232552423471c34a31f6b50e0a01fb07ba8ad7a8b0764,https://script.google.com/macros/s/AKfycbznF9i9mngvRdD9nAIsC3wEeD2H0kV0sSTD51w6a0JbWP9lwLT6F0iAJlHEJWCe0-EdhA/exec,phish,internal revenue service,2024-07-10,en,0.9795845
154a72cc8a17055be333c20c49a01fb4e4e7bcc48ad5ba8d260d5995ed06638e,https://zyr.comusewife.best/,phish,other,2025-02-02,ja,0.99990815
d5f05e338fbc7cd3c147ce55e4eb9b7507af858b9d70aabcbf429e171e52714f,https://tidylady.net/pages/templett-editing-instructions,benign,,2024-08-28,en,0.8164399
e5bf57080abb02f77b6f1767a26c19f2ea026d1d553cb8c44b61344ce248a3a3,https://www.lifeonthemediterranean.com/portofino-italy-worth-a-visit/,benign,,2025-08-03,en,0.94338125
b7c2dac118a8694bcc45538879f374219380cdb6cbc062d4e499598a7209f4ae,https://c2a.services/Webmail/65/Webmail/webmail.php,phish,other,2024-07-31,en,0.17881732
4a35735d18a7a103e4d8aa792e5d64dc33c9876d66a53d49f098bcd863425e02,https://manage.onecause.com/events/c554857e-fe13-4ab2-aa70-0af6b383cb6b,benign,,2024-10-01,en,0.82944524
822afd650400d8e5d171948c0612e3c31a5d568f007ef2d43296f2d135a9d0d8,https://www.facebook.com/FemaleQuotient/posts/despite-women-gaining-the-right-to-vote-over-100-years-ago-financial-freedom-is-/869514175211594/,benign,,2024-08-19,en,0.9582755
22f0d36d87771c1266b586e99d974a073ad189abe3f37a5d4491c2c1aba1b290,https://aesthiq.org/product/gt-hospital-jj-group-of-hospitals-grant-government-medical-college-4th-live-operative-rhinoplasty-workshop/,phish,qmp,2025-08-24,en,0.86391973
f8e5a95dbbebba901e2d162e63567460426b9ff8c1e13780c85a073daccb0937,https://www.ipsosisay.com/ja-jp/user/login,benign,,2025-06-30,ja,0.9880851
4cc5049f77116e404943fbf1e8181f1152296eea728bb4ad7cab214a9eb1d8d8,https://www.nike.com/t/pittsburgh-steelers-sideline-team-issue-club-mens-pullover-hoodie-89dd94,benign,,2025-08-01,en,0.5709006
9bc92f737526d31ab0a755d5d816ba003491c21d13461117619a0a46c5bcf457,https://pub-6fe9cf8bcfad4fd4a6c7eb27b366b6d8.r2.dev/av.html?email=cmVwb3J0cGhpc2hpbmdAYXB3Zy5vcmc=,phish,anti-phishing working group (apwg),2025-08-28,en,0.7112122
87521f57e2591180b06a96d3b4f8acbfa2cd8a1e79a1bc105b5ebac36a38777c,https://telstrawebmaiil1l1l1.weebly.com/,phish,other,2025-03-29,en,0.8316558
e88e1c64b3521d1c52fab5b50eb263a78c166174dd730cb2f7b7b563e7d5ed67,https://www.schwab.com.sg/,benign,,2024-08-08,en,0.9043825
9bd9d4b87cdc4fe32222e5e468349a41df5f579fd883a8e7469c1c73ed29ce6b,https://securemail.quiltercheviot.com/formpostdir/securereader,benign,,2024-09-13,en,0.92490065
ff7b4331556b690ac932637b35b643b889d3c09236d6e1a430df7e92d421ac02,https://808784678234678234786237483.blogspot.be/tmp/Joomla_3.6.2-Stable-Update_Package/plugins/system/p3p/p3p.php,phish,facebook,2025-08-21,th,0.9994756
97d32404e92f88d4022f5a0463c83fbef8ddbccfe5c67d79a0b85a7051342efd,https://www.landsend.com/products/womens-34-sleeve-lightweight-jersey-lattice-detail-top/id_387449,benign,,2024-09-03,en,0.85587895
0c9313a3eb37ee4cbba4b7bd8d4ce667315aae8a9cea33c7be98b912dee3c4d1,https://www.ri.gov/dmv/licenserenewal/motor_voter,benign,,2025-07-09,en,0.89066315
09c37b17506f887efd87e82e05b8efff71ce5b12f86e90cae88d04d1cc410d6f,https://www.royalcanin.com/us/cats/products/vet-products/urinary-so-3901,benign,,2024-10-01,en,0.7607422
0749f2e9f54dae8ee7660dc356fe22e176a9a090a3aff90cb2a091ddb6eabb85,https://www.si.com/college-football/schedule,benign,,2025-07-05,en,0.90792537
0701248dffa44d28058dc415cdf90bcbe0c123246eb738e2925471f7fb9af091,https://wellnessretreatrecovery.com/resources/etoh-ethanol-alcohol/,benign,,2024-09-03,en,0.92679936
96719e70a4c8b3947fd63fb4dbe437d6867e8ebb5de80105f0aecb65977b8d01,https://cooinbaasexchang.gitbook.io/us,phish,other,2024-08-10,en,0.9249096
d437fe136d227ecde167dcd780fdab8e311f583ca6489c28291586d0274203d3,https://help-metaasehelp.webflow.io/,phish,other,2024-07-10,en,0.87832654
49d460bb1c5ef19c876ff92bec2e97363c13e20e06bae8890a809be7cd7791e2,https://www.netwrix.com/cisco_commands_cheat_sheet.html,benign,,2025-07-11,en,0.7874578
13fa789a2eec94a93acfc519f48586a86fb4eed5db63b1761417365196aba428,https://www.strapcode.com/blogs/watch-bands-classroom/watch-bands-what-is-the-standard-watch-band-width,benign,,2024-10-04,en,0.6967629
273d3687c960435c141fbd77fe7173e153efbcc56ab3c5b3b44a0dcb90db972f,https://theonlinegrill.com/how-to-clean-blackstone-griddle/,benign,,2024-08-13,en,0.9249651
8b3ee737b37cf12df6ea8929c820c26e7810ad7170257528e878aa53415d373e,https://www.andersonmcdaniel.com/mailinglist,benign,,2024-09-07,en,0.72546715
bb90944e82f821ab8340bcd96730c8102caf326c4cd9ddac167b75af2e15cdf3,https://helps-metamisklogn.gitbook.io/us,phish,other,2024-07-28,en,0.8782015
3e899614800897a48382c125417de21fb560c1b2600d668bd0d7f0d369037b1c,https://booking.com-id1313.icu/pUMefaMR,phish,booking,2025-09-06,en,0.87484455
5dd956c1d9c13a14bbe59459771ce7b151c652e12fbe9e6833f4227d3770af85,https://pub-24c7cce023e14bf28bd592bdf6dceaba.r2.dev/link.html,phish,at&t,2024-07-10,en,0.7572696
2cd1bd52ac56b162b9d43e704282ea451aeadb53dfe133a215aae92ae8db9a8f,https://www.marriage.com/advice/relationship/three-day-rule-after-argument/,benign,,2024-09-18,en,0.92309344
346e75208b841f6364f2bf1704d09fae1f497f088bc69b4e9c0fd08b5b01c3ef,https://economictimes.indiatimes.com/definition/zar-south-african-rand,benign,,2025-08-23,en,0.9086216
baa1fbc86512457d2a534ec823f3870022464287268607be79b915931d5c23ea,https://www.everythingcanamoffroad.com/ecc-blog/10-most-common-questions-about-the-canam-defender/,benign,,2024-08-25,en,0.8650359
8ee4ca5f421ebd86b9aadfcd2ff9ce28ff1c956699bcfdf9bb7b3e2b9e7c1281,https://gununiversity.com/best-10mm-handguns/,benign,,2025-07-11,en,0.9127509
31ec2ceba4a42fe8ce4f882d79c650d77971b9c9a82b2dc10519c3d33267f07b,https://docs.google.com/drawings/d/1TUqsV5T1GyiO65pENii-2qN_Oy26Wf70TFSH_z3Lhh0/edit,phish,other,2024-10-01,en,0.7743192
401ba80bae9feb60cf0720975b24962bba93af7649c9ccfe6f5b8295b72d0a46,https://docs.google.com/drawings/d/101tMPbgI4-1m5-MYay6sO3KrMEMSvmZmU7wLswsUWeI/edit,phish,other,2025-01-02,en,0.75343233
b6f051e61675ada83ef0d5fb6d0d327f0f242860cfa81b20b36c2efda96cb329,https://www.sandiego.org/articles/north-county/carlsbad-california.aspx,benign,,2025-08-18,en,0.8256065
de85851b15c2fc180a5a76c8b6f72d41a54f5ff3cdc2472196e491efd90ac5a9,https://tinyurl.com/wls-truk,phish,other,2024-11-19,he,0.9999854
d86dc548d444b7f4afcd8e37a955f3dfdd5a9989b041920de181fcdb2947c2dd,http://bostonharbor.shop,phish,poundland,2025-07-21,en,0.68830824
1a0a79633551a8243e555ad38ac32d0ddc4200e820bc8b500479d80bf61bd773,http://www.goenzyme.com/wp-includes/pomo/ebmailL.sfr.frundefined/SFRMailmail.htm,phish,other,2024-07-10,fr,0.97835505
258da25ea9aceb0d72db0ad06c6d31fede295566494b9562bc2799a9c50b8116,https://forum.tunisie-foot.com/viewtopic.php?t=41762,phish,robinhood,2025-07-26,fr,0.5996392
046a6a2fcc5ad8c87623b4b87d49436a956959aebf9dfb6b2f6fc0915cca2422,https://www.monotaro.com/s/c-75838/,benign,,2025-09-07,ja,0.997646
51f22da3d295b7c79542efdc3ab2b0338a65624d31a84af728b0fc35a17eb186,https://www.learngala.com/cases/redlining-ypsilanti/3,benign,,2025-07-04,en,0.9552304
3ecd91810ac4902fa5c0f8dda0172a533dd830fdc9d4f9f85114d2df4fcce8ac,https://www.monotaro.com/s/c-78724/,benign,,2025-08-02,ja,1.0
fb32da378fa7f9b69399fd146dbbfe6ba6479d598330da079b2c6cbf855e890c,https://api-rate-limit-livid-iota.vercel.app/,phish,meta,2025-06-27,en,0.9219515
3f59d49db2e5ff017dcef0947470da2ec2c4a9eddfd6e3cd79c6ffd9a7d40b5c,https://finance.yahoo.com/news/decoding-hershey-co-hsy-strategic-050138824.html,benign,,2024-08-28,en,0.8389369
b7bbed4b6bb3be6465f421f2083653a45611b693f1590634b3d49b16632fe8ea,https://www.uvm.edu/admissions/undergraduate/after-you-apply,benign,,2024-08-02,en,0.89220893
98b8efdf42a2b49a02d9e267e5a5a98692073a165d8ef95bb5a7a4ac99f3bd7c,https://apexfoot.com/mens/orthopedic-shoes/,benign,,2025-07-15,en,0.7718875
1a29af52435a983360212dec47c2a49c53d69415e06d68301bc7c72a743f5b04,https://www.robsonfuneralhome.com/obituaries,benign,,2024-09-26,en,0.9278049
4ed810c9040ea89ea85b2608ec5b4b2cfeec6e101b0c9db2406bd3d8fa8a590c,https://pango-gr.ada.support/chat/,benign,,2024-09-22,en,0.9145705
68f504a72873832a03aa452c1a1d45c804ed2c053d78ea5d0c130a5310fb18ae,https://conwylodgepark.co.uk/blog/holiday-lodge-ownership-in-the-uk,benign,,2024-09-06,en,0.9401483
9d02aa8dc480c1c9439977601004cd0fc5cf6854fe940e09d578be1c957756b8,https://www.rikivonfalken.com/ionos/,phish,other,2024-09-04,,-1.0
925761e51f4c1eb7c59a753e53cb894960f282f88347ca940be30b3b45b0796e,https://www.reddit.com/r/AskGameMasters/comments/ej5xe5/nonsense_riddles_with_no_answer/,benign,,2024-09-11,en,0.8824789
b80b8dafe42114fba628db2fb5c0704abb7996a69426111942a4074b38abc49c,https://www.koreanbapsang.com/kimchi-jjigae-kimchi-stew/,benign,,2024-08-09,en,0.87157387
49c6857d7107d637c8529cf405534555d74cf27fc54176e252ba0b9b87ea2a4e,https://ca.finance.yahoo.com/currencies/,benign,,2024-09-10,en,0.7919282
3a1c2ebb3d748c7543159ab3a2deeb3d8d73f415e3e2d766520a0bc6c84a1406,https://www.thegatessm.com/gia,benign,,2024-09-22,en,0.89514947
f7ca3ebedb432f554800067df3f559cf64021228408eb88d4c084eaffdde450b,https://www.redgifs.com/ifr/mixedunknownestuarinecrocodile,benign,,2024-09-09,en,0.65821874
049ee84e7802ab1c29f9b29f597c9cddfcf2b0ff05c1bce8a87885f462d29666,https://www.grandcanyondestinations.com/las-vegas-to-grand-canyon/,benign,,2024-08-11,en,0.91079515
761d0f0d0930550be4c55c72b736cb0fad0dfaa08e7feaab6b381fff3645999c,https://www.facebook.com/PlanoISD/,benign,,2024-08-03,en,0.7867558
593f84156804953420d94f48b8ada2531c217dbc865ce1973c3ad89d6c8fb576,https://www.tiktok.com/discover/Icy-wyatt,benign,,2025-07-07,en,0.60197324
1d03bb563d23f41a3afb287599138e862e12a63050eec56b8e4ba7b1c89faa43,https://archive.hayspost.com/2019/11/07/ellis-man-sentenced-to-24-years-for-fatal-shooting-in-hays/,benign,,2025-08-21,en,0.95992565
cbc12131fd99c929318cc41f92027bac5d6ee2eb5c3647e1aaae1ef6106655fe,https://unisuniallet.webflow.io/,phish,other,2024-08-31,en,0.92735356
88b47739cf76fa11b622b8b7136663ba89f77bd9d65e3a5ced49611d92e9d33c,https://docs.google.com/drawings/d/1zMclkXHvbBxVtq8D-jyZkoxJ5TYQ6ECPPo7zLmxaQ8Q/edit,phish,other,2024-07-10,en,0.7909578
0f718403cb79fb9b7946e791734b0af9715018ddb5668f5586653853506180bf,https://www.njng.com/my-home/index.aspx,benign,,2024-09-08,en,0.6590735
054df05ccddff403c58df99ced5445cdb9e440c56b37f3e1e45aa9a9e854727b,https://baciomn.com/,benign,,2024-08-14,en,0.8334392
e3e69bc9e425dbdc47220e920d2297c720a03d58f5d8bb1b75fdeba8a3b117bd,https://aln.centreusrty.shop/,phish,other,2025-02-02,ja,0.9955414
73af749638299cfe667684e3bce7fcdc3e4f40c591377e13db164b52fdafbe91,https://nizamaniook.github.io/request-review-violation/,phish,facebook,2024-10-20,en,0.9330184
2c901c6791cfaef92a41aab65c443771e10dca2b5283eb64d163bdbd9d2e3456,https://www.facebook.com/@TradeAPlane/,benign,,2025-07-03,en,0.74036616
1854673c655adfd416298ba5cb1aaa9c02e9dc5c9e0d0a29f731e59bf1f7fbcb,https://www.chippewacountywi.gov/government/clerk-of-courts,benign,,2025-08-12,en,0.7320126
b9448834deafdad4bef43de91c6851d97b081764ca5d926171dde6425e45ab51,https://phhdxdvf.top/,phish,other,2024-11-27,en,0.84842646
ba62fad5efd8708f28c98206455aaa20b84af4208e9449b31c18e9f467bb8c69,https://www.ebay.com/itm/296591247912,benign,,2024-09-09,en,0.74562633
e3e1f0e4b3ebb7339cedf11435a3fb4275a3806f752bc6bc0e96ee38b7bf7065,http://bhush8766.github.io/insta_clone_2.6,phish,instagram,2024-09-28,en,0.6846678
282fad565d493cdfdd32fe11ab38ab53c43ce5f0a759f352b01cde23b7f7b4ce,https://booking.confirmation-id191828.com/68986963,phish,booking,2025-07-29,en,0.9220897
386b135a44ca7bd8118f6ae0f10550ceda80370741ced195d1937d0a4b308d62,https://notary.co.uk/services/apostille/,benign,,2024-08-14,en,0.8585278
2bd3f318bb6ac4036fa4326e2f1171abb14ab18ece80067c29c36ec1ed9c5b0a,https://atturrt.weebly.com/,phish,at&amp;t,2024-07-10,en,0.3791567
11cea2489e23e6147c179175d8d2394c4716e28cffbf672fb4e03c66426c17cf,https://bingo.bitrhymes.com/apps/bingo/facebook/app/index.php,benign,,2025-08-12,en,0.5592991
f16a6cf2e00a0c97153416053632365c8c59331ef76fbe0e4c643811b4ee7669,www.wattpad.com/user/b1ana_vack3r/conversations,benign,,2025-08-01,en,0.60778815
2a1b7dba0d03858a63425365647c7928b4fdcf14991994df2b0e20bcfdad580e,https://www.britannica.com/biography/Augustus-Roman-emperor,benign,,2025-08-22,en,0.9440828
7d28354997dd6103efbba2faf63e8680824ce5706521247d991c5063b8ae55ce,https://www.sesarju.eu/sites/default/files/webform/sids_2025_poster/_sid_/converted_text%20(25).pdf,phish,robinhood,2025-07-29,en,0.76312673
a365df08dfe2360246e36c7672397c3e42d0c0dfc9aebe45d31663795d69e1eb,https://ivory805817.studio.site/,phish,other,2024-09-05,en,0.81241786
a7e925a38709e5d323d99e2ac49fa7d89c0b9fb5e5d56fc0e76febc930d776bb,https://pub-e69e283d37a741d688ed12b9f768f986.r2.dev/rnicros0ftmfaauthapps243sr345.html,phish,other,2024-07-10,,-1.0
12d77350b3f41302ff635f814a0067c138543303a1593fe7f6c93d4a1078fac3,https://www.rockymountaineer.com/train-routes/rockies-red-rocks,benign,,2025-09-04,en,0.76584584
12c3d2a501c364f903b15ec9d0ae8d8c0ac7a3e468b5cb9d84e1a630ae40eb3e,https://jobs.baesystems.com/global/en/c/engineering-technology-jobs,benign,,2025-07-01,en,0.8716852
8090bfe432007e81c6fa20dc6dcde612c9259539e461f162277a8fc441a03ee5,https://www.liveauctioneers.com/auctioneer/768/green-valley-auctions-jeffrey-s-evans-and-assoc/,benign,,2024-08-22,en,0.6765498
1895bce8295be4616be6f9b059b0d36beb076ce99c8cce00636078d8f9b60983,https://en.wikipedia.org/wiki/Academy_Stadium,benign,,2025-06-12,en,0.8056726
32483e1e5bdeb47762516806470ba20fc20a130c57cd37b545392d20727e825e,http://cutt.ly/oegNaBIF,phish,usps,2024-09-11,en,0.73405015
7590dade777c881dd5f482c8c46ea69263f5761d49aa12e9c352416abd0c77dd,https://zq3q5twry4545x5y4t4wgq3fww2g43yh324653g4etrwvikb.teemill.com/,phish,other,2025-03-28,en,0.88471353
dbd9ec7a5cd9928a27066977b7e6d43932e3660c6dc81f506f3cd37f147711cd,https://www.barrons.com/market-data/stocks/fdx,benign,,2024-09-28,en,0.7157908
77fd9d2b541b19f8a65f3744085ee94d7172971c15ebd63040a23a87cefe5d90,https://www.projectdoordrop.com/,benign,,2025-06-22,en,0.91664547
effba9e5e9377676958d029ee6342ad8f0405190b1d3e5b1b6321f7184f1711d,https://www.usajobs.gov/applicant/application/applyhistorypost/,benign,,2025-08-05,en,0.89822054
dba49dc7f185eaf779238851499e9312e36395e6d107ab5c1847bd4c54c81485,https://www.merriam-webster.com/dictionary/pensive,benign,,2024-09-06,en,0.84484625
96db4f08f4ad911e40cf96d212cb3b0a5f5f425c268dcb8da9cba27dd61c197c,https://en.wikipedia.org/wiki/James_Austin_Johnson,benign,,2024-09-12,en,0.8738747
ae8350d739a1a31ecbf7b28e7038d6ab2efdd1978b492775c077324e8519b96b,https://www.ncbi.nlm.nih.gov/books/NBK557747/,benign,,2025-07-14,en,0.78825384
389304200710483cdeaa5bef6e43b31565b9b77a86f532f1cc9897f45e556fe9,https://www.belogin.directories.be.ch/smstan/gui/loginupgrade,benign,,2024-08-13,de,0.99052894
d6e6b37c6a97bdf575b402a9978fa75d375549f42cd110a8479bd6af26a0299a,https://www.racingpost.com/racecards/4/bangor-on-dee/2024-10-29/877741,benign,,2025-07-07,en,0.73859483
87105e6fb6ea67f6fb960c7658f696e453748e307af59cff9263472a8f62853d,https://eu.jotform.com/app/250891183980364,phish,other,2025-04-04,en,0.77434516
b1d3905160755379f5f8c40ae09e350c4f6ea1661444f7a7d17152b6b7a14a12,https://sc.edu/about/offices_and_divisions/fraternity_and_sorority_life/documents/bac-charts1617.pdf,benign,,2024-09-11,en,0.6887071
02cc756f02a721c422377726d0008bb04d56a1d5f2ab0ad994ead021299b5162,https://eforms.com/rental/tx/texas-standard-residential-lease-agreement-template/,benign,,2025-08-25,en,0.893827
423b214d2e855b9cf9304889cbf7d7407bb37a1eb73c83482ad5f0f1fd207b40,https://trhzharwarwalet.gitbook.io/us,phish,other,2024-07-25,de,0.99753135
1f68bb434371ea93dda7c82ad0407b097945ce41c93077ecbe5b2420b0c2b3de,https://insant-appeal-violation-here.vercel.app/,phish,facebook,2025-02-04,en,0.9330184
5e39dcca58e4c07ae3f8eb603157b88829af3b2575eae2dbdeb8171a524b8c06,https://docs.google.com/presentation/d/e/2PACX-1vQqeTrIS4fAt65SHmcWGp9pvq8eraC6Z_Up_xU4BXZbdX1cIGYK34zuQMLECaapJ5xdNa9eDlrqppj3/pub?start=true&amp;loop=true&amp;delayms=1000,phish,other,2024-11-18,en,0.79195863
c456c29d9b7a1bce0be879a3293705ea098e9335b5ef7f1c07e3ea687fc38b79,https://conbissecomlogg.gitbook.io/us,phish,other,2024-11-02,en,0.6590709
b72b9e0854bdc1b2c2c90b7b89a1628a8bf555fa2c90be98085ac4911d230059,https://templatearchive.com/employment-application/,benign,,2024-10-05,en,0.90512305
01a91d18daa3d3bd97376cdda7813b57d5064a2201d4ab97963b74d9e5d7d993,https://payrouteg.vercel.app/managerment/XyZnMvBcDfGhJkLqWeRt/HpLoMiNcVbGtFrEdSzXc.html,phish,meta,2025-07-23,en,0.9155139
5b76979fe25efd84938f7b11fc62ce110d7328f169638613ba16cadfa996700d,https://www.ato.gov.au/tax-and-super-professionals/digital-services/in-detail/online-services-for-agents-user-guide/accounts-and-payments/tax-accounts,benign,,2024-08-15,en,0.9027707
57319b90bb1c988937405577e91037b7cc0a8e408fe32dbc406dcbe91c14c759,https://www.dsp3000.games/chapter2/game/maria38.html,benign,,2025-06-11,en,0.63362855
574ff418b038dac69d082a450b6248bc88c409453e264957ccb490e2c980e1f5,https://www.vividseats.com/utah-hockey-team-tickets--sports-nhl-hockey/performer/187727,benign,,2025-09-03,en,0.8112641
9e9d7bc987d1cbdb2b8b40b77489cbce56501f2c4faa345077ddb85d62e9911c,https://www.shotgunworld.com/threads/perfect-pattern-hodgdon.573424/,benign,,2024-08-20,en,0.9104229
c9a47a4653cef34aa35167c6cfe7b11a8f8564d7b73ed4f65b72da5e919159bd,https://keepthescore.com/wordpress/rhykwknkvtdvr/,benign,,2024-08-29,en,0.7083782
97758cfe72ad62bbccfc48e904e560697d8779f4028fe949b0ca970595bde580,https://podcasts.apple.com/it/podcast/la-zanzara/id291100561,benign,,2025-07-13,it,0.682483
66a7ce62876fc2be6559d61f3280881e8d157c9e0116a674a0bf25342b05e76c,https://www.libertyplanets.com/articles/taylor-swifts-new-surprising-endorsement-for-president/,benign,,2024-09-16,en,0.9062144
0f286c0c8fd679a77b49ae87469a0ff486a4d50a2471888c7b44f0b6ea410012,https://s0.2mdn.net/sadbundle/4133953116087033749/index.html,benign,,2025-07-31,,-1.0
5901a8e18c6ff0f6fe63ff6b404c1611db234d558af308f8dd4a9de83a560285,https://www.zoho.com/sites/,benign,,2024-10-05,en,0.8341439
16dafc5618d9d27282184cfbbdd8b532adae4026c23094d93dfe599ecc49e224,http://jellyfishinlove.com/,phish,other,2025-09-04,en,0.8291893
c5d63280f9c7d1d58bed324c4ed7bc6102ce51ebbea7cfc240f4788af0c06ebf,https://t.co/HMBIJWJdKZ,phish,other,2024-08-09,en,0.67896676
feb4b747ae26bbeb782526d783ba423d822105f3c8e910ec42081e4b3f4cd06e,http://mat-c.poranter.top/index.html,phish,facebook,2025-08-03,ru,0.20981859
9713b0f59968492556ae2603e8621b7893ba2a176fe286c4c5792335d5a1a58e,https://www.thewindowsclub.com/printer-icon-not-showing-devices-printers-windows-10,benign,,2025-06-17,en,0.79427063
6b35ababfadc615eb84e5d1b52ceef7838669fa9288e0be605b21b0b0b8c0d9a,https://www.kissonline.com/welcome,benign,,2024-08-02,en,0.82392454
69ae6d9b8b66f469f707be5968e5c997fbde98dcab015e3bf51898db65cd8c2c,https://ja.wikipedia.org/wiki/%E3%82%A6%E3%83%8A%E3%82%AE%E3%83%BB%E3%82%B5%E3%83%A4%E3%82%AB,benign,,2024-09-05,ja,0.99922585
4a7259e4dff8c97f48c929b818656da77ce2a338fc1e7f7d04d3ab9bb29204e4,https://www.reddit.com/r/borderlands3/comments/leolzg/i_figured_out_who_the_psycho_on_the_cover_is_its/,benign,,2024-08-11,en,0.7335923
9935c109304b18fa7602c76f505593d5a2fefd9f09c198d55fec838cd4a00311,https://www.twinspires.com/bet/program/video/aus-rockhampton/l21/thoroughbred/3/advanced,benign,,2024-10-05,en,0.8752983
48f21d740ebdbc72473a605441d7fc56d342ce41f215b9dbe94dd339241d741d,https://t.co/PETSALijMK,phish,amazon.com,2024-08-18,en,0.76552474
7bb86f3c486fb737a425c6c3f3682e8a615b9d2cda640673ff9f87b3bd3aca1e,https://ledgrrlive-lognn.webflow.io/,phish,other,2024-12-04,en,0.8718521
1712972ef4fc3cb3d29976f6c77f9d84bddfd2b73eebaf33980c3f5d84c94a5e,https://aauths-sso-ku-kucoinn.gitbook.io/us,phish,other,2024-09-20,en,0.8861708
957af4f498d99e6f6d6c70ce69d05f8ce6f2617341adab8eeb182187d7a64ab7,https://en.wikipedia.org/wiki/Magic_Chef,benign,,2024-09-22,en,0.80027574
108d56c254e9342737f9c4e66f19706ddaf6278c81ae97677587d73988429775,https://www.understood.org/en/articles/when-do-kids-learn-to-read,benign,,2024-08-27,en,0.9302671
7ac7360a7ebacb0963d7199eee0ad0c350403cab32b87931555b5e597d168f2c,https://rebrand.ly/ede8d4,phish,other,2024-10-29,en,0.95317113
2689ed99ddf05c776adb04e913c590d1e8f5fc016901f6cb0e96878735ddbfac,https://suprt-ledgeer-aauth.webflow.io/,phish,other,2024-08-06,en,0.8989622
1050c1095c43dab66d7f975444203470e5a9e2f6288799dc92229452915d58f9,https://incul.jp/mt/edit/login.php,phish,other,2024-11-06,en,0.820498
70514601c32c204edf64f1fe3ae94e7c76ebf7010a1335e450792574c727666f,https://pub-b74e63bbe1954a9c891527143fecd274.r2.dev/dse_sign.html,phish,docusign,2024-07-10,en,0.79982984
2e2aa221061f378da31ad6a10581eae96a20690130fbacf7226307705062fb90,https://china.psim.us/,benign,,2024-09-03,en,0.7489215
3dfd91dea07944db39d6db2a253d766979d7fd971579d5f486d60839e741fe11,https://pub-ad0b2fcdb4ff428e8464c83ce1b1f76b.r2.dev/index.html,phish,other,2024-08-30,en,0.44531953
6b7933d641f9795cf55874d128e5fa30ee92dabb25af34c2696a573fbecfbc37,https://0000000okjnbgfkjhbvcxswqaszxsw23edfcxzsdfghjhbvcxsdfghjnbv.pages.dev/,phish,other,2024-07-10,en,0.6402009
664550e881972bffad865dc6bd7ec26ef0c7250774c9cda28d40ac37be074f1c,https://cookesrecipes.com/cranberry-turkey-sliders-recipe/,benign,,2025-07-13,en,0.8469087
c4dc9cb6d437aea7bbf4c920db29ca76489a1c4a37d02a62c40efb50522051f7,https://moneypuck.com/goalies.htm,benign,,2025-09-02,en,0.33951357
20bcf82762a75a24d1507c17c3e2aec44655d69acc5996c7276f91a38890fc08,https://tides4fishing.com/,benign,,2025-07-13,en,0.44060564
a2f68183af76d5ba0ebf09963e4df5c9646bfaceda9a2dd631e0af4ba6b0544d,https://www.nytimes.com/live/2023/06/06/sports/pga-liv-golf-merger,benign,,2025-07-11,en,0.96585834
099225faa7870f4cc07e14b7b8703a9095d58b1515970bbf055e5ffe21e77444,https://www.onstella.com/the-latest/hrt/different-types-of-hrt-which-is-right-for-you/,benign,,2025-07-01,en,0.93101996
e4679d76b72e2d2d035a13655b4c120403915756629993ae96ececed12597ed5,https://conibasse-cumlogaenw.gitbook.io/us,phish,other,2024-09-28,en,0.5985659
f053619e1ef089641f76af0076862e7ac8348d3542c205e657ee2f12a1ccc8dc,https://pcianorthtexas.com/,benign,,2024-08-17,en,0.85798746
da016ea05bb42c940fb34ee32ad3fd1a4b5894975f60f28ce996ac2dd02a4f4e,https://www.idealista.it/affitto-case/padova-padova/,benign,,2024-09-06,it,0.88347316
eceaa45c32e5463c1fa52d4ece904c86b11093426a112ab67a27cc61d648c0fa,http://off.mail-redir.com/redirecionamento/tv32nv.php?magazineluiza,phish,accurint,2024-07-23,en,0.23282728
400c97406ba520c23931a4b9dc3b51f1898065ba721c38bd5cd12816ecd2a209,https://www.good-gay.tv/,benign,,2025-08-30,en,0.8320522
42d8bb60beb0d1493de3efdf07905303ee11513795cf8948a49acabe7d1dca12,https://www.calm.com/blog/hand-positions-for-meditation,benign,,2024-08-11,en,0.9206138
e18c7ee830a3864e6d09639e52d501fa6c8ed2554733a05692c9c1e82918f05b,https://qrco.de/bejISj,phish,other,2024-07-10,en,0.839679
ae89aa42466a2671d78196c9b37f645405bd5a0c1b931f0f7fa490ccb60d4c06,https://business.contactverysuite.com/case/1O2680742408591Si,phish,facebook,2024-07-10,en,0.92317176
469cbe83b9112c918052d96c5983c0e8843e403289e234469e2d2a54f9c9b997,https://mobilemusthave.com/pages/roamlink,benign,,2024-08-23,en,0.8989054
156ade147af174d1874a5ffd2b8476e34c7b6aa0fd1dfaa3f2273d8a8f2b6d75,https://www.facebook.com/ncbi.nlm/,benign,,2025-08-15,en,0.6295235
7220dfb908e177afb33291aed9d867b6f4eb7511b3acbf102a13a981def0daa5,https://www.niles71.org/,benign,,2024-09-17,en,0.9130867
c53702fc35159d321fa833259b80a3a62d61dd8a3f5af1f83315e421de5ecb6b,http://sahilkhan111.github.io/SMIT-FB-Colon,phish,facebook,2024-07-18,en,0.9278993
70b494fc1f14626ea1e312ca02ca104a9c4ad2268e34e109b4a34d1780ed6192,https://www.golfetail.com/puma-gs-one-spikeless-waterproof-golf-shoe/,benign,,2025-08-14,en,0.8057645
bbdd318fe68867e1a424e78f96bc607063b4d410d81e55c7aa296ca9723e1ba9,https://tolomeoroark92658-proiect56893-demoji20356.pages.dev/help/contact/621841975630222,phish,meta,2024-07-10,en,0.944806
619192d32a6981546d42ce9cc8c51d835acd9076072a288dc3ba543a44ef0e72,https://www.effinghamcounty.org/,benign,,2024-08-28,en,0.7647714
040aaa8b0b97f90a85764d2af777a257980ec91810f7def2634c73efb597c11b,https://www.ftanjsp.org/home/,benign,,2024-08-19,en,0.5890955
2c0e6445f76186d1eb46a17cd9be865f74d41ec34e139557ed506dc6f8493e20,https://xhamster.com/tags/big-tit-lesbians,benign,,2025-07-15,en,0.6673187
f88ca63d8afa0370f8edb33a0174a6efaf54247ef434134cc721bbabf56c4c35,https://www.sesarju.eu/sites/default/files/webform/sids_2025_poster/_sid_/converted_text%20(26).pdf,phish,robinhood,2025-07-29,en,0.7669639
4a60a1c50d6e783e47d0a8e75f5f417f92a452b0f2f97b7387905be3b909eac5,https://en.wikipedia.org/wiki/Western_blot,benign,,2024-08-28,en,0.84725964
7a863a609d6179ba9bc26b492541de5778ebcc3f7af5d4e1e2be9122201738b5,https://check-smulti-993054.pages.dev/help/contact/666577896629296,phish,meta,2024-09-25,en,0.944806
bb2d723a580a29baac032fbab268ce88153f41ee20f4f9b5379bf7c034afc192,https://sos.ks.gov/publications/register/2014/Vol_33_No_35_August_28_2014_July_2014_Forfeitures.pdf,benign,,2024-09-24,en,0.6897013
ec31c23bd49858e0ee8f15ccbf198294558acfb711bde3163c1066b832f7f0dd,https://fr.wikipedia.org/wiki/Montpellier,benign,,2024-10-02,fr,0.9740376
c2136b4536bb28fa41e14388f21f4f514ed0ccc829c6644c65584aeb654484cf,https://onbase-preauth.tasb.org/appnetobauth/workflow/workflowviewer.aspx,benign,,2025-08-16,en,0.68919885
c33b8e33fd9afb83747e27e58cd4f1cc78ebfa06a12926879b7e5233e3ada984,https://bakingbakes.cikitchen.co.uk/to.php,phish,netflix,2025-01-13,en,0.39721656
bd8160485beac2e617d396963fa36eff79da7aefe355c12ee3f8b0156c67761f,https://www.lawsonstate.edu/current_students/mylawson/default.aspx,benign,,2024-08-27,en,0.81241226
1b13ed1c4ec38bb15d948e31c9df17c12afd5c02d4d31a2a06e944fc81728516,https://dhfo201562.matrixcare.com/fax/patientdocumentview!removepageordocument.action,benign,,2025-06-14,en,0.7731612
ed06f1b1bd333bb8f0141ac40a0387929e8a5baba985b9477e8e00ac79e46df0,https://evernote.com/Login.action,benign,,2024-09-13,en,0.845271
a2c2b1731c7c428ce0e51de24a725a701d9246377f42c8ec2c54462d48af1bf7,https://avatar.fandom.com/wiki/Azula,benign,,2024-10-10,en,0.97087395
68ff93845f768a934caede95dfd71a01e6beb95abf09880517ddb2e497a97361,https://www.nutritioncaremanual.org/,benign,,2025-07-09,en,0.83675265
652d9953c85b235e26bc0f76332c752304305ccef8bc2c79cb431696f06b89c8,https://www.adoptapet.com/s/adopt-a-dog/idaho/boise,benign,,2025-09-02,en,0.77923185
27338eb0d342237a4ec8abde827c7fd857cd18e3d53850ae0d72eb60a6fdaceb,https://booking.confirmation-id7842.com/YZCNJJXQF,phish,booking,2025-07-29,en,0.92630094
fba486afc8ec2ba2ecd650821bc20975b8683a0cbb24e6140e94a0689fbc5b48,https://openstax.org/books/university-physics-volume-1/pages/9-2-impulse-and-collisions,benign,,2025-07-08,en,0.89277333
a05b8f9936132f0dff08f6d4e5c45f19e82ee32a6233464840240e0ab84511a0,http://appeal-open-case.reviewopencases5t.biz/updateinfo/,phish,meta,2024-11-04,en,0.9417531
729876047c1fc2c64800f90ae15de3259b77fbee2916a1244916936cc057a627,www.garnethill.com/bedding-home/,benign,,2024-09-02,en,0.7273217
d7743ef0409d75ca4b77ae5e7c522588d088a73a72e596887868043453670333,https://www.simplifia.fr/avis-de-deces/departement/orne-61,benign,,2025-07-29,fr,0.9566881
8809c5fb922876e08fb4b7e9b6c41e876fd8a400cc2b9cbfe0d61d128c3678b8,https://pureinfotech.com/find-wifi-password-windows-11/,benign,,2025-07-30,en,0.82960135
35a9442bc15baa8a2988fc32dce6c76d4456397ab349a6616803e265de69d45d,https://www.tiktok.com/embed/v2/7410831604098125087,benign,,2024-09-08,en,0.633997
763a71957c348ce75ec8197df44f8dfad6329d0abdbb43810d8a5088b8015132,https://q-r.to/bfdqZo,phish,other,2024-12-20,en,0.9183162
ec53420b9cc349b0f3bfcb5cb0e8c1c8257383f39e2764620d62ca6700a04178,https://blog.hobartcorp.com/blog/when-should-you-replace-your-mixer,benign,,2025-08-14,en,0.94364434
d7be5c6dd3b34f6227247514a688ce78c9fe03d59134b4db4a9f5a8866257c5e,https://paypal.login-provider.de/,phish,paypal,2024-09-24,en,0.6858174
258e01cbac52dcc23386a407b32c5fca558d0cb90713a62a63a62d64eba18cf4,https://nsgrfrsg.web.app/,phish,other,2024-07-10,en,0.58676404
5a191241a71bf9d22075727b54fe61204329d9e4495916f5965744ab37a69684,https://local.fedex.com/en-us/sc,benign,,2025-07-03,en,0.8007336
961ed08e1615b30ea63633b8c2509718544efd75e498e6306313936202906e7c,https://preply.com/en/question/cousin-slang-word,benign,,2024-09-23,en,0.8620395
58466dce92f99d3994ebd3cbf78be70c0dd61eb72ded48f96d7c6b0d2fd5f036,https://visitingmedia.com/,benign,,2024-08-13,en,0.84622175
ba7a92d89bb1d1e777fbdb25821bf6741cb0d41dab1184097348b5a796338eb4,https://www.vocabulary.com/dictionary/broach,benign,,2025-08-27,en,0.8792944
d944931b6eac313c57ad6b54463255945bafbe25dc85fbb5b334b9635f3e5688,https://ethnomed.org/resource/nutrition-and-fasting-in-vietnamese-culture/,benign,,2024-08-23,en,0.9407438
42f9330b5e984ffaae66ed2cd06661f24fdf13ec050b5116893a179a407d1bd1,https://metamaak-wallett.gitbook.io/us,phish,other,2024-09-27,en,0.9185661
62926e0721eb5655427e185a7eb7f83e3839e6c7084e33e21018542f10698c30,https://ajht.gasletter.shop/,phish,other,2025-02-02,ja,0.9996916
d44d7af9de4e812504959be4a0993822fea4b5d8d363247389c1fb7a2d94c5ef,https://org-help-bitmartlogin.gitbook.io/us,phish,other,2024-09-19,en,0.88302636
7799ab57087d680de8234bf6cf1907e82010069e22badb623433e28cc58fbefb,https://www.sbishinseibank.co.jp/v/,benign,,2024-08-27,ja,0.99987644
3abd86a688ede0e7e982a7727bd8343e86c7f1788b2acfbd63cab91ae7c7bbd0,https://www.mathewsfuneralhome.com/,benign,,2024-10-03,en,0.8322074
4b2e0e49c3b87c52e33d63b2d3f92b49edcd32f1bc3c3b4b49fcc9326653d282,https://fotdeg.remoteband.shop/,phish,other,2024-11-08,ja,0.9998758
7c725e8fa9238947084d25717af301e162a7c34fdda56bb52540958bca3b745b,https://www.senioradvisor.com/lp/find-senior-living-vb,benign,,2025-07-12,en,0.71361756
babc070ff29d0ed074d4d105d980a10cec85273ba5d7c72c971ded9b01ad6a27,https://flixtor.se/watch/tv/11297715/the-way-home,benign,,2024-10-04,en,0.8398839
4ce9aaabeaebc77f3a92caaa8684c4a15649cb0abe4213e565229f636c11d4c3,http://supppotmetafb.ubpages.com/pe-fb-a/index.html,phish,facebook,2025-07-08,de,0.32454714
09a66c01189b0df60b099dc145a0c6b6a5ac0026e0696cb671df5e836247e157,https://xiaoxintv.cc/index.php/vod/type/id/6.html,benign,,2025-08-16,zh,0.9303695
59a26a90ed4e74bca43049487475c0ee535bd702e233efb13eca88fd2f1393b2,https://www.veterans-in-blue.af.mil/Veterans/Veterans-in-Blue-Volume-1/Display/Article/757608,benign,,2025-07-30,en,0.85182726
372553ce591e1e12ef38964d5edb7878121b805079368642990c743ac51d10fa,https://mainnet-integrate.pages.dev/en-chainrestore.pages.dev/,phish,other,2024-07-26,en,0.5451452
b30bacfa2a2cb02cb99b74c74dcd9a1eea8851a213f9c867ca2af72c31618c9e,https://www.ekiren.co.jp/annai/reservation,benign,,2024-08-15,ja,1.0
ed34c0b6b87131b42e049c4f76ed1339515596d54dfc133f533b0441960e1fe2,https://www.recipetineats.com/hamburger-recipe/,benign,,2025-08-18,en,0.90820026
a3febb3848cae69fb09a3fee3566ab508cef13514275e3985331cbb202214ed1,https://tracksmun.web.app/,phish,other,2024-10-05,en,0.8123595
8785b55f503ea16af1813cb80671a9770661e8d5db5048a2368a6084fab40d23,https://sakurazaka46.com/s/s46/diary/detail/57426,benign,,2024-09-18,ja,0.9920155
36a51e640e18e46a687aa73ce37d6ec36eb76579f4780c7e0d6d058ffe756e3e,https://osportal.windstream.com/auth/p/overview,benign,,2024-09-04,en,0.85407335
fd8dd060b175f917bed313e66953dec947727977546286d7e02063becd8a67c4,https://tfl.gov.uk/corporate/careers/,benign,,2024-08-21,en,0.7140402
73621bdbabe67ba1a5e4ed17e77cf1d5d53e4ccc6d47eecaaa4d5e50ed2072c4,https://usps.parcelprotect.top/,phish,usps,2024-07-11,,-1.0
81026d6bd19b8b9fc3d5f9f14f7bfa82e767c4fc7e8fed4feb4d5fb1027377c9,https://www.eltafans.asia/indoor-plants-and-the-nasa-air-quality-study/,benign,,2024-09-08,en,0.91869986
9b59cd3785ce9da54530ef5743b2793b031c7cf7f74117fa5ed29ac29d4d6780,https://www.citizensinformation.ie/en/health/drugs-and-medicines/cross-border-prescriptions/,benign,,2024-10-03,en,0.8947469
10779033c24682417409c34e2bf170ffa108358afb8b15c3528ba6f77d550c51,https://activate.voucher-reserve.com/56916893,phish,booking,2025-08-16,en,0.9170727
6ad119435e774a9339c17eedaa3f25085edaea93a8e463664352a89d3d979593,https://docs.google.com/presentation/d/e/2PACX-1vRVLUKhRgS4vHfY2jPx2A7cc3SP8434RCuVgzF-P_6r2ibGltm3txVCDlZsH_RFxR6DM6SZOfsfy6q8/pub?start=false&loop=false&delayms=3000&slide=id.p,phish,other,2025-01-25,en,0.7914469
35a392fcfc0719d3f5f7b9a7609989767e71f8e2a643203e42723515407c6697,https://mail.verifikasi.fb-business.com/,phish,facebook,2025-01-03,ru,0.13036987
cb23c14b81cdde287cef3d78c3591a6b1ba73ba7eddcd8ecaffbaa0cf5ca0a53,https://www.tpminsight.com/home/welcome/index.html,benign,,2024-08-22,ja,0.16583966
96d26e42d1430c815e2e6177ff24498d08aa9d730a0d9aa17c990bd31cafadf1,https://www.harpersbazaar.com/culture/film-tv/a38552863/lucien-laviscount-emily-in-paris-interview/,benign,,2025-08-01,en,0.97202915
9d4b2fd401d3f1d7e91e08f74676082c00b6352cee77ecbce5b8225e68906e1f,https://bing-trezorlogin.gitbook.io/us,phish,other,2024-09-17,en,0.8665902
34b754f71b7f957bc54a34802dc2629ed03e20a53ef5a5cd50e3800ce29f33b5,https://ir.workhorse.com/stock-data/quote,benign,,2024-08-01,en,0.6842607
e695369be3cdccd898260887775637c3e792fe318c5d9ceef67d5497880498b3,https://www.atptour.com/en/news,benign,,2024-09-08,en,0.64688486
8e1861591a5e3c33f8bb4098b48c2f236e2c5b4f4b86337e287417d0254c7b00,https://www.lrc.rpi.edu/programs/solidstate/assist/pdf/undercabinet1.pdf,benign,,2025-08-03,en,0.7419998
ee80f4e2684d0ba8cdca481831abaceca466e715a7c4c712feef1f3b3ac7d352,https://bell-100237.square.site/,phish,other,2024-09-07,en,0.7900769
53f2d63b57e673a69a08d227c967806a106bc96603dc18f5de79acd122ede16d,https://currently6329.weebly.com/,phish,other,2024-10-18,en,0.30140322
9b6c5b5a2a1187bf86ba03560a7f1046cec493e225785637510ae15a997b8b85,https://postlxyb.buzz/i/,phish,other,2024-08-23,,-1.0
3541cee0a3ce8380e849202da298d43f696bb8d4ea87b42d199cd687d798d523,https://uwgx.autosoffer.shop/,phish,other,2025-01-23,ja,0.9997669
2a6c4ce7bac1a37eeaefcc53e554f11f4b4d1952a73f061e78dadfcf6cfe545c,https://www.hugheseye.com/,benign,,2024-09-05,en,0.9070499
631b6cf3b2561350f76a629fb60f2e7fa62944317953a7d9a06e3cb7738cbf15,https://en.wikipedia.org/wiki/Carlsbad_New_Mexico,benign,,2024-09-07,en,0.77254426
fc55f7fc27253bd378428cd0c0962e6fcae71c63793397e66be43b9c9c954f05,https://coinbaseasion.gitbook.io/us,phish,other,2024-11-01,en,0.8960038
a0e250d0f4f0918bbd8b1d25fcfc031a5b6c02634bdc33de8a17fcd6f21c0e76,https://news.yahoo.co.jp/articles/936cd0bfd85854088fa7b95f5a78f228b63a490d,benign,,2024-08-08,ja,1.0
e4c3c080e42dfd7a9b684d790ef0ed03448634ca0e545c573e7efbb7bd1e2197,https://app-sso-phantom-com-auth.webflow.io/,phish,other,2024-07-10,en,0.8779176
432a6f53c67cfc790d2f21ce3184e557204477f9a8d07e5b87e1f6296453a143,https://www.popsci.com/technology/window-washing-robot-skyscrapers/,benign,,2024-08-29,en,0.8887471
8422fb6d03a8537bc19d81dfe08daaa079b8fe8215b6dc7efbafb6c5e887bc04,https://www.specialolympics.org/about/intellectual-disabilities/how-to-speak,benign,,2024-08-12,en,0.9042243
ecc2d45df47140e167244cebff63d0a02fac71089304bbef5d96c9c51ff61467,https://www.health.com/best-face-wash-for-acne-6825264,benign,,2024-08-19,en,0.905009
56608bfd0421994507fdedb72d9ed4ff4818e524740bc06f1323097c63cd0c69,https://www.toppr.com/guides/biology/biotechnology/,benign,,2024-08-28,en,0.8310466
9a8363070c4441acb38b83e84402c8d4a4e2913e9a39f64d7cc5b63f43e3c0dd,http://dpdlocalshowb.top,phish,dpd,2025-07-15,en,0.66332984
533e0d4cbaf5f596864fe3aa7f95f4674876dda04f7f60e2fabe293bdf91de72,https://trezr-valetz.gitbook.io/us,phish,other,2024-11-02,en,0.9045978
6de90296fd16549a1308a817ccc4ca3f3b35a6e4f96cb4ef62f803c5b87a0c93,https://rmhcsd.org/,benign,,2025-07-01,en,0.7354809
47cf45f628dcb20ca69d8175755450ef1ea1ab9833356ea622fc9f01c76bdc29,https://en.wikipedia.org/wiki/Heritage_Bank,benign,,2025-07-29,en,0.91300917
81308b614ad8a244fa5f1b86d9df8b966bd616c8273e6a567fb2f4c8c67336bc,https://masatmask-wallet.gitbook.io/us,phish,other,2024-07-22,en,0.89584464
6f61d6429848a310c35f7d4265a8b1f88a6e65c594bc916594a839547ff6f688,https://www.barclaystock.top/,phish,whatsapp,2024-09-28,en,0.12351461
90ecad698a481dcdce295421c0820e48a16728f4045611d27fe86b19db2b50e2,https://stackoverflow.com/questions/66166463/how-to-draw-route-between-multiple-points-in-google-maps,benign,,2024-08-13,en,0.8692724
ae8b22f174db46cc4fc75ce019997219d3e7d371aee0f84df985cf91eb2591f4,https://www.digitalcitizen.life/first-steps-working-task-scheduler/,benign,,2024-08-16,en,0.88120353
98ee96bfcc898f131d6d3b22f9079ac06d5d80e5092302a8e33714a7a65b1c1a,https://whatsapp-qwr.com/tunnel.jsp,phish,whatsapp,2024-10-11,en,0.51972234
11e165d4db4a0594faa48ab6a4f7391cea260e7a124753362b5ad78035e7e8a7,https://workspace-weblog-securedal55667.webflow.io/,phish,other,2024-11-01,en,0.92514586
48b0e98595f914da3183cfd58d4fe98c9405cd5ecd21001582eba8e57273dcd6,https://cod042-bn-cr.webcindario.com/,phish,other,2024-07-10,es,0.86928135
3d9ed56837388d64f8d30cbb668694f77bd88434f91f33ffc21321410bc6d476,https://postachl.top/ch/,phish,other,2024-07-10,en,0.83574784
de691f23a558ea7d0038b4b8ea99a40af73a53ec1b7dc02fddaa77f1c6f0332d,https://phanetomwallett.gitbook.io/us,phish,other,2024-07-21,en,0.8936857
6600e60f7451d4c879f1c6a15cf9644c5001e276c55b4c3309b1fff133fb57d1,https://www.gematsu.com/games/nunholy,benign,,2025-09-02,en,0.8743128
75692a639404a493d76f24713413d67deabfdfa66413341ad0fb5d89a701d595,https://t.co/8YsXg1gYxr,phish,other,2024-09-19,,-1.0
57e22abbf98c9cf71477cc521780a376b62073315ffe7dcc54fb185b87dea552,https://www.fordlibrarymuseum.gov/the-fords/gerald-r-ford/facts-and-favorites,benign,,2025-08-23,en,0.8674699
67aa8f019e75e4e3cbf7c30148cb534c7c3f97e650fb8221fd0fe67f88541c20,https://shaw-108691.weeblysite.com/,phish,other,2024-07-14,en,0.7889042
cb190ca3405783873c079989a3ded7bac7c984002244254632a36f20b758fa06,https://www.lanebryant.com/swing-split-neck-mesh-top/prd-408490.html,benign,,2024-09-01,en,0.83716524
a21933d603aaea3af480f66094aa0d665ba08f82c7af6a4b051b165f960d18f6,https://jesse1jazzflix.dpdns.org/login?c_ds_na=text%2Fhtml%2Capplication%2Fxhtml%2Bxml%2Capplication%2Fxml%3Bq%3D0.9%2Cimage%2Favif%2Cimage%2Fwebp%2Cimage%2Fapng%2C%2A%2F%2A%3Bq%3D0.8%2Capplication%2Fsigned-exchange%3Bv%3Db3%3Bq%3D0.7&c_ds_no=ybja5ZUdHOWPwD7golMT8LHYvd4kOqu0TQlR24pqYL,phish,netflix,2025-09-04,en,0.8545537
aaf0435c99537d263223cd4f808e8fd0d2ff218363a012adcc40134dc7c920d9,https://www.nhs.uk/medicines/oxycodone/side-effects-of-oxycodone/,benign,,2025-09-07,en,0.9387788
06b6b161ad32e6b1f2cf8b12381608552d55e7f0a82e575019bf230d5d7ffbf3,s-static.innovid.com/display/uploads/188500/991217/1708630748223/s/300x250/index.html,benign,,2024-08-12,en,0.8116098
53125ed38f9b8f4ccdf92d791e6cca202f43e080307e49bde2315f2d7fb734f5,https://www.oregon.gov/oha/ph/birthdeathcertificates/getvitalrecords/pages/fees.aspx,benign,,2024-10-10,en,0.7298127
876d5e83df4fd57735288130414c4b2e41a4744e50c8f5ea31e26075bde864b1,https://jolynneshane.com/what-shoes-to-wear-with-a-black-dress.html,benign,,2024-09-11,en,0.8942415
e20f345674cde13ce732926fb3898b150f85f3ee8941eaee4ea499c7e269780e,https://q-r.to/bfLJeH,phish,other,2024-08-28,,-1.0
01f79b6b11d04c7cfe7b02495728c76a6bd08e07acf7d217133a663c174e825b,https://leaf-soft-rabbit.glitch.me/,phish,other,2024-07-10,,-1.0
b7ee9b9613dbe0a49d82a504ed1f199ca5c953aa72f8dd5bceaaa0029433f3c3,https://www.statmuse.com/mlb/ask/orioles-record-in-last-30-games,benign,,2024-09-29,en,0.6031578
e849770cb5aa983ad066de3f4310ebd12373d2fb692bae394793f4141d315734,https://ipfs.io/ipns/k51qzi5uqu5dm0xmac25ors2sozryvbj1pgyuxbkbee7uhjjav64waerr9svyn,phish,other,2025-01-21,pt,0.9728837
a7d56233741d4b218100164fdf38032c2dc8c8e0b0f8d7d0411a3fa22303bc57,https://www.bhg.com/how-to-plant-and-grow-rose-of-sharon-8302881,benign,,2025-06-12,en,0.8997455
c5e512db7dd42b0f57c394586bad9ac1a0977616a139046ce65363f3d76d19ce,https://www.eporner.com/search/freeuse/,benign,,2024-08-01,en,0.4587947
bdee7b4cdbabb6388e1d40503534e367e220afdd73d3301d141920480b5df1ad,https://auth--g-cryppto-sso--cdn.webflow.io/,phish,other,2024-09-21,en,0.9190428
05b080b90854db37620ced53602a5a675c3ce0ff3d90ee085c4684b726504879,https://eilun.cn/ethotelevisionetlogin,phish,rakuten,2025-06-12,ja,0.9999029
3b4a2581820957af02cd1a32c8ef8dd645becf5111b7dd48dfc367b52b91d6d7,https://www.salestaxhandbook.com/north-carolina/rates,benign,,2025-09-05,en,0.7833244
1082042813cca643f4b80d4bf99737ed549ead1f6f956a47b8021ba57dbc5bce,https://www.merriam-webster.com/thesaurus/enforced,benign,,2024-09-24,en,0.8320285
d62942d0739fdca91b3d5e6c6b985945ae966a3e4ea00bb04b8fff41d6df5371,https://pro-sso-ttrzor-web.webflow.io/,phish,other,2024-09-29,en,0.83503383
13ad365763b344f4cad128db3ff85456c9051f3d8677b076a7adb70e9bb97f48,https://quickbooks.intuit.com/learn-support/en-us/help-article/invoicing/create-invoices-quickbooks-online/L7gSzvCld_US_en_US,benign,,2024-08-20,en,0.8683256
57b5eb243c69b6f1c0e4197600f30b32cc7c327b2755a36f34ae232317b6135c,https://rebrand.ly/abdzzii,phish,other,2025-01-13,en,0.95317113
5d8637782f537bc4e30859565551e8429c0b562ad20810456d8bee2a21643662,https://newbirth.org/give/,benign,,2024-09-02,en,0.6369431
1860142768a8cd04feb79ad9f57df9e491d44fca58c713d0a5ba2d6de107b18d,https://www.techradar.com/how-to/nvidia-drivers-how-to-update-and-install-the-latest-nvidia-graphics-drivers,benign,,2024-10-09,en,0.89981574
5e25f06fb2c99725fa117b59aaa16d4e167813b479512bde32a842fc42cc147d,https://hi-009-c.ggastrocloud.com/ggastro/application/imaging/document/edit.aspx,benign,,2025-08-26,en,0.5486453
484d79a91f8ca8b46e37e830ecf39a2ee8701a6f02e9f1525827d4b6a159e4d1,https://hughssherika896572396.pages.dev/help/contact/615842180890446,phish,meta,2024-07-10,en,0.944806
642ba33b8bf8ffdbca7690e47129f49aa9c9aa47418998862e3a8f133923f49b,https://onesaas.intuit.com/start/quickbooksonline/provision,benign,,2025-08-01,en,0.90603775
2761081bbe6ed500e21eeba85d73e463001ae452c44e1fc114fc863d39e2be3e,https://learn.microsoft.com/en-us/bingmaps/getting-started/google-maps-to-bing-maps-migration-guide/key-features-in-bing-maps,benign,,2024-09-30,en,0.8109025
c6987dca0042197069b566c45274a5a78b553700fcb0b54d8abc8a9be73b18f3,https://docs.google.com/drawings/d/1jWHrRKl88ach7nOeDlvh7-LYhCq6crGMS7WHCfVKDdc,phish,other,2024-07-10,en,0.7540897
223cae62329d65acba0ddb7a4e04e4fb941d49951296b691dbb50cd2e3fe70db,https://booking-com-aeudubai-desert-safari.webflow.io/,phish,booking,2025-09-07,en,0.8740752
295f3ed6a29430288928c43fb141d993840a2cc1fadeee53d38ffb8ffde79536,https://cdwqxqmeabda.web.app/,phish,other,2024-07-17,de,0.99956423
d309357189ff8cc4aeb84f1b1b30081a586590deedc7910222bec1f060aabf3f,https://foodgrammycontestinterspoet.blogspot.com/?m=1,phish,facebook,2024-08-11,en,0.77952063
55bb6890d8fd4cdedc2002afa596ede46614e6e33377cbb530eded1c6a0057fc,https://www.wedu.org/schedule/,benign,,2025-07-08,en,0.6222768
867343aea77f54704890bac7903eff6efb6d90e8bd29c1663ccbc735457acf8f,https://pub-628d73bfc2a0488a9693d05b8c2a9f6a.r2.dev/beta9.html,phish,other,2024-12-17,es,0.7555028
2d6be52d443c71986889aa569900f520936c04359262b1e03af7d095cc2c5460,https://pixels-jeandlc.vercel.app/,phish,canva,2025-07-28,en,0.27299848
7b59726e8508702247a7e5be169e247765e29edc72f96e57977f0171c258c0a2,https://pcusa.org/about-pcusa/agencies-entities/interim-unified-agency/ministry-areas/disaster-assistance,benign,,2025-08-24,en,0.7096823
18c573fb0382616afc41a80dba3f3cdfce35ad3238762c578d872d17aec88c80,https://booking.confirmation-id8295.com/ItLrfuhkKdEc,phish,booking,2025-08-05,en,0.91896886
6b23cbf617ec2a4a83f3ff185e89c5df42ba5c9acc5679e75efbf9754659b091,https://auth-app-bitmaart.gitbook.io/us,phish,other,2024-09-20,en,0.5299262
401718be1d9ab51e4cc0ec3282e6e5bdead46cbf82f2b9a9d7f10e7866863ae6,https://www.triloksteel.com/stainless-steel-tubing-dimensions.html,benign,,2025-07-05,en,0.50897485
c47a3ab3e32f1418fc79a62c564802402a2322a073cbab3188383e3b1627f730,https://melodious-medovik-e20736.netlify.app/,phish,other,2024-08-30,fr,0.98853636
cab64520f457af957bb506fbd88e682418c86a79ca59bb5b2dfef77e8acff4e2,https://www.kltv.com/news/,benign,,2025-08-01,en,0.91443145
a638f6c43ddb56c3c53d4d0f18555b8b902fbc5437fa61a289ff651c754a14b9,https://qrco.de/bfP31Z,phish,other,2024-09-18,en,0.892629
a90b8adda869df3cd761712c66ac0015c0cd23903a4447ef0e8aa852d50a44dd,https://finance.yahoo.com/quote/bwa/,benign,,2024-10-10,en,0.73871845
c7d51c6e4e465da1ce5fd9c3126d0598ac9378df68d1fde14f74095aee0d0070,https://megrrill-cadpital-longin.gitbook.io/us,phish,other,2024-07-20,en,0.85368395
75e9cc3cec4f3b031a7218ee5a522d26b6d6baab614aa392457d67783151eb2e,https://kucoin-exchxenge.gitbook.io/sign-in,phish,other,2024-11-15,en,0.7110865
3f11902931690fa9b654e132025d61b0fe87f28d5328594656ac21893d1f58c9,https://supports1.firstoptled.com/,phish,"sbi securities co.,ltd.",2025-06-23,ja,0.9996612
f9dba548127fd8ae153a63204f0ac1c4df597e4b6c6eeebc5560cfaed3715df2,https://www.ucheck.co.uk/blogs/ucheck-login-page-launch/,benign,,2025-07-09,en,0.83958596
3b6a486b976ff535d2369f1b339379884f1ff7f18fc77e01e9aa74d6f8de922e,https://community.netgear.com/t5/Nighthawk-with-WiFi-6-AX-and/retrieving-Admin-password/td-p/2361637,benign,,2025-08-16,en,0.7986594
d814e7971aa5ac9b564aedbab2d7ad4d304dbf3a42f0deaf3158551589db17f9,https://urlz.fr/pHAb,phish,other,2024-07-10,en,0.3537372
3497b371f088139d07f8f970208579e54d63a9adfbc95aaaccbca9e83a1c8705,https://www.youtube.com/@joelle_legg,benign,,2024-09-02,en,0.7104668
28ca55189ffb72f97edea4d998c92b132213da80c5bcb375e02459d5b5030a38,https://www.mof.go.jp/zaisei/current-situation/index.html,benign,,2025-07-10,ja,0.99988186
4c52be1ab490a0571d8bf92839a20beba7d4e8da0d9010980ba28e5973791a03,https://1800unlocks.com/auto-locksmith/key-fob-programming/,benign,,2025-07-12,en,0.87943697
28cc17a73233e3709aa1b89d006fd99294456ff198321a7580b1efc31ef23447,https://pub-e65f220e74c54f96af087eea38784edb.r2.dev/vzr.html,phish,other,2024-07-10,en,0.46887615
2697797caa434f91918d91bf3e9bc1c56f1bc44dd8052c44d2b8ddbf015dd53c,https://www.oxfordlearnersdictionaries.com/definition/english/separate_2,benign,,2024-09-05,en,0.8616517
c4377d24ab11e7aeb1de3731a5dd36bec1c14e5af4f4c1a51c5e100a98ca3c33,https://favorablesport.com/,phish,other,2024-11-28,en,0.29485202
9f5f962ead19d3f38534a2137ae33d8e95900b994e25f3c2b8d29a3691b5f38b,https://l.wl.co/l?u=https://qr-codes.io/aKh75Y,phish,other,2024-10-07,en,0.892629
f230c8b449f800d4383c6bbb11ea5947ecbed318a5f66614f37b6eae3e57c16b,https://www.rawstory.com/trump-sued-central-park-five/,benign,,2025-07-29,en,0.9332906
13fa01a527e00c5d86057b3f134c5cf33c8fc91fac38352c755385a95e0fbc41,https://fox40.com/news/your-local-election-headquarters/california-prop-3-voters-pass-constitutional-right-to-marriage-amendment-to-state-constitution/,benign,,2025-06-26,en,0.8309238
784a3d615b62cece890aa27b215a17841b4007ade745c9cce8e3241f136be29e,https://cdhs.colorado.gov/dds,benign,,2024-08-10,en,0.8992297
76d23dcaa6df57968a3804ab67c79d18c0ed4a22bea4f1083b3ecd8c9b36038d,https://www.merriam-webster.com/dictionary/antebellum,benign,,2024-08-26,en,0.819955
990bcabc78e8c348cd46b96c580b7736ba8690911947380821dc6c058b898c2b,https://gbshtxflfd.duckdns.org,phish,d account,2025-06-18,ja,1.0
dd0a082de40c5fdcd864962574c1f4c5a98b956bd1b75b29c29e0b68d7d6bfa8,https://arcadespot.com/game/pokemon-emerald-version/,benign,,2025-08-13,en,0.8304276
9295c00fe9c022ef7a41ce73b512821ad0246ab6eec9471841c9ffaebc1669e3,http://zapclean.digital/click?key=aa8ce3fa149d8817ec8d&SUB_ID_SHORT=4d4165e75371deebb62d24d16e600d48&COST_CPC=&PLACEMENT_ID=15742676&ZONE_ID=1392589&BANNER_ID=3307322&CAMPAIGN_ID=1209352&REMOTE_COUNTRY=United%20States&USER_OS_VER=18.3.1&USERAGENT=Mozilla%2F5.0%20%28iPhone%3B%20CPU%20iPhone%20OS%2018_3_1%20like%20Mac%20OS%20X%29%20AppleWebKit%2F605.1.15%20%28KHTML%2C%20like%20Gecko%29%20GSA%2F359.2.735510536%20Mobile%2F15E148%20Safari%2F604.1&PRELAND_ID=&BROWSER_NAME=GoogleMobile%20for%20iOS&USER_OS=iOS&PUBLISHER_ID=233008&DEVICE_BRAND=Apple&USER_CARRIER=AT&T%20Wireless,phish,facebook,2025-03-16,en,0.88671803
9f27f301957c8fe15e195ae116b0009d1dd5afa2ba25cdf4b09485b01b51cede,https://sites.google.com/view/alle-automatischen-gmx-updates/home,phish,other,2024-07-10,en,0.311118
6ecec58f1e48712f1587e151f2d27a2d0b22d8b5179cde70f4766a165746b2ce,https://afwe72332.weebly.com/,phish,other,2024-07-10,en,0.7121351
8e0a6ee8b9c9b3c97f509bbabcdc1423b9ab511aa3949b05b97bd2824b0b0368,https://www.geocaching.com/account/signin,benign,,2025-08-25,en,0.7365198
91d4965d95772d620f84f0791ae9fa62cbf9ee34e1572ab5d3e4f3825f766ea7,https://metomask-wltusa.gitbook.io/us,phish,other,2024-09-19,en,0.9224027
2c1f62d54fd23706fc942105d5496a47f842ca7470d33748f8aed5e020365a70,https://somethingnutritiousblog.com/branzino-with-citrus-olive-salsa/,benign,,2025-06-30,en,0.8553095
ab3d266d7a6894f5fa8d7f663023f0dfe4fe86602832ad9e1ec4e6275539ac8e,https://arcb.com/shippers/tools,benign,,2024-08-23,en,0.81591016
8c1c40165989149490a22c0d3fc1a638886dc2fca7345f8d675b8e147f3fb411,http://wonderlandspotsfoundation.thsite.top/,phish,at&t,2024-10-10,en,0.93295926
f8bf79c464949f433138ce2587b90534259e9627ae9c96a314958194fe09619c,https://www.vvsochbad.se/tips-guider/montering-av-toaletter,benign,,2025-06-12,sv,0.98951036
4f6055d4ba25268b0f5d28837914afedd8be2edf1f6456fae7af7e99a118b590,https://microdothelmet.co/blogs/news-events/how-long-to-motorcycle-helmets-last-a-comprehensive-guide,benign,,2024-08-16,en,0.87878114
4d6ed048781eb37048b6a274b18c1543dc433f0667302aa4f9d976533270ef03,https://setsuokato95328.activehosted.com/f/1,phish,other,2024-08-03,en,0.6083611
af29f63557a4d851494a40699fc260fae3953a2254ca33839eb0369b76487c48,https://www.britannica.com/event/Hundred-Years-War,benign,,2025-07-29,en,0.9628225
ba70ace0bf3829487e36708c8c752dc13863a790935685fbeb07193d31921257,https://olf.virogem.best/,phish,other,2025-02-02,ja,0.9970374
65e33c2c926d4cba598f9a339ae150f700e5d18f6cb5ae668f622e70c9a4b213,https://gravatar.com/pioneeringinstantlyd541ee0f13,phish,at&t,2024-12-30,en,0.8477388
ec96e404f77703e3618c26cacf5beae8e9d23490961ae1203f10e4799a7962c9,https://docs.google.com/presentation/d/e/2PACX-1vTmsztnm24YgaijEvpAC3axQSuPCvUfokv8TyVbEQIGDT-mM-yH4TmtLKYnSae5eq-3HZQJiFvGfhr1/pub?start=false&amp;loop=false&amp;delayms=3000&amp;slide=id.p,phish,at&t,2024-07-20,en,0.7987249
ef6740bae3c2fe4da8624743d932b0fb32ab55744ae5f44835a2536f515c8b79,https://www.johnrich.com/,benign,,2024-09-13,en,0.93308806
4e5c1c9ddd3e963b62c0a00163618fc0ff50a170e49fd579629352b7b5549eeb,https://ceouinbaseextension.webflow.io/,phish,coinbase,2025-02-25,ro,0.13823807
bce1725cd99281a8b6e323a7345e7ae8590c91f318ddb95afae7ee26951b9603,https://sports.yahoo.com/channel-jets-vs-patriots-watch-184142296.html,benign,,2024-09-21,en,0.793799
101d6356829ee73e3c8ea0cff95fd4fecd34c53a42a541bfeddcc960817dda82,https://propertymetrics.com/blog/30-360-vs-actual-360-vs-actual-365/,benign,,2025-07-15,en,0.897155
6974d92fd80e6e7e7a1998b8f451e0639844e79cae063e1dc177bf0a85f353ea,https://www.workmarket.com/assignments/details/2858976090,benign,,2024-09-10,en,0.78017944
e5a63cd864d536ee076bed0900938566bec297de8b938930db8e6d89c20f4d38,https://tart-waste-request-01.surge.sh/,phish,facebook,2024-07-19,en,0.9240646
372c805080f13613849930da1a3faa39a088a7f43c8125ad787d3565695b2d74,https://bot.otujrsale.buzz/,phish,other,2024-11-08,ja,0.9997194
64a38e4b468f8fa49894ec892d45e40ce9555db10a20772123a4d590128f83f0,https://adammau.weebly.com/,phish,other,2024-10-01,en,0.69539887
85527c371e8aaf021a7db88912a231cbc707c80c706935bd365df7244e7be3a9,https://www.thoroughbreddailynews.com/live/,benign,,2024-08-16,en,0.65726787
1aaffa4202c064b0179a7327ab2a477b990f1926b37fe76f3492782aa46e0029,https://robenhodlognn.webflow.io/,phish,other,2025-01-21,en,0.47204652
c56a6dc833baadbd92b363489dffd6e1420d5b2e10f65bafe1ad843c27723add,https://dictionary.cambridge.org/dictionary/english/trek,benign,,2025-07-11,en,0.80054146
4e1babd03c59b0a781d997fb6477e9afb8ee846541d721dfc4e46576fdb4d5f2,https://www.yugioh-card.com/eu/play/card-legality/,benign,,2024-07-31,en,0.8414048
0b681286e742b2a8a10ae770ba55e8414969bbc0d081d677add6cb63c6114a92,https://www.sinonimi-contrari.it/fissare,benign,,2025-09-04,it,0.95749587
39b9809e277d67f0b8dd6fc8c2fb2e96cada98b6f1a8ad398494830da0b3275f,https://www.cp.fciralco.ir/,phish,facebook,2025-01-20,fa,0.99938697
036288270e92fddc213d8c82739c1c7ad5e09e4d36f58e5299dff6ab66c480a7,https://sukienquydoi.garanav.vn/kBkVx4OUipBb5Xq6etzDYlCkPnd6K02XINjN7MpXNmEfpAuLpkt2Jmz8utC6k48fZr4ShHSugcp3QHPCamm2I2F04fpt0lRpJSnLdJZnuWuZgWq0EFgjjazSRZU7zyMVYe0rOYLRwmcg8m1C0XJ2JIUzeDKd7WJWvox8ObTpafnhWvhc3w4Yf7JEe2JaMMlSyqyGlmdkJTlfIWEkg0qha2zNfTIZOuaodGD.html,phish,facebook,2024-10-21,en,0.68300843
94943ed7f0fb262f5133768d22fcc3b6fbf8831a2208a3831a7ec43b0d949102,https://docs.google.com/presentation/d/e/2PACX-1vQdwDCKLhNUvRcL0w75c2f5U8mvv1lt9cB9c2_zpmY9HBZRqwGUjqihfeSmseZbiZx-KqBCXGPz0ati/pub?start=false&amp;loop=false&amp;delayms=3000,phish,other,2024-11-11,en,0.78510183
d23d4192f8c945e752d1ee373aa55399d89c9465df68b5fef92f4cf53bd0d314,https://new.express.adobe.com/webpage/xfzRt1J8PYZ2b,phish,other,2024-07-10,en,0.6237238
d8c97cafa1206cf98d35448c04c3f4b09e65cf5438ec5457d3e3c7e9e8947a79,https://www.physio-pedia.com/Mini-Mental_State_Examination,benign,,2024-08-06,en,0.8902935
fdd2785e19eb9611bc969dfadf9ad8dacc7b99dc044cbb48293602df05e3d199,https://s0.2mdn.net/sadbundle/11768943658241044322/index.html,benign,,2024-09-22,en,0.812511
738842df5c602ea0a8eec2e2083111d0a5d20645831b1dc472d6a1e5036c0cd8,https://swantonstreetdiner.net/savory-facts-about-french-onion-soup-food-near-me/,benign,,2024-08-27,en,0.9156779
5859d3cc239b0f50bfde65d4ae5747e0d08e732d550842bfefd9cb8f3ff5645f,https://pharmaclik-login.mckesson.ca/signin,benign,,2024-09-10,en,0.744988
46130c9307212c5bb94f6e72a27d477af25a5cb735a5fe69454b5a7d5823fe01,https://en.wikipedia.org/wiki/Dodge_Charger,benign,,2024-09-02,en,0.8944208
0312978aae63610187fd4fa4e4ef04ed4847bb129fa89d5fa645328f88d2df22,https://amtrakoig.gov/sites/default/files/webform/foia_form/_sid_/How%20to%20speak%20directly%20on%20Robinhood%20247%20phone%20support.pdf,phish,robinhood,2025-07-29,en,0.77401924
8138186b9ccdb82c876ad949793ed10b820b1fd914c830d516ac2acbb5442652,https://iusfg.uupmabuy.buzz/,phish,other,2024-11-08,ja,0.9997377
278870a5866b14fcbe2e4c908bfd8af0c5963950820f3bcb7cee21b177fa0a26,https://store.statesidevodka.com/collections/surfside,benign,,2024-10-04,en,0.79907066
1ee7c955ed4cc0ca1849251c584707227ed722f2fd9eca538fdc2295ae0c96cf,https://apna-level.github.io/request-blue-verified-page/index.html,phish,meta,2024-10-15,en,0.8851583
a4a71b1b2abbe25c028023acb9d40ffe875a717f0f84b5f278d2ad457ec027f2,https://manage.accuwebhosting.com/knowledgebase/3897/How-to-check-shutdown-and-reboot-logs-in-Windows-servers.html,benign,,2025-07-07,en,0.7956505
e0a653e80d01aa6eb785bc9b647e4ee4696c3fdac56c9c0f1ce47b99a3660628,https://mtgoxlive.org/,phish,other,2025-02-02,ja,0.9986748
391ed58865c625a44ce91058c32583d0d53d1c0ca4b44d9c10ebe642304a6b4b,https://www.tipranks.com/stocks/ir/ownership,benign,,2025-07-06,en,0.803502
21362b91aa257040dca75472d21670d78ec63e188efaafd3ff9a8480f675b165,https://www.nrpfnetwork.org.uk/information-and-resources/rights-and-entitlements/immigration-status-and-entitlements/who-has-no-recourse-to-public-funds,benign,,2025-07-29,en,0.95405513
d99d38b9975c81487765f7e2e0039f3f7bd02fba3d320c69cdb5a4c727fdb53e,https://www.dictionary.com/browse/attestation,benign,,2025-06-30,en,0.850188
5f685309510dc63eed60772c1986a9640c471a21db2e3b03777926a568a01026,https://goldplaza.jp/gold/rate,benign,,2024-08-16,ja,0.99996156
c2fadb274527bc009cfc69e2ec8438db00fbe012b03ee23c4c95c46bfcf87963,https://www.passeportsante.net/magazine/nutrition,benign,,2025-08-20,fr,0.98090756
61bf88edf74b264d6634738da4d28e9abc096d31157ce2bb61c3be9fc3d1ed02,https://rvingusa.com/,benign,,2024-08-14,en,0.8434116
a8929a75d09539aa42baac51a2ec3a6d041ed28501074db983535daa9bc901e5,https://www.hellofresh.co.uk/store,benign,,2024-08-06,en,0.8797275
70897ced3bece48f56ee16c02bc390041eecb92690520a7ff1191dca0ba9cb07,https://www.collinsdictionary.com/dictionary/english/wo,benign,,2024-10-01,en,0.81240296
cdd0dca7398e4ca459761add82c62a1f8fcc593520217430ca59cfc3c5d3f50c,https://www.innerbody.com/best-prostate-massager,benign,,2024-09-17,en,0.9052611
84630ff4a49a968909340011cbb8c0afe28347e7ba5dc21fb0be9ef1764a8146,https://platformcheckpro.sbs/checkpoint/info_live,phish,facebook,2025-08-24,en,0.9021644
a5c270dc02fb4b259ee860a0214c181fb965ccd4382cd6e7e4ea6f52c7b8ffea,https://ebay-ch.com/,phish,ebay,2024-10-01,en,0.6097564
f150584aafac10fb486908b0368e2c990b2716a7ddb09ccbe897ddd9cb76d360,https://bafybeiayyqm2gkwdxggf6w4cury2sxhesbvuigufxme3igvqm7ybvrdyxq.ipfs.dweb.link/,phish,other,2025-01-08,en,0.91080993
ca8795a996ad5184301500e21a42f81b181065030e1e908e6f29172394428aaa,https://attmailvoicelistening-playmessageredirect2inbox84.ubpages.com/e87f2682-701f-11ef-9051/,phish,at&t,2024-09-11,en,0.54440486
ca3b9cc5698cca81583a97af6ceeffa94ae643e1ec84b52e367d16adee4b2a4a,https://itutcepta-secure.gitbook.io/us,phish,other,2024-09-27,en,0.8269348
609151fa5bcd252f4170afa60ceb4404a58395de2f45b96c3df3f5474a3a658e,https://www.richardsonlissack.co.uk/publication/are-umbrella-companies-legal/,benign,,2025-07-14,en,0.9159367
5566491761233ad647181c0f311b19cbce7b59d365f08de15f94febd7526f991,https://business.helppolicypages.site/meta-community-standard-48689927452117989020,phish,meta,2025-06-27,en,0.9058406
23207fb635ba61d8e00dee5a31716305497e7b7a1518f30236020fe49744701d,https://www.nj.gov/humanservices/dmahs/clients/medicaid/,benign,,2024-08-31,en,0.86206174
8c5148d11e93c95c9b622f72aba12576823d735cc6b1a5748533b1407248f30a,https://currentlysecuired.vzy.io/,phish,at&t,2024-10-14,en,0.86637604
fecb4e0bb9d2d0d2a23c3c8e316962ad646018374994905d5dad8a16e580a100,https://meta.helpcaseappeal.eu/community-standard/110630044639149,phish,meta,2024-10-08,en,0.9088431
c5cb2b1f2558d858f0a711a61c71e13b1b5505e9ac996bd41e9fe6e4222ac45f,https://booking.confirmation-id8295.com/EOt0TGcYOFpa,phish,booking,2025-08-05,en,0.9284906
35e5dcf6f547bc53a12b524a007abae9067c524332e2c44d39f9bb1ac356ad40,https://www.uspssmartpackagelockers.com/package-recipients%2525252525252525252525252525252525252525252525252525252525252525252525252525252525252525252525252525252525252CN/A%2525252525252525252525252525252525252525252525252525252525252525252525252525252525252525252525252525252525252Chttps%2525252525252525252525252525252525252525252525252525252525252525252525252525252525252525252525252525252525253A/openphish.com/feed.txt%2525252525252525252525252525252525252525252525252525252525252525252525252525252525252525252525252525252525252C20-Jan-25%2525252525252525252525252525252525252525252525252525252525252525252525252525252525252525252525252525252525252CHigh%2525252525252525252525252525252525252525252525252525252525252525252525252525252525252525252525252525252525252CMedium,phish,usps,2025-01-29,en,0.6703317
56486be9d9f95c28c70e5ec451b912e0535ef55ae7706481b8b74437c53d97ff,https://www.southernshores.com/site-search/,benign,,2024-09-21,en,0.9177146
5b22d949477223ad0124b936e4f5eabe77ec7daa8c6a8c42772771823d464555,https://atts-dapper-site-c45c7a.webflow.io/,phish,other,2024-07-28,en,0.9612368
a4b78eca2aea18c5863f43fe66c57cb9b5a2fa1fcbd9a6ec1523dd6a5fd395e4,https://mstsamasksjhlog.gitbook.io/us,phish,other,2024-11-29,en,0.8783618
67c5499d29de60a250c1324ae0607878910244aecafc72e94fc01a3c9f7bac21,https://chipper-bienenstitch-a00fdd.netlify.app/?naps,phish,naver,2025-07-18,en,0.9436426
0abe8a16ffa9a7cdcfa33388425cdc5208c47b67cc32eddc13ed0aefc0986e10,https://www.flowcode.com/page/voicenote2,phish,other,2024-07-10,en,0.76339614
e015d665b5c1d44682936df6e4eb00ece5c46e25bba0fe9dfeb7401d449bc47d,https://termserviceupdate.wixsite.com/bellsouth,phish,at&t,2025-07-02,en,0.94276935
970ce74b2d44e06e57b65d2a45029414192b90450589c1b963418771b6916e54,https://pub-37a2330dcad44f058c9e50a8e9a6532b.r2.dev/aiskanta.html,phish,other,2024-07-10,en,0.58234274
d0282d0846a02e9ea16f26ed11323cdbddcd56f15273d8bdc81879b9bd29fb0f,https://allison-pellant-om.pages.dev/function.php,phish,meta,2024-10-06,en,0.6604848
011fb6056372bd1625e5014ac9b36bf884f35fd302a918537038c4856a2263d1,https://business-center-help.cfd/contract/100078952086760,phish,facebook,2024-07-18,en,0.93963176
9cb8c578c3bf49a8beaba52043ab97763184d8080a6a5405b85a08dc276dc403,https://updf.com/knowledge/fix-cant-save-pdf/,benign,,2025-08-15,en,0.80168027
9d137aa1d58a2c2ee3494773643ebcb1335fc50c8f55329067863af11a554676,https://home-108770.weeblysite.com/,phish,other,2024-09-07,en,0.90530646
e10fc4a6ddc93ef1c9ab0c94d85e111713e0377fef9eba20f4332037c6144c7a,https://oils.legalserver.org/matter/dynamic-profile/view/51084,benign,,2024-08-02,en,0.6816388
a5c9f3c2538f44339da58612a8036cca3a6d4c42bc95423129d48bb32071dbe7,https://www.ancient-origins.net/news-history-archaeology/clovis-hunting-camp-michigan-0021420,benign,,2024-09-15,en,0.904023
8780bc9353317eb3ee244cfd1eac99c97e68fda834fd5dd132f821a90ac93e56,https://me-taplatform.vercel.app/help/contact/226989743431097,phish,meta,2024-10-10,en,0.944806
2d9e6184da5a61617d44dd1e0d569dc008b11f34011bd5d981ce22539660df60,https://theblacktux.com/blog/wedding-attire-for-men/,benign,,2024-08-01,en,0.8767131
2b489ae740d13b738627c10a9279ac62087d415e9caec12f8d77c020aabad9d7,https://www.webmd.com/mental-health/what-is-altered-mental-status,benign,,2024-08-10,en,0.8976468
a4678857fb34d24ec0900e919a271eb212ab7fba0dd0e0413eb9838a01858e95,https://enterprisecafe.com/ecinfov2/index.html,benign,,2025-08-01,en,0.91786665
40199d2d6f82063cc5953bc013b1ae770141272ff028c0527411e42bc4d0e9a1,https://amaptysbio.com/?websrc=UcRwRNXTo5MuTz3d6R2vYvq30oGMq1dXG18vHanO6AtG6YYvjK8MiVTnCSIVmWidRezJmDY0e4wQ7T0aZL1AW9clLpXEHNkU5V3v7DNSd4aeteR24hoDhSXNWdh1jNLokRrPUejrTHqiYwKz8jqzzuXWIRWbi5c2qA0QVCPPduHfzcvQuqy3hRRoUzFBC7pFx2YGD39vHPRFDLWQqr1e12Z0xaNT1m0S19Vo2wEOO3Di6ppCfXFdKSROREoQ3VHLEZlCATzbThDyKsXEN9l8kkzD7bb3uw2DMTAgbqMw6jwQTs&dispatch=496&id=275364,phish,other,2024-07-10,en,0.89929837
7a2dbbc97a76f598532d05cc7ecbb08937eb47f4617c29056775446bbc11fee8,https://www.quartierdix30.com/store/reitmans/,benign,,2024-10-03,fr,0.92772204
6d0fa480176d8940cfb86cd34a6eac8659d56965c1bc446b0bccd64a0208800f,https://forms.office.com/pages/responsepage.aspx?id=DQSIkWdsW0yxEjajBLZtrQAAAAAAAAAAAAO__WN1clNUMFBNSFU5NENVT1JYOEdOQ1BQNlRSOUEwTy4u&amp;fbclid=IwAR2GBx9Gz9E8TXro1MYRL8mrT2xBgBydKdwvhweaaoPBpbbOF49BHix9ChM,phish,other,2024-07-10,en,0.9563142
87f26f6db5f44bed81ca820a6fec7b30f2545705f412663c8cbf6d3577df33ce,https://supports1.bm544.com/,phish,"sbi securities co.,ltd.",2025-06-23,ja,0.99966097
c73d699e0c40e50f24febf885432a881638431e1cfc33e4019b4568588abd7bc,https://loginmetamsks-aauth.gitbook.io/us,phish,other,2024-09-30,en,0.86198664
90ad4d1efc878faf0c2ebc8dc8cbeb047fbc4f748ae1ba17e32c9eae18b01118,https://www.argos.co.uk/product/9647079,benign,,2024-08-16,en,0.6713799
741129e4b63b675f149b2fd7c9a6588393728f619a3742c90ba94e787488f126,https://meta-help-center-v6pn.vercel.app/metahelpcenter.html,phish,meta,2025-08-11,en,0.908426
85f8cf232cdce8d743d9127c9a15fa9934be1b842775d4227e09c68c76969fcc,http://webmailgrec.is-uberleet.com/,phish,other,2024-07-10,en,0.24441268
fd55147f97aa9ef2af92877d6a972be70dd447fd9b21628586d51934426438d3,mybestbuyredemptionsite.com/welcome,benign,,2024-09-29,en,0.8954586
d3a2548373fc580d7a923ff01d2f397d222ae977c173feec464332d508a8be41,https://meta-business-contact-us.fbb2024-25.click/css/.htaccess,phish,meta,2024-11-02,en,0.94803464
ae51786187f677a0d35a3bf075c08ce7f43d348ddc3a1210592df6fae44ac6cd,https://business-manage-support.cfd/contract/Generation,phish,facebook,2024-07-21,en,0.93963176
5dd42e8ad61fcf0fac905d9bdc1b780189d11811a9d6b59a88ad04b09d3dd531,https://www.forbes.com/advisor/business/software/best-antivirus-software/,benign,,2024-09-29,en,0.90990424
21e0b1340f30faf795d8a67615c6badb851697ac20bce77d8420c4e2c925496e,http://online-suportpagesagency-fb.com/business-pass-error,phish,facebook,2024-10-26,en,0.8487417
35cc4454c4c13eafde0cbd54e73a75bec254424f821ed969e30a2ba6c9cfb19a,https://www.weblio.jp/content/%E5%BE%8C%E3%82%8C%E9%A6%B3%E3%81%9B%E3%81%AA%E3%81%8C%E3%82%89,benign,,2025-08-14,ja,1.0
f1aa3f10fe7e642084f855d3631f02cab50ab600debd20606165d75336babe79,https://ppllserviice.wpenginepowered.com/paybal/,phish,other,2024-09-14,de,0.9977117
bda42e5697ae2514b960df182bc674c9110cab3374d9998b7374cd56607638c9,https://christian-brown389367257.pages.dev/help/contact/1412010787822512606%3A4700%3A310c%3A%3A...,phish,meta,2024-07-10,en,0.944806
f878b1309a83c29a9ba61ea5b6d9b125e563607f7eb1117e1c01124eae6fd516,https://www.ultimedia.com/deliver/generic/iframe/mdtk/01499695/zone/29/src/x5zvqm5,benign,,2024-08-02,en,0.4686749
9893d3cb8ee77700ba1298bf94f7dd77b4e44e4e5986bc2cc0ec532f795d0cc6,https://www.bonnellford.com/,benign,,2024-08-20,en,0.8082298
3a303a82baa33aa60e46ecbe67f9a94a8f705b49b4d85fd40d2e53e4e57bb92d,https://usapholdlogin-1.gitbook.io/eu,phish,other,2024-07-13,en,0.92076916
ca39f2be1ff532f9293477258830e0d2b25bb28c18860d3018adc118f90db831,https://metakswitle.gitbook.io/us,phish,other,2024-07-12,en,0.6879933
4246ae8c524462ec634cd3c0c486767fe44a0ff234e94d3ed9090d2069b97b85,https://robnhod-login.gitbook.io/account,phish,other,2024-09-28,en,0.7739663
764f0bfdb5a7e52679a6eadc43b6e132ece21ae179e3c1595e2caf3fcf36c1a8,https://biggreenegg.com/egg-works/,benign,,2024-09-02,en,0.79359686
3c41be3c012dfb43f0ad2a9adf2c9747fbd703e7b95738dc07d2dec0bd3b9b2e,https://www.heavy-r.com/free_porn/mom-incest.html,benign,,2025-07-14,en,0.51625156
d6bac6226fa1b3813834f6af1cbee4f9f221fc0246f3678e31b7488bdcf18c6d,https://www.wmta.org/live-west-michigan-camera-gallery/drummond-island-ferry-dock-west-michigan-live-camera/,benign,,2024-09-24,en,0.6432496
0f0be0004324b63ec73295f52bebafd495f43f35020c7bbae17306cec57db620,https://www.alzheimers.org.uk/about-dementia/types-dementia/symptoms-vascular-dementia,benign,,2025-09-02,en,0.8693719
fbcaeaaf743b1914082b6ec14eab5ba2c5d4b7392e8234a757250f5fae1a5e70,https://oybjxc.sportsloan.shop/,phish,other,2024-10-31,ja,0.99986565
52bf941531ecef6e21af72565d2389b36b42963450de8ec6348d17e002f328ba,https://www.riversideca.gov/publicworks/sites/riversideca.gov.publicworks/files/webform/sb1383/Robinhoodhave24-7support.pdf,phish,robinhood,2025-07-29,en,0.8001452
f99ca504745a298ddf17736395f95590d01ff7f5f9815c3fbd146549e48aac2e,https://www.sailpoint.com/products/identity-security-software/identity-iq,benign,,2025-07-11,en,0.76923347
b5a65de7aad6e03fcdbe2773790de75b843d98107b8aed6af51f4f30e37b7bce,https://www.securitybenefit.com/splash-page,benign,,2025-07-10,en,0.7990218
09eb098c008a02c8ae0cb740172bd43dd354395397e44f16dc781ff72cd115ff,https://en.wikipedia.org/wiki/Merbromin,benign,,2024-08-02,en,0.62509763
b72d0f6968170f2b21568e219e573a8f8c79961e114bd3eae6c8133afec892c8,http://ff-exchange.org,phish,other,2024-12-18,en,0.44024223
e5e219211fa6f5a2165ab9ff09b7a8c954d35059923a029952e18079d54e52ac,https://ssaa3lopao.fra1.digitaloceanspaces.com/mc.html,phish,other,2024-12-18,en,0.75120825
e27ae1bc3d4783f0883a6683756e1ce0b36b10ca7d8cae1f0baf24e2f915c9ff,https://kylpg.libertyharknessblog.com/,phish,other,2025-01-09,ja,0.9996078
1fddcaf358b3f0380ce8dab62fa9002523ed4ad3a048fa088a253a90599c2227,https://webmlrecords.com/ssl,phish,naver,2025-09-04,en,0.9527619
45b0a5867b3855206a19126292a5200ecf335f465efe79e49c1276f55cce076d,https://auth-bitbuyyuai.gitbook.io/us,phish,other,2024-09-13,en,0.83865666
6d7187ac1f30d9547bf2e751a8a9613244ccb62b89eb4d2f84d6489f03815f03,https://business.verifycontactfanpage.com/olb/app/logon-web,phish,meta,2024-10-10,en,0.47360417
9826fdac38f38345354d391053eee9bc8b734c4f76adac22c9b2171dd40f8145,https://help-live-lwegerr.webflow.io/,phish,other,2025-02-28,en,0.9069997
6d104a0110d0dfbe957b05570d22c38aaeaed8292c2a4273407b9de3eba37ae3,http://residencepinetaverde.it/,phish,holiganbet,2024-10-09,tr,0.99464947
fd525c3df6222693b0bd6bb362cb0c216186b76c84e7df2238333c4d8e8a902b,https://sso--bitmart-site-auth.webflow.io/,phish,other,2024-09-20,en,0.4944412
03a463fc0b96a0e4532235996d654c08762892d390480c89cd330c067137dd83,https://www.facebook.com/iansomerhalderofficial/,benign,,2024-09-07,en,0.733259
ea947c4935e4da1f7d4c08dfb28fb31c8025273e7546fbd5b739d652cd00c8db,https://lledsgerlvlogin.gitbook.io/us,phish,other,2024-09-20,en,0.81398875
97c2e7587e19e4c2569256d4a3979ae0a9954b4b0600bd27f0d747dc1cfdc3ef,https://nedhardy.com/2024/10/18/historical-photos/,benign,,2025-07-03,en,0.949922
27fa8f20e45d1d780fe4ec9c3086531dfccba790da7c6006869643c5cfb5ab5c,https://office365marquetteedu.weebly.com/,phish,other,2024-11-22,en,0.7506198
358e55fb9c2b443572a31ed8e2e7cd27372cb5048c3ad5f655329b4120f186a1,https://www.makeuseof.com/what-is-microsoft-365-copilot/,benign,,2024-08-01,en,0.89414585
1308fc88a776e1ce405676a0839a1e4c0fe0bd2f521e2945ca1b457d4b9d8c1a,https://www.investopedia.com/articles/personal-finance/050515/purpose-social-security-form-ss5.asp,benign,,2025-09-04,en,0.9013164
541acc94751f931253fc9e8edd808de213c6850742568b4e236aa0a58eeb3aa9,https://gt350clone.com,phish,other,2024-07-16,,-1.0
5013dff95f9953253f2488a1dcbb0b38efd275e60e59b62523721a1cf50f9978,https://www.reddit.com/r/askphilosophy/comments/111pp57/tips_for_increasing_critical_thinking_skills/,benign,,2024-09-14,en,0.90646017
5398c750ab444a6a0e8fcbda5fde4943ad3e9a3b685d0caa290cb46931f63494,https://www.medicalnewstoday.com/articles/323138,benign,,2025-08-13,en,0.90949464
3531d45f3ea19435301a6f4ef88db2780a31ddaaefcb4d1b7af7ca6dcde7d53e,https://www.netflix.com/watch/81616252,benign,,2025-08-17,en,0.86269516
c3ec8086ca5a5496ea493794c93b01e099a3414a57d056afd58dad782ec2054b,https://www.accountinfo.com/systemsandservices/controller.asp,benign,,2024-08-09,en,0.48077956
a0e0c927c00ea7294d2aa52c5f7c489d52ce996c1992841330fae5fc59b28da3,s0.2mdn.net/sadbundle/13979823925543201731/index.html,benign,,2024-09-05,,-1.0
28021aaea0f591df44359ad58422ac07e32b59db663b94272e20e8f08350e7c0,http://logicalis.org/,phish,other,2025-09-04,en,0.82391554
06da2d32c51373ff3f9a4bd15bdd7a6ed53979768c14404cbb777d873104a312,https://usps.com-tracktzs.top/update,phish,usps,2024-10-28,,-1.0
f3cc214cada257200807f45075d4e98c0abf034a6f69d6a36d571226daebffdf,https://bafkreiawpjef6i2xahj4pf5gxnuhsvzewg3sglwwj6zxu242i6asa2oosa.ipfs.dweb.link/,phish,other,2024-08-28,en,0.91080993
bc510e932e42972814a61afee08f184a8eb2d362aae196cb047c18bdebc965de,https://docs.google.com/presentation/d/e/2PACX-1vRYmLuPJ_0QtwUFBbL_GdV2jn1s101djoVkHPmKjHeuDuYGkjY3xOQ5msjiFfxOFb6n4dODGlXZknhO/pub?start=false&loop=false&delayms=3000,phish,other,2024-07-10,en,0.79441863
b83ab267e99faf6bafe657e5a9cd17a1fd3209e3814d7934bee5ea4f8a478e45,https://hislopveronica697813.pages.dev/help/contact/406412601202803,phish,meta,2024-07-10,en,0.944806
c804f76cff4b9b8940978d91b2cc673190c6544c33bae6902ddfcade4cfe616e,https://home-103581.weeblysite.com,phish,other,2024-07-17,en,0.8933485
641cbf362f438f0808539dc64c28a9da9d0265f6ad6ff493ff36fc0f441566d3,https://medlineplus.gov/genetics/understanding/traits/intelligence/,benign,,2024-09-29,en,0.8605071
a6ee36cec03a6dd08f1da33f157350ac53c0de38c6ba352ec7db5f0a2da25ef3,https://www.ilgiorno.it/lecco,benign,,2024-10-05,it,0.9688707
f126ee45408dccc8413d8eecf12aea4772f36ae343cfd82afa0cd94516dd2219,https://bnimidamerica.com/en-US/bniconnect,benign,,2024-09-19,en,0.85803884
c1ba547fac907c2ee80f97153514a0b4a2ab483c8ad6dab04e88f8b60484cf41,https://pub-8bf9615c7fdf45a19ed6e93335a29359.r2.dev/index.html,phish,other,2024-07-16,en,0.44447875
7e1f28312025564884e39eaae17bab6e5357001d9387de3cfab7053b49c39d2a,https://www.merriam-webster.com/dictionary/segue,benign,,2024-08-25,en,0.8603228
f462993fb162763013b1f05e81a793e0c71e86bca0bf08d0e26f2eed7673f5c4,https://metax-tensui-on.gitbook.io/us,phish,other,2024-10-07,en,0.8102372
f615ea9e5246e03a18f04c5eeeef197827bdfb745350fd221bed66aa8be6dd63,https://www.neworleanssaints.com/team/coaches-roster/darren-rizzi,benign,,2025-09-06,en,0.8356328
2df75f5ee1316bd26ac8f087076aa1c9040ae0ea24c1f0e9779926a98e443df1,https://www.nta.go.jp/taxes/shiraberu/shinkoku/r3_smart_shinkoku/index.htm,benign,,2024-09-27,ja,0.9998976
9fd196060e9e3561e8ce32628c4de2760aaf471cc1b177a7140548b65f5b3b3f,https://intersaversfin.com/payments,phish,citadel credit union,2025-06-23,en,0.8636439
e70bcd492a4fcaa784418ecc31a8db74aa3b09d3d14284b45e3fcffb17f912d9,https://app.cetus.zone/swap/,benign,,2025-06-30,en,0.6702181
a45462e8d927b068f4ec622c156ebd84a2cbfe50564f7bea5b0635b3dc4c4c00,https://www.wordhelp.com/scrabble/dictionary/,benign,,2025-07-29,en,0.7137063
253588558c0f26a5ef1fc91e1a41fb0b4a825c5ce948aaeb86b9c67c8402ca42,https://soodaryan.github.io/spotify-web-player-clone/,phish,facebook,2024-07-13,en,0.90159273
2bab9ed8f5add6425bafab9215be55277647c72059501a9a60067759b01d55bf,www.miltonkeynes.co.uk/news/traffic-and-travel,benign,,2024-09-26,en,0.8842591
678b022c46507bcebded98beab6fd44601b14ba5379cbe6152e0dbf61e7dc172,https://roifroikazehoi-9431.vercel.app/mixcc.html/,phish,meta,2025-01-28,en,0.91580683
a767d36485fe7cd52cdec2b5aa4d933cb2ad189e2f211efd5a0f2e5813aac1db,https://snip.ly/pdpd80,phish,at&t,2024-09-17,en,0.9022955
8319c3af76d6f841441fe688632148f7d5766f4c134985d883cda616358e1056,https://www.wslhd.health.nsw.gov.au/,benign,,2024-09-26,en,0.74138916
d91632992a43e40240fcccfba49734a5eef0a70877f1ec395f4acd28d51a6f18,https://lesbify.com/videos/mature/,benign,,2025-07-31,en,0.59821737
7a3db5cb0916a672ac0531fd9b11f635e205efa95f9bda24f21bce09bb0e9635,https://docs.google.com/forms/d/e/1FAIpQLSfR3gOzm0aDuDIeTgvYaNxNxUVFMDtLiA78lYCapbZHeq1Geg/viewform,phish,other,2024-07-10,en,0.88619334
c61c2da8c0510381361ab294cbd9f83e1c22e9691211d8eaabc564f40c32d997,https://allegrolokalnie.pl-12343124.shop/,phish,allegro,2025-02-05,en,0.6105281
29abc00cbdb11b7d635425eeaa12bff73a2a110c8f44c3ab821150e696567dcd,https://design.archive.us-east-1.oortech.com/testt1.html,phish,other,2024-07-10,en,0.7892199
8a91e03e8e1712263d51e88a89ce3180fc1754d3d56abdb2b80eb20ad7f0ead5,https://5ffgffgg4g4gh4.blogspot.co.il/,phish,facebook,2024-10-07,ja,0.1496051
d46faa425b85691c4c4699d9f3d83fec63234647490f7d9f1348a1243ed1eb52,https://www.arcteryxpg.bet/,phish,arc'teryx,2024-11-03,en,0.20471577
082657e954556baaeb4e9a81767246c391ad30a4d09564be6ddd7c84eedef1ca,https://www.corpnet.com/blog/llc-vs-pllc/,benign,,2025-06-30,en,0.9073876
46d983f7d5cceb01eb43a40d1e14fa8958ad58df01e53ec52329ff08f9b0281f,https://yugreiquijouje-7855.vercel.app/mixcc.html/,phish,meta,2024-10-30,en,0.91580683
5aa58034d3fec7ac5a1fed0de8ba3ea0601ed33781dee666dc76adb59f24e147,https://pub-36ad049151b04226a162484932b2fd71.r2.dev/31mar-y.html,phish,other,2024-07-10,en,0.7688834
7c99899b5e95179e5306fd98a83a40b5df99f95222823560c52c901bada19af9,https://s0.2mdn.net/sadbundle/795579227293472314/washington-trust-bank-hold-deposit-b-300x600/index.html,benign,,2024-08-31,,-1.0
e662356af9919bde04d09a1f6f7d33492e772655a3c4a5dab3330fc941159faa,https://m.verryspcenter249.com/help/contact/450437755249865,phish,meta,2024-07-10,en,0.944806
42580dd4c650afd61a5f3a92354dd7ffffb5f87d31f86efb697c3d98694c213d,https://trezeurapps.gitbook.io/us,phish,other,2024-07-19,en,0.90101194
281b40d80062c6563d26f50d09edfa33798895d5bf4b7077cce401a1836a6a89,https://www.sterkfamilylaw.com/what-happens-to-firearms-when-people-die/,benign,,2025-07-05,en,0.9316498
6962a6a564e7ee9fc46d5dc193ee5e87c4a83e239e326a179b1089cf3f8750cc,https://prd-medweb-cdn.s3.amazonaws.com/documents/womensimaging/files/ultrascreencorrectbrochure.pdf,benign,,2024-08-08,en,0.8802287
84d05ab9473adeceea76a90a351fcbd091a62a2c4701cb9cad7ccdea7f555106,https://mocoshow.com/2024/01/22/loyalty-bookstores-is-moving-its-silver-spring-location/,benign,,2024-08-09,en,0.9221877
744c32c7557316fd218cec36ff86c4c9079238b07dc6f546bab18c2ebf7d0a83,https://www.howtogeek.com/264181/what-is-the-aboutblank-page-in-web-browsers-for/,benign,,2025-07-03,en,0.8199818
4e3a06c7c3ad58f527b769541df7b831371778effcdeb4bad62e569fb40433f0,https://resourceemployment.com/pages/the-evolution-of-dei-trends-and-priorities-for-2024-and-beyond,benign,,2025-09-07,en,0.8983857
80b2ff35ee163dcf66d6756781becfea50773eddf8d57f1c87213cde59c8d44e,https://docs-brigetrzor.gitbook.io/us,phish,other,2024-10-05,en,0.8993909
e476f692af440fde7c674f6b87ae563ac7c3335cb3df7b87a0115ae81ee40b55,https://help-metaasmsk--logiin.gitbook.io,phish,other,2024-07-24,en,0.8409312
eab5404364b8d4219603409f8e209d2eaac4a59169823cb8ce63c991b0b1b051,https://www.fixr.com/comparisons/tile-vs-laminate-flooring,benign,,2024-08-16,en,0.88842636
e90ee789f9d5f6bba82dfd920f8073a890eff0a87b01b14e6553935973e9ad73,https://app.procore.com/2983602/project/home,benign,,2025-07-02,en,0.85902643
b661857a5303923d960624aeada31a4f0dbd97552de4671136ae80e5b0071ee1,https://www.tn.gov/health/cedep/immunization-program/ip/tenniis.html,benign,,2025-07-15,en,0.66288155
5058138a72f36dadb590ee7873bcd5da4ffeb1d01e9d53a4acfd86355b93901f,https://home-103711.weeblysite.com/,phish,other,2024-09-07,en,0.8229149
535bc21509c5cf050e843b7acae102ecfb01ca50c7a66b31e99bf02544255e9e,https://www.youngminds.org.uk/parent/parents-a-z-mental-health-guide/self-esteem/,benign,,2024-08-20,en,0.952103
626626967e5f84e4fc5064358a20306a6ca0a4b360064e75b555787386eceb82,https://www.spglobal.com/marketintelligence/en/news-insights/latest-news-headlines/fed-likely-to-cut-rates-again-this-month-as-2025-view-grows-more-cloudy-86639995,benign,,2025-08-03,en,0.80082685
646e9ac8d4e0eb5fac32b30fc7de0458d5d96bd08cb12eb546e14c59fa0bb890,http://dickssportinggoodsdirect.com/,phish,other,2025-01-06,en,0.7126818
79865341070ae3a3a23a0fc590a490637f954a8d93d61938c4c080010d1e0381,https://people.com/love-horoscope-october-2024-8721195,benign,,2024-10-07,en,0.9119154
6a6ffd0eec6a705f43f3cf87a3cc1e84c55b5c617a0a9e08ac396d52474e1c3b,https://www.xvideos.com/tags/rule-34,benign,,2024-08-25,en,0.45582342
11ec235e01cd28492b1a02281f9275374238480a5684e1580332e0f7545e3543,https://en.wikipedia.org/wiki/Alaska_Air_Group,benign,,2024-09-07,en,0.83732677
1ec061a842eee56598429f3cb6d14cd1742d2e780af49fd2d6050dd7b9ec4754,https://homepage-metamsk.gitbook.io/us,phish,other,2024-09-17,en,0.8414789
145d29d3054bd92b655c82e2559150138fa9f6851b31a87a7747bf40ba8e4dd4,https://bizwind.co.jp/blog/business-efficiency/sharepoint/,benign,,2024-09-14,ja,1.0
aaae157ba99a7d33530224e0997c86fc7775c0e1d10a2958cb13466f8e245907,https://www.linkedin.com/company/bank-of-america-private-bank,benign,,2024-08-03,en,0.83037937
b74e4f82e893edf39e6636fdca9238e2deee2129fd53c25d1590924ce30aa0e3,https://midlandisd.tedk12.com/hire/index.aspx,benign,,2025-08-23,en,0.87579465
08d1fb858f1b4cbb431beaa1bd5e72ee3e4b453505cf4293686d85f947362675,https://www.nordic.com/omega-3s/,benign,,2025-08-21,en,0.92019194
ae3b1448df011d0572204b73b9a7049ef6ad4c31458457739549ee4fde7e1b60,https://app.tradervue.com/dashboard,benign,,2025-09-07,en,0.9536685
93673ab28024fbf75663c5958a8624e6778241234011b263847bdf7aad9bef6c,https://www.statista.com/statistics/276506/change-in-us-car-demand-by-vehicle-type/,benign,,2024-08-13,en,0.869678
677bb8ea953db140c335ec8b75a4e4afc31e0266a138a3b99c38e962ba601d32,https://obnovlenie.webflow.io/,phish,other,2024-10-07,ru,0.43177515
7604187436beff90a863ce92eb2ea0cdd58976943427e7e20d0d0891e8926f32,https://host.nxt.blackbaud.com/fin-reporting/chartorganizer,benign,,2024-09-04,en,0.8862481
7dbd55bc8ff089741b51830109f60aeb0dec3402f729c9c2d2cd9cba5e5abe3d,https://shoutout.wix.com/so/c5P1hRIg6/,phish,other,2024-07-10,en,0.7767293
6846473cc58584c6b0183889e0dd5b58537907814de4e48e954d6ebe7b17c417,https://www.churchofjesuschrist.org/study/manual/gospel-topics/kingdoms-of-glory,benign,,2024-09-22,en,0.8895431
935042935bd4132ff4da7ea7d30765e45d9e5d3b961960a4398e483a3ed76dd2,https://pub-21c884f4185d4edab04434d00584ab27.r2.dev/index.html,phish,other,2024-07-10,en,0.44531953
2d88d92204512cff07393554e8bb0c0b27632bce37ebc01368a7a4af8e04ef5d,https://exodoslogin.webflow.io/,phish,other,2024-09-28,de,0.35520315
3975c7a34a3a8f1a358685fa70c3c26f85b881fcf4cd22cbd2a49a21571b8b4a,https://search.hloginassistant.co/,benign,,2025-06-30,en,0.49348927
157ec94e07518885df20605c125e0f710a8468cb47c23c48661054b765e2643a,https://psosftsa.buzz/i,phish,other,2024-07-11,,-1.0
748870653b35a11448dc712baaa32af566c6ac2153c82482d517826ead6f5c7d,https://www.southeastchristian.org/churchnews,benign,,2025-07-01,en,0.9112538
83156a458b3e4f0878dbaf57254206993ba9d399b05b51a14f40f5ebfb5058a7,https://www.tripadvisor.com/Hotel_Review-g53806-d7355037-Reviews-Camelback_Resort-Tannersville_Pocono_Mountains_Region_Pennsylvania.html,benign,,2024-08-12,en,0.96621096
1b3cac39f1e60f04b79d5fba6a744aebcc769715e04bca6aee12148615abb920,https://www.opentable.com/metro/seattle-restaurants,benign,,2024-09-02,en,0.8786131
c82ae662c665585d7016a2d13fd0d8c2ee9ef7ba910b658c726d96fb258e2a0b,https://www.businessinsider.com/kevin-costner-christine-baumgartner-relationship-timeline-marriage-divorce-2023-5,benign,,2024-08-12,en,0.96832913
cc80761d8dda1ea83b3e95ac5056409f73c7c0f40f17ab60f2bd185e7da865b4,https://shokz.com/collections/wireless,benign,,2024-09-21,en,0.82178116
3af77611336bac6eaa83c1d6ae9284e8bbc64a41a150055a69f3c9c1d5aee0d6,https://emedicine.medscape.com/article/1260663-treatment,benign,,2025-07-07,en,0.8687368
3a409d247ad087e2831e21d37ec0578b3b3ea28d0e79be74d3f4ca34e3151189,https://deuba-aktivierungshilfe.com/,phish,other,2024-11-19,,-1.0
73d3978d9aba96880c9a0681242c3c96ae5d9773063e40977b5baa2b944de18e,https://findcaresecure.anthem.com/,benign,,2024-08-16,en,0.9035978
3b2a61e61ed69089e2de0fb6909733def08322fa97e30a1eea4c28f6139f5848,https://mondial-lockers.com/,phish,other,2024-12-04,fr,0.97558796
bf288c9bfcced1716c098a4e963eebe08412d0754ee5bf7575fb9cfb26d81f1f,https://partner.cloudskillsboost.google/,benign,,2024-08-06,en,0.8937974
316bb8ecbb617919ea5c304c1cbcb1a9f1ad20addeea4db4fd97ff46f5007d54,https://arelmultiservicios.com/tl/redirect.php,phish,swiss post,2024-07-30,nl,0.2391177
eca5c78b4fb13a9823889abbb4e44687986c2378d51fba695b2b0cba609b2d35,https://www.ice-gay.com/884721/andolinixxl-dominates-french-whore/,benign,,2025-09-07,en,0.6558727
fd429411c82bb237eac3c5b6b65216d45f43f22646e8d00ea8211ce2b33e9e8f,https://www.letswinnow.shop/facebook/,phish,facebook,2024-08-06,en,0.5779697
3fa3d94af6f8a670e69f2301a74914397818ec5e1053e163d4498c29c778a45d,http://rdr-centru.blogspot.nl/,phish,netflix,2024-09-09,cs,0.93807364
926666d8aed7b92485e568e339a1fbb9cc439426889fdd79d1f5a6ba7b22841e,http://usps.packageposttrack.top/,phish,usps,2024-07-24,,-1.0
0fd38f0e7488a170e5d21d2f5b5c1699f4adcb2c8ff88e2c772ef587d6122e2e,https://www.yahoo.com/news/joe-biden-granddaughter-naomi-biden-233227171.html,benign,,2025-08-23,en,0.9198464
2bff47bfd23d2670c2b9ed2ae4ed1b760ebc333c01e7a7f03afb02a35848a73e,https://phantomzwalletb.webflow.io/,phish,other,2024-11-29,en,0.25138974
7f4b3fc01a5e803187ea571ecf866d51c9ab1499b74e250512900b834312df03,https://www.swinglifestyle.com/profile/index.cfm,benign,,2024-08-26,en,0.97071123
cc5dee4da548f8a99daf3902d7535f429e26edd108bff846152275fedd8e006a,https://start-ldgeer-aauth-ledgeg.webflow.io/,phish,other,2025-02-27,en,0.62787944
0866fc61d067c328a78d7b81836ccf756d56909442c4fb988f873b0b60c800b0,https://news.yahoo.com/news/trump-plans-york-press-conference-150621393.html,benign,,2024-09-07,en,0.95489496
8409909d5fffa9c9cf6c8be395d25976cf3b77f180e7258bbdffce120a597788,https://www.pro-football-reference.com/players/K/KincDa00.htm,benign,,2024-09-27,en,0.6986639
597a515e86f178e8ee82e7a5d6c7412a8050a067806f0a861bed13b550de1c8b,https://bandbroaadmail.framer.website/,phish,other,2024-10-29,en,0.5522651
360db9382b5923cab3b63fa4672c7f0240eb533a3429d4d1291d2ac34893ef9f,https://page-support-notice.cfd/contract/61550225559851,phish,facebook,2024-07-10,en,0.93963176
f299bfe3d411ae7621991940b6fd619d47e94fb2ad12261228a7ea56906634fd,http://meta.com-case78346.com/help/contact/130734535001701,phish,meta,2024-10-19,en,0.944806
6604d353756d374866e2477c392543e54ec820da9f78c3f4143ae301d8c2a45a,screenrant.com/orville-show-why-halston-sage-left/,benign,,2025-07-05,en,0.91402394
29c6c6b72b24205a0c01ed04b968b26e801326c8ace79c52b1da4114e7699452,https://tools.pdf24.org/en/ppt-to-pdf,benign,,2025-08-02,en,0.7310175
65f1e3c836044cefb31fa4a950f8c4caea9c38c4115f69c7dd5eb6625c268cc8,https://www.facebook.com/MaggiesFarmFillmore/,benign,,2024-08-13,en,0.5797783
5916bb9b2bf76a93811ee0b4598586b0790bd77abb72ff4c837a5aafb28c08a7,https://kenko.sawai.co.jp/theme/201912.html,benign,,2025-08-16,ja,0.9999957
40f7ff3adb74ccd90a9ba364e565c0abb8899bcaa16404bc8865fd88d7fb439f,https://get-official-verified-badge-ten.vercel.app/validation.html,phish,facebook,2025-01-08,en,0.9430474
d19bd01cfd2c2e15974587beeaeea7eb11fec9fdc474f32e79029d766680d034,https://thednageek.com/the-hicks-babies/,benign,,2025-09-02,en,0.9856222
33c2a50bb2cf357f3e2831f0e5208baba54f2d4b31a21adb82c7468ddb3b99c3,http://caesarscasino.club/,phish,other,2024-10-29,la,0.26142922
62280f88efdd81f7e54d5847c1445c5edb49fb85a3171d0328b5edc21721863d,https://fanpla.jp/fanplus_news/detail/892,benign,,2024-09-27,ja,0.9970203
d8d90360c2fe5b76dc2175ef4763d63116d6bd7dd2e08698b8d71a15c0f1573f,https://auth-auth--kucion.webflow.io/,phish,bank of america corporation,2024-09-28,en,0.8382774
e173c5b8df2aee72081ab48cde3144c91059407b0806f690e0ad0dc647941075,https://docs.zoom.us/doc/AiwxYL0dQaCqhZ6Mk7O5uw,phish,at&t,2025-06-21,en,0.63885343
1b848f18b0a990446111bed8a6df1f189971ec1f290e9e9b2069288494fb7c72,https://www.radiotimes.com/tv/entertainment/reality-tv/the-traitors-next-on-bbc/,benign,,2025-08-20,en,0.91283184
59a40f07b6c3bfaa38fb26d75421d6e42d03461289d953bdc6b1c6c5a1239de0,https://www.tiktok.com/@themoneymichelle,benign,,2024-08-08,en,0.77605
bbf8a849e15b9f1821349146282aa1e4ccf127c0f18a0a5aa108ce9a6b8d21c9,https://woodcareproducts.ie/the-ultimate-guide-to-miele-vacuum-bags/,benign,,2024-09-05,en,0.9193103
663ffc49653d1f95d401040c29e79905f6f57ffa3f96a73992edf2796555e9f9,https://sfm.illinois.gov/about/divisions/fire-prevention-and-building-safety/ast.html,benign,,2025-08-27,en,0.89973086
b1e9928a1058176270fcdcb8f9116d5aa648c3df7739436cc0cb5281f85707b8,https://docs.google.com/drawings/d/1ozCcHpeK_YYws4M-3v65_glGhfoHXoi8-SJjkY_RFfw/edit,phish,other,2024-07-10,en,0.7840007
60c78e41a060fd8caf3d4e09025495051ec2bcd2cecdfbbbf503f2711056aff3,http://codashoop-free.plerkuda.my.id/,phish,facebook,2024-07-10,en,0.9396362
d768a70d7094f8ac9236895fb834e557b450fa965817431fa1ca307308045095,https://www.michaelpage.co.uk/advice/career-advice/job-interview-tips/how-answer-what-are-your-salary-expectations,benign,,2024-08-06,en,0.9289309
776531c7464891d281eb3dda89d591abf76562797fb3bb9521c40e590011cd2f,https://www.hp.com/us-en/shop/mdp/laptops/pavilion-15-344522--1,benign,,2024-09-06,en,0.8211147
e53bb3df90a4f371d68024421786ffa304d6ec3472db5afbe1532ec6c9f74141,https://leafyplace.com/dwarf-conifers/,benign,,2025-07-09,en,0.87100035
b5a6aef2c5eca4cbfaed807b29b4e4344cfb033d01bf8ff8ae7da4e5ab7bdf2c,https://www.petfinder.com/search/cats-for-adoption/us/ky/40517/,benign,,2025-08-06,en,0.569866
ee096fc8902614455fdd4b3c5b66cdd546c135dcd716ba5f672910c40f935414,http://kiwibankco.info/,phish,other,2024-10-23,en,0.6668899
3afd3e9005e146b64197b7f11f97d77e2f38d977c597efd057dd0b5a41a9da8e,https://www.nfl.com/players/james-conner/,benign,,2024-08-19,en,0.9060233
95394ee6a6100cc0d7688f8e6b90b110f71ff4122a0c69364cb508e43625eaef,https://chiropractorinoviedo.com/blog/are-chiropractors-doctors/,benign,,2024-08-03,en,0.928042
1a07aeeb11cb0f3fc8e8d003b157757bae43097e4850be2325c13b595f1314a3,https://finance.yahoo.com/quote/deck/history/,benign,,2024-09-18,en,0.858207
ca388e31040b511400fc68cb0a24ade3c9e75be2e9eccdecce273cad5a7c12f5,https://tjmaxx.tjx.com/store/jump/product/14kt-gold-hoop-earrings/1000983095,benign,,2025-09-04,en,0.78661346
ce02402edc54e4ea786fa4dab9df33c7eda0cd12ce6bf601b21cb09867808ad7,https://www.tescomobile.com/help/getting-started/setting-up-your-device/swapping-your-sim,benign,,2024-08-31,en,0.8482168
a96b501ecada95755e04601bd63b64f018eed75fef4980be41a2caad81003136,https://www.wunderground.com/weather/ca/mackenzie,benign,,2024-09-01,en,0.78586316
0c5e98ba95d80bd773620431c35d55ea5a62ee535a98f2ebc686ba380b4f4d7b,http://170.205.31.135/,phish,facebook,2024-10-02,en,0.5779697
3b45686a9b17c8420e140ce2bd9920978ea313517ccb3223604f7ea9ff0d3b06,https://www.marychapincarpenter.com/,benign,,2025-08-16,en,0.477168
c2a14c2ec2f8acfe0f9af9ad16b49961a5a2b5d62482c86ebb39cf59045462cb,https://www.solereview.com/comfortable-dress-shoes-for-men/,benign,,2024-08-27,en,0.9008108
c2b801266462b8022241dc5940d5e7e21dc5678b141ae2a20ea35e070c53add2,https://www.rackutean-bank.top/taxes.asp,phish,other,2024-08-01,ja,1.0
71e8c5d1240f7a6bae34ee9613bb8011bf6a8943e30602e72015e62d15ec7fd3,https://americanvinylco.com/,benign,,2024-09-07,en,0.9355993
33b91feee98fa8199dae3ab1f8be0ef606d6abc53e0290bb929218129cb06a82,https://www.t-mobile.com/devices/new-apple-iphone-16-pro-release,benign,,2024-09-24,en,0.7141957
7e32fda65337b7755579acd155237d5019b7af941fb98f65bf77825018aa8382,https://www.justanswer.com/laptop/mva76-windows-10-will-not-show-full-screen-anymore.html,benign,,2024-09-06,en,0.92903686
93edea9e2597312728486c32fc669989adb86972ab975d9b8010ff47f74599aa,https://whastapp-5g.com/,phish,whatsapp,2025-07-12,en,0.13446243
fc9d12f6bf72952df132c2e532a96ad486013f1f609b86e1a080f9c02e60861a,https://www.serenewestern.com/collections/rings,benign,,2025-08-21,en,0.77367103
dadea6faa14eace154b4773405c9d99fe5464339cd25d4f57bfe09fa1df6f60b,https://tomcat.apache.org/,benign,,2024-10-04,en,0.82974714
870923fa7d47c4b8aad12890f8419323872f97be2f9ebcd0a084ef78fe85afb7,https://www.freeagent.com/glossary/close-company/,benign,,2024-08-16,en,0.85397834
f8fa08a701280602f18017c2eed7bf9a9b6b39eec96ae54f1f1ce6fc2f54e3a2,http://aslbpxjjt.duckdns.org,phish,other,2024-07-19,,-1.0
f73cfadca1aea0c04c9bede1da1dabd51a5e64011427a5a677e1a374b7e03016,http://www.riot-stake.com,phish,riot inc,2025-06-29,ko,1.0
0b8b6dc531f3db8c4586ce7032e9197f613aa41818b199825c3e085f4709e537,https://mhjv.nyccards.shop,phish,other,2025-01-23,ja,0.99930876
0cde72690df5337c496e98ebf7856ea2e48f5438d68e3d5d91c18a4624cdd98b,https://lirpe.vercel.app/,phish,instagram,2025-07-12,en,0.8060819
5a4c30953539bda0b4039012d9c963cc040c611c3382478731f2c204e9fd7d61,https://www.schwab.com/costs-of-investing,benign,,2025-07-04,en,0.88528043
41b70d9208c85c1dc34552a60e784b88d74fcb333e18dd59ae1425a124fe4e0c,https://krediterhalten.com/977b124c869f,phish,swissquote,2025-01-09,de,0.9995753
b77d782df2dce004adf8b92d3f0341ead60b0e0502dbcd2e9f34363dc692b6c6,https://www.facebook.com/mohegansun/posts/mohegan-sun-was-the-place-to-be-last-sunday-night-as-3-lucky-winners-walked-away/874852094674847/,benign,,2025-07-07,en,0.86613744
cc6db20502cf94bd263b9994fd76a0579aa145f6948a658a48d0ba955d3d7ebc,https://auth--robinhood-sso.webflow.io/,phish,other,2024-09-13,en,0.86162794
e076828dabaf16e5849347abd02ced4f48fd300c545ee0903d91391a2c29537d,https://en.wikipedia.org/wiki/John_McLaughlin_(musician),benign,,2025-08-19,en,0.9126991
a4b19a727e0e788b7c1245ac9efa381a66773bcd125cff24b33248bd94b9c14d,https://www.adb.org/where-we-work/mongolia/poverty,benign,,2024-09-08,en,0.8059171
08ec158bf14abd71fa826a24c350bc915c201de2901a0427b56f3d2199679478,https://gumnilogen.gitbook.io/us,phish,other,2024-09-27,en,0.91303724
9e84d220dfd23f0f71faeee13fb8e21e8d6666b299df2aefbbe02b4868b6b781,https://cfspart.impots.gouv.fr/tdir/dec2042.html,benign,,2024-09-19,fr,0.99413043
1423565ad73dc5fed17bb618b38e3f7ea46ce4faad0ab63a519f6206bf5c7699,https://zibuo-a.opedon.top/,phish,meta,2025-01-05,ru,0.20503156
788328859431ede80e7ce1c2dba0c7adc1aa15d7e080f8a50bbf25d34a39fa42,https://www.parents.fr/accouchement/accoucher/les-imprevus-de-l-accouchement/le-point-sur-la-macrosomie-foetale-916373,benign,,2024-09-26,fr,0.9944486
7c5d3cb0f005427ea2e04d8c179c22f72623396a6c653d31bf041ec6554a7596,https://gemininlo-ginc.gitbook.io/us,phish,other,2024-09-27,en,0.33119097
b72cd830b2f2f086a1167226f0109989e9eef4c0fe7849b3c68fec55815b8788,https://www.ld-swisspass.com/qZWN0cy90YWxh/c993ggc/login.php,phish,swisspass,2024-10-14,de,0.986469
2f7ac6217a1f59729fbe2cd90f27a67c7bd886ddc5dfa574161dd9c000351841,https://www.scottjailky.com/Inmate_Services.html,benign,,2024-08-29,en,0.8634421
72b3ea331337792df36a3365f9a3fd7fafcd813e74a6aeb098bc399a46307188,https://www.envisioncumembers.com,phish,envisions cu,2024-09-15,en,0.9044641
d3c40f1b9e2a3fbe5de91d3fa7417b4c8cbe57d6b632544f0a217b86aedd447b,https://beckerlawyers.com/wp-content/uploads/2021/06/Practical-Guidance-Commercial-Real-Estate-Development-FL.pdf,benign,,2024-08-13,en,0.91079706
86ecfabd7a596b913b243d5b7c5edfb9b6fa0908a493804eacae2c73eb6aabb6,https://www.equian.com/wp-content/uploads/Equian_healthcare_subrogation_ebook.pdf,benign,,2024-08-20,en,0.83533645
c52aabbcc5158cfed4390d768c6fa8c2bd6896e76f64124c62a8acb4f02a8826,https://pgcps-md.safeschools.com/training/launch/course_work/1126eb76-598a-11ef-8069-9ec297abcf9a,benign,,2024-08-14,en,0.9292656
24a3f6415db5b368454a5e105748987f30612c3cbe39fa2fe6642d3b5500c08c,https://en.wikipedia.org/wiki/Anne_Bancroft,benign,,2025-09-02,en,0.75607365
05d2c5a92ae195bf987e3c5e0b00581d66724960c627498142613a977318df2e,https://docs.google.com/drawings/d/17rtiOMJ4SuRf2tJ0VDoGPE59FrUBicnaK8gT1Qp5w7k/edit,phish,other,2024-12-17,en,0.7787015
89e236213599e42452f7ee590ef4ac3104889572962b5fe637fe05a49754f54c,https://monurances.com,phish,nomura,2025-07-23,ja,0.9998219
3887067b05f6b5a66d25ccc3938fd3ed519bf6cce48d47e23db20e2ad29d15d0,https://www.ry.com.au/brands/the-ordinary.list,benign,,2024-08-08,en,0.74634695
4d3f7b0f51cb16920620efb12e35e60b1e27c8833c5abee88e7603b5ac6dbbc6,https://xhamster.com/shemale/search/testicle,benign,,2024-09-30,en,0.7252017
cc511e77646ef2ffccb4ecd6d56ed11ebfe8732e1a163b8e515552f1be468ca4,https://www.zamzar.com/convert/m4a-to-mp3/,benign,,2025-07-29,en,0.87069076
5c723bcafc4175b5bf1224b1f3ed58cbeb3741313ebd360ce875e6f64e1cffe0,https://www.nicewebshinsei.net/sagacat/system/bukken/list,benign,,2025-07-02,ja,0.9993998
4f4638ab35d4558a46081e5babef01654b6f49dc575f387cbc408e0498eeac21,https://www.youtube.com/@SaturdayDownSouth1,benign,,2025-08-22,en,0.87408715
213c36501b4936836d5138ea59f13797557a54a2e4c7a5c3730108596f20e10a,https://www.axios.com/2023/10/16/daily-wire-streaming-kids-bentkey-disney,benign,,2024-09-15,en,0.9396464
3cc2689b6a76b116cbeedfd526df005675ab77bb44cdc579b867637465e4bbd1,https://printerval.com/tiktok-logo-print-trucker-hats-p63281108,phish,tiktok,2025-06-13,en,0.7957985
e3e682800e8e32a5c2d934351c76b36211465af72f45b75c45bc5ebde6925459,https://www.geeksforgeeks.org/probability-distribution-function/,benign,,2025-06-30,en,0.8610136
2c71ad9cb88c24e9df47db9184b0f32728ad3308d59d1116d046d7ad7608ba6b,https://www.excel-easy.com/examples/profit-margin.html,benign,,2025-06-30,en,0.81233346
8e8a4b55f63ff6ac074d5f4666245b29b3c94713acb3c3708f0607dae9baf6f2,https://maiytamasklogin.gitbook.io/us,phish,other,2024-11-26,en,0.80888927
0e60fbedb5a50a37b850e6194819fa9c5d020f21833ebe5b23cb8c9ebe6ce7d5,https://www.pensionplanetinteractive.ie/ppi/login/loginflow.login,benign,,2024-08-20,en,0.9101518
6c1b29e3095e2c6373d52ff8fc9d346ae24b0db7fb7d4fbf8e4a86c83e5ab149,https://www.riskeducation.org/learn/local/scicpages/my_courses.php,benign,,2024-08-03,en,0.8591516
ee183d9b318b4f8d9cb0384bdf3462741d76b341689c9786f77756624ecb4263,https://comptroller.texas.gov/transparency/local/cities.php,benign,,2025-08-23,en,0.7815336
2a3578e1fc17c379c7939c13c6297e14bd8c21fa31a328adc05325116a8e1e94,https://mmatumaskwallet.gitbook.io/us,phish,other,2024-09-28,en,0.6803346
7a012baf297a2161c4053dfb80e7ff87be6c214e9f4d170af4ae90e6f76c6bc6,https://apps.microsoft.com/detail/9nblggh69k6k,benign,,2025-07-09,en,0.5738568
615187ff95d4d75fc210a79e8df80172cb04259f1dedaf0d03ef3da7d1f536bd,https://check-case-2058.firebaseapp.com/,phish,other,2024-07-10,en,0.88642865
bec840b54ebcac3b01cf6f9b7b64e6af48e44e3c2a53e4efd6c95d4f5965800c,https://b2c.zeiss.com/b2c.zeiss.com/b2c_1a_zeissidnormalsignin/api/combinedsigninandsignup/confirmed,benign,,2024-08-01,en,0.92754614
540b88634153c05168685e443e61f163c4f9e827469598ba7db0854ba101f154,https://web5mail-account107620.weeblysite.com/,phish,at&t,2024-08-22,en,0.8813307
7cdb15e02530335673a690f2e8ce7b336ceb5fe8d48dc6158b57f3aa83c6fd9f,https://help-metaasmeessk.gitbook.io/us,phish,other,2024-07-26,en,0.8386924
e27ccb9571324bb7059d8c6a765accea460c4c312f287376a527d70793eeae7b,https://www.onlinemetals.com/en/our-story,benign,,2024-08-09,en,0.9001473
261d3a90805c4b0791495ae957179ea3287e6b6502f9ce6a52ad2a86a5562112,https://www.upromise.com/search,benign,,2024-09-02,en,0.7910928
8ccef8f399eeae6c6279b7e37a877468223dac86b67bd78b03a05090f5e26429,https://prtimes.jp/main/html/rd/p/000000140.000082655.html,benign,,2025-08-13,ja,0.9999813
b3c320436edb3a927332cd9dca8536299dbdff145b9c25d570dac7c6443406e6,https://www.tandcphotos.com/,benign,,2024-08-14,en,0.8678899
9b0cfc6f9f97d998ef6c3eeb6641108f840b583fc593c42c14710e1d185d4fb1,https://www.carmarthenshire.gov.wales/home/council-services/planning/,benign,,2024-08-31,en,0.8758395
309824e86fb51dbfddaf125188164ea454f22f356ef36c276ae9ba44caedede8,https://www.cuisineaz.com/diaporamas/aliments-anti-diarrhee-1073/interne/1.aspx,benign,,2024-09-09,fr,0.9894708
5d25e0f35a92035f27b39fa21e5f45159d150d4b64964f1fe09eeedc9cfb7be1,https://en.wikipedia.org/wiki/Glossary_of_German_military_terms,benign,,2025-08-12,en,0.84114164
9ea866e4e75816a079990203cba2d5953a6a83d35f507ea1d70a58d7f9b242ee,https://xhamsterlive.com/urlillshy,benign,,2024-09-15,en,0.68881506
6a6ffd8c93e1f164df077164af94be50cb589bb539fb629a4c66470b57f77102,https://privacytrackersocialup.vercel.app/wx2SY%26Zf5tgaKQszasE%26mwzeFe3LSb1%3D887LF%26CVmHk,phish,meta,2025-01-23,en,0.91683036
a9daba4aca61b2669ec3afe340340c5df8f55f16d8e22b098d9af18cc972a5cb,https://www.growthforce.com/blog/a-quick-guide-to-nonprofit-surpluses-and-deficits,benign,,2024-09-07,en,0.93044317
0e44a4bc35615a690ff815fc0f214f94058278d2dc35ac65c4533afcdc32d963,https://metamasketxtenseion.webflow.io/,phish,other,2024-07-10,en,0.9051834
5f3d335ebec028d8355510bf5abab2af17a8ca12948f7d89b4fc340f4a70dbe2,https://www.saberhealth.com/news/blog/health-benefits-of-pears,benign,,2025-08-25,en,0.89754
4e48937c028fed06b1abd351bdcfe3cbe271a5719223b91e93ffa1b494a8f05b,https://a.adtng.com/get/10013808,benign,,2025-06-11,,-1.0
33f77a365a9ec8fa54b850ea77bb2c451ffc8b49cb35fccda8b713eba4fca3d9,https://www.trackyourparcel.eu/index.php,benign,,2024-09-12,en,0.5563978
129afb3cee2dd0c4baced1253b742e1a8030512cadf69bc8102769498d11afc2,https://pphuntimwall.gitbook.io/us,phish,other,2024-11-29,en,0.81742126
02491e823f91658386e2645d9113c5824cf3f9b04732abeaaf5335460fbddecc,https://apps.nec-enterprise.com/nec1d/r/apex/workspace-sign-in/oracle-apex-sign-in,benign,,2024-08-24,en,0.8287167
6118f54a6ca04f88e07de2bf94f399a9df9c71662ce569cd312f0701fd22fcc9,https://www.bossard.com/eshop/ch-de/advanced-search,benign,,2024-09-07,de,0.87524456
